x,y,classe
43.672512,-16.184895,positivo
-40.330517,31.115896,negativo
-35.549675,33.798485,negativo
36.83134,-17.403025,positivo
14.681682,36.19084,negativo
-28.220497,32.094204,negativo
11.969795,-24.453997,positivo
42.58874,-14.231847,negativo
-21.908773,-5.769943,positivo
-52.386044,-25.312586,negativo
40.10023,4.5004907,negativo
-27.44828,-17.105307,negativo
-22.306,-30.447685,positivo
11.441603,-19.156277,positivo
-49.9909,-23.01465,negativo
-34.84262,-0.23852791,negativo
-15.8126955,27.917286,negativo
-18.615393,52.30359,negativo
14.508666,-37.563072,positivo
14.350758,-6.0991006,positivo
-25.985128,36.648468,negativo
-6.999437,27.064808,negativo
20.773336,22.379194,positivo
17.447815,28.403917,positivo
36.84231,-1.3653204,positivo
43.807198,-11.337105,positivo
-20.404808,-27.667574,negativo
18.363943,-39.62343,negativo
-23.094345,-36.505825,negativo
-18.438244,-46.832073,negativo
23.597263,-31.805109,negativo
-13.703397,44.199158,positivo
-11.937859,17.254066,positivo
4.2815056,21.348558,negativo
35.19389,2.687554,negativo
-9.191821,-15.895954,positivo
-18.126898,-43.169025,negativo
21.698463,48.50389,positivo
-50.863205,-20.255186,negativo
5.8827534,19.178467,positivo
-10.624877,1.4368567,positivo
-37.70303,24.880592,positivo
-5.193217,30.077402,negativo
-28.958084,-31.21213,negativo
-10.93683,-8.994509,positivo
38.573364,9.012895,negativo
-16.932104,-31.258139,positivo
-44.92954,1.5107075,negativo
13.434026,-4.2048373,positivo
-28.040558,31.020504,positivo
7.5121875,-59.034363,positivo
19.715115,-17.392311,positivo
28.486464,-1.913013,positivo
-25.65311,15.46723,negativo
33.154465,22.337826,negativo
43.112026,17.813438,positivo
-31.407341,-23.797628,negativo
-26.82248,48.494045,negativo
-23.38743,53.0339,positivo
-8.542188,-14.6166935,positivo
53.019596,-19.800322,negativo
-18.437609,-48.0243,positivo
21.62152,37.875153,positivo
-16.16508,-33.322292,negativo
-10.060677,-17.809319,positivo
43.50271,-6.770415,positivo
-16.236353,-10.885509,positivo
-34.76396,-10.7180395,negativo
42.464367,-27.163889,negativo
27.798454,9.207857,positivo
-19.919754,6.88466,negativo
-10.115292,-40.808586,positivo
28.585962,14.3248005,positivo
-14.169437,-48.21812,negativo
-20.23674,-29.536736,positivo
-18.247005,-28.350079,positivo
-15.710846,-18.260216,positivo
34.187054,-4.235727,positivo
11.814493,-9.400029,positivo
-23.622952,30.566923,positivo
-27.3082,31.431631,negativo
9.521399,20.211552,negativo
17.562054,2.0614722,negativo
45.17038,10.666804,negativo
2.4119952,-64.518936,positivo
25.193707,-3.6162925,positivo
-13.20057,-17.800299,negativo
-23.035341,10.114778,negativo
44.754883,12.644485,negativo
45.673943,17.613556,positivo
-43.997894,-18.367737,positivo
50.574417,2.5502245,positivo
-9.942977,-17.818937,positivo
-4.157153,33.30954,positivo
-6.1412115,0.8420223,positivo
-2.4805398,30.41575,positivo
19.389742,37.096638,negativo
-13.719343,-24.582727,negativo
-23.04992,31.406872,positivo
3.8438032,-1.7698681,positivo
51.588455,7.7287655,positivo
-7.4740787,29.252792,positivo
10.958912,-6.9576216,positivo
-2.1268213,-33.488358,negativo
29.590631,-12.254855,positivo
-33.577858,33.26485,positivo
46.052937,-14.381541,positivo
29.464035,-16.365522,negativo
-49.252,-25.105011,negativo
18.321218,24.061928,negativo
44.34813,7.428741,negativo
19.11522,21.597038,positivo
-6.3584514,23.433428,negativo
8.726189,35.507717,negativo
19.650764,51.195168,negativo
-17.605019,7.741896,negativo
18.746548,38.183628,negativo
19.516243,-21.960522,negativo
11.91466,0.71572024,negativo
20.391064,1.6185675,positivo
28.472363,-21.027414,negativo
-8.458317,-36.5719,positivo
46.550133,14.804368,negativo
24.099741,-10.114772,negativo
-12.630904,-9.217759,positivo
-0.9477696,-20.923512,positivo
31.48458,-34.600758,negativo
-38.530914,40.827053,negativo
23.985014,-5.156554,positivo
-26.898848,-7.037066,negativo
-22.902147,-8.16659,positivo
-19.75558,53.145786,negativo
18.135433,-23.73666,negativo
-21.097527,4.872929,negativo
21.495657,-10.169817,positivo
18.439295,39.369366,positivo
-30.814922,-27.283747,negativo
-5.264075,-33.518143,negativo
-29.781265,42.016144,positivo
29.402046,-15.361075,negativo
-15.141511,-22.336931,positivo
-28.080276,-12.664241,negativo
-15.278165,-0.7618453,negativo
-4.22953,22.773138,positivo
-30.884058,9.927063,negativo
25.820135,-17.910141,positivo
45.173183,-30.138128,negativo
-51.89999,-29.259462,negativo
5.5389757,-62.433502,negativo
5.752784,0.36907193,negativo
-27.630955,42.87157,negativo
-19.465775,3.552759,negativo
15.5935,4.4549603,positivo
-16.10497,35.192772,negativo
-28.925219,30.251146,negativo
-20.356142,46.536907,positivo
-4.4805126,-31.899597,positivo
5.1494036,39.6239,positivo
-12.94345,-5.625768,positivo
47.157875,5.129284,positivo
-23.370255,47.30345,negativo
3.9370377,-22.463335,positivo
-13.065917,8.067736,negativo
26.691471,-9.806838,positivo
17.147057,-7.3244348,positivo
-26.496025,-29.31582,negativo
-27.219236,-11.043525,negativo
-10.232406,-15.255578,negativo
-40.712154,6.6377387,positivo
-10.4790325,3.7698596,negativo
-39.202972,-21.965115,negativo
-34.43403,39.31121,negativo
7.4687915,-61.881332,positivo
-13.399838,16.620298,positivo
25.414782,45.6716,negativo
9.817682,-45.910763,negativo
11.175295,32.068634,positivo
0.95009404,-27.140152,positivo
-31.968264,-45.12875,negativo
38.502842,-20.63656,positivo
-18.704453,-46.417152,negativo
3.338166,11.64272,positivo
-7.846676,-16.590237,positivo
17.5585,-4.8023133,positivo
18.358873,39.535614,positivo
50.252476,5.0516386,negativo
24.230888,-29.13881,positivo
-47.392437,-13.238845,negativo
-8.867009,-14.891127,positivo
-25.269918,-47.940308,negativo
-33.41901,4.859262,positivo
50.023743,11.469596,positivo
17.064411,48.022583,negativo
-43.771187,-32.7755,negativo
32.53042,-16.209063,positivo
17.685219,44.92225,negativo
-18.779242,4.2928667,negativo
-14.35194,-16.718502,negativo
-24.702515,26.417236,negativo
38.726513,-13.735395,negativo
-6.426407,-19.840672,negativo
53.716343,-15.58224,positivo
-14.9968195,-15.689348,negativo
-36.482006,-24.681932,negativo
-3.9901369,2.9373465,positivo
-47.447575,5.7275014,positivo
-52.171402,-24.125679,negativo
5.7627387,12.775787,positivo
28.856153,-24.636774,positivo
31.790298,-27.00778,positivo
29.324432,-6.1899743,positivo
-30.66057,42.15658,negativo
-11.358798,-37.992123,negativo
32.08616,-4.558633,positivo
4.4645505,-35.002094,negativo
-5.8612003,-6.3988924,positivo
7.989168,-29.186586,negativo
50.154896,-14.073331,negativo
15.081367,1.9450103,positivo
-31.54313,7.1481824,positivo
43.03896,-31.662928,negativo
-7.228846,-20.353128,positivo
23.923769,51.07944,positivo
-32.87456,31.057354,positivo
-11.962038,-46.006012,negativo
-21.669794,-37.073208,negativo
-31.03985,-32.127018,negativo
-26.278818,4.423365,positivo
-50.60594,-22.794134,negativo
19.614082,-36.148556,negativo
-26.461939,-3.622618,positivo
15.059619,12.178783,positivo
35.344723,1.7302072,positivo
9.453247,-12.97562,positivo
39.24107,15.166124,positivo
-28.5731,-40.854103,negativo
-16.235163,50.097427,positivo
-28.861288,-43.175346,positivo
-11.989804,-16.611364,positivo
-14.775615,4.2298756,negativo
-25.263123,-14.258046,negativo
0.49279046,-43.950775,positivo
35.26521,3.3928213,negativo
-29.153475,-12.941294,negativo
-35.046574,-19.364351,negativo
1.2275195,-18.178644,positivo
34.296837,6.8765087,negativo
8.998442,-62.370083,positivo
8.20274,23.538279,positivo
23.505085,6.9908686,positivo
-40.19212,43.07482,positivo
23.512333,44.853943,negativo
0.9356348,22.165356,positivo
-14.334903,46.33017,negativo
4.8929524,-28.771177,positivo
24.64411,51.71515,positivo
27.779173,36.294907,negativo
27.51193,22.384874,negativo
-55.667233,-22.845133,negativo
9.818103,1.2062627,positivo
21.578455,-9.551773,positivo
-20.254227,-28.594313,negativo
-28.414265,11.980693,negativo
-16.822908,44.15922,negativo
-35.076054,-32.918736,positivo
56.464237,-11.771336,positivo
-56.631577,-24.770992,negativo
-28.741583,-19.359613,negativo
-14.587178,50.184437,positivo
-8.137157,-9.484526,positivo
17.574064,27.11411,positivo
-14.473291,-36.14889,negativo
-31.540245,-40.404366,negativo
34.95044,16.327888,negativo
51.73137,-3.7393641,negativo
-37.62171,-36.06326,positivo
13.224984,39.58948,negativo
-1.161774,31.191565,negativo
-27.685966,51.91002,positivo
-24.8292,50.018555,negativo
-36.475197,2.5212498,negativo
-24.586239,52.193375,negativo
13.993269,41.53114,negativo
-38.11485,-3.3044708,negativo
-34.518215,7.090838,negativo
54.49937,-7.5509124,negativo
-27.248417,52.527954,positivo
11.670357,21.357355,positivo
49.028603,-0.6587109,positivo
31.161346,3.6088374,negativo
-44.94987,1.4061887,negativo
-12.107023,-34.480972,negativo
-25.122728,-14.608573,negativo
-25.130604,-17.920826,negativo
36.693726,1.6670301,positivo
1.1165231,-25.90689,positivo
-38.738766,-14.503771,negativo
-27.312595,-45.36877,negativo
-27.047552,45.431854,positivo
-34.704372,-15.853148,negativo
-37.181465,24.588022,positivo
21.350563,26.358685,negativo
-12.2594385,-14.219017,positivo
-27.473125,37.94371,negativo
37.96167,-2.2526736,negativo
-33.397236,-23.695286,negativo
-22.645287,-32.764854,positivo
19.227526,36.793495,negativo
14.055929,26.90861,positivo
26.366941,-18.9424,positivo
49.177074,5.322767,negativo
-7.730789,-23.6158,negativo
33.875137,-20.75898,negativo
0.6227762,-1.4644997,negativo
15.990461,-28.858137,negativo
39.70552,16.733685,positivo
8.438246,-19.055744,negativo
30.634869,-27.594625,negativo
3.437249,20.094242,negativo
-33.579216,-9.813017,negativo
-3.1351423,0.3573391,negativo
-22.513254,-12.986905,negativo
-9.833302,-17.270435,positivo
38.699375,-10.562286,negativo
7.1912475,20.334295,positivo
-41.006725,-16.81728,positivo
-20.052538,55.27516,negativo
-33.453575,4.7123284,negativo
10.423495,-17.672424,positivo
10.696269,21.810795,negativo
-34.992165,-11.917644,negativo
-31.188478,-8.861679,negativo
21.887806,-5.906925,positivo
-8.047107,-7.732295,positivo
-35.795776,48.957336,negativo
21.016054,-18.813915,positivo
17.501541,-4.693506,negativo
-24.07544,-31.976116,negativo
-24.286951,52.6094,positivo
-2.6624737,-32.615574,positivo
-46.990303,-12.721563,negativo
-38.354206,45.5408,positivo
-8.049833,-49.688225,negativo
8.318725,-11.173211,positivo
-30.510199,-45.434277,negativo
25.911919,-31.389112,negativo
-9.206238,26.37237,negativo
-11.023875,-10.868886,negativo
-26.816858,50.045933,negativo
14.122101,42.348454,negativo
-22.093166,-39.04998,negativo
-33.345505,4.6516814,negativo
28.94099,7.6431046,positivo
-32.421803,36.54431,positivo
25.252739,-33.305214,positivo
-28.403038,-15.106874,negativo
29.796762,5.176744,positivo
-10.1385,-44.89613,negativo
-34.581387,0.08984749,positivo
28.81415,-21.277983,positivo
-1.6796726,-34.46334,positivo
-7.9579115,49.018013,positivo
-41.59727,0.3822866,negativo
-20.791084,42.684776,negativo
-13.544523,-32.775276,positivo
9.627041,-20.988413,negativo
11.20462,18.998137,positivo
-40.46309,-34.47246,negativo
-17.304502,-3.8326106,positivo
-24.892036,46.228783,negativo
-3.7139275,23.289236,positivo
-20.53772,32.273205,negativo
14.500428,34.09767,positivo
-26.263893,-45.315483,negativo
48.91534,7.02098,negativo
33.637047,-27.219456,negativo
47.875816,-12.51577,positivo
-21.826826,56.7581,positivo
16.347523,38.043243,negativo
-44.883305,-9.242422,positivo
-15.105015,-45.097317,positivo
10.495282,-6.3298035,positivo
8.714718,-60.575066,positivo
-24.75081,-45.135845,negativo
4.6880693,-33.551304,positivo
53.46608,-5.257448,positivo
-26.01542,30.561361,positivo
-7.5387535,-12.716049,positivo
45.476044,18.487804,negativo
8.079791,36.539852,negativo
-32.11158,-17.552504,negativo
-30.810022,-21.787762,negativo
30.114645,-22.908508,positivo
-34.33652,2.229982,negativo
-53.27774,-17.392467,positivo
-5.7559724,14.42489,positivo
-9.560692,-20.824766,positivo
9.68048,8.095315,positivo
22.419514,54.10788,negativo
48.521263,1.355051,positivo
9.659272,3.1205797,negativo
-19.312853,-44.32478,negativo
-10.403979,-32.633457,negativo
31.514292,15.523452,positivo
-6.416172,61.1639,negativo
37.313087,22.959927,positivo
41.543922,-7.4856653,negativo
12.848543,-25.2053,positivo
48.196957,-0.5209506,positivo
-24.547909,29.606018,negativo
23.867874,-1.1566447,positivo
4.0302324,-26.005283,positivo
-17.930925,-21.827065,negativo
-10.591945,-8.523532,positivo
44.268013,-25.531887,negativo
17.704206,-16.738699,positivo
10.724085,-59.14558,positivo
2.5329201,-30.571865,negativo
-25.209936,36.383923,negativo
-0.4916835,36.20407,positivo
47.241264,-17.127113,negativo
-19.106697,53.100704,positivo
11.55152,7.3516173,positivo
-41.13496,-5.439445,negativo
-38.52819,-14.638257,negativo
27.365496,35.798885,positivo
7.2542987,-21.094011,positivo
26.084375,2.854265,positivo
-11.137901,-40.50622,negativo
19.944967,-3.4748206,positivo
-5.7069864,24.225832,negativo
-10.680871,12.066273,negativo
-22.789179,-35.17636,negativo
3.7493677,32.936707,positivo
21.694807,35.13867,positivo
-31.812078,-23.935244,negativo
31.002954,-22.627184,negativo
9.068359,-9.314466,positivo
-14.476725,2.266492,positivo
41.88329,-10.639134,positivo
32.26951,-11.057561,positivo
-29.542124,52.479355,positivo
28.817839,-10.279562,negativo
-27.393309,46.243088,negativo
16.056158,35.49538,positivo
-5.7170887,-20.696587,positivo
-23.01066,53.9726,positivo
8.822789,38.890896,positivo
-33.631893,2.1958475,positivo
50.758144,-1.8953168,positivo
47.072678,-28.659313,negativo
32.23541,-16.158873,positivo
42.251453,9.917849,negativo
-15.724734,-6.5556655,negativo
-3.3765802,-27.135487,negativo
18.804096,36.009853,negativo
-36.64027,40.542534,negativo
-19.457134,55.344803,negativo
7.4444532,-62.5315,positivo
26.735926,-21.551683,positivo
10.599593,28.131311,negativo
-53.38181,-12.864795,negativo
35.968952,-21.28615,negativo
33.536297,-7.755135,positivo
47.457565,-8.807497,negativo
-28.960783,35.00377,negativo
-18.81769,-7.35988,positivo
-23.731857,-38.249123,negativo
23.849297,-31.3558,negativo
-38.202423,-20.738298,negativo
41.113697,-15.968632,negativo
30.901096,-9.968778,negativo
5.2259364,25.36128,positivo
-29.076258,-6.8934193,negativo
-22.792526,31.278677,negativo
26.801657,-21.778698,negativo
-17.574482,53.37914,positivo
-6.961589,61.121628,positivo
16.653751,-21.589052,positivo
5.8711524,2.8065875,negativo
20.458326,-0.6303474,positivo
-8.745301,-21.331083,positivo
12.428132,29.066805,positivo
-7.94025,-7.600872,negativo
24.089046,51.42005,negativo
31.277103,-24.281677,negativo
25.507921,-5.5969048,negativo
-21.343168,18.953953,negativo
-5.0700984,28.160725,positivo
-55.245285,-20.991987,negativo
51.860237,-5.2044716,negativo
25.321081,-25.228413,positivo
-18.735464,-13.359784,positivo
26.817495,-2.145208,positivo
-1.5451959,-4.7169504,positivo
3.5901968,32.842007,negativo
49.3392,8.200345,negativo
28.114878,2.8260002,positivo
-47.856743,-23.859213,negativo
-2.1506298,-19.123552,negativo
51.179836,-0.79884595,negativo
-37.50505,6.948055,positivo
42.041348,-10.898251,positivo
-42.751335,-29.05132,negativo
6.967607,-2.268558,positivo
-19.338642,28.178696,negativo
-16.394632,44.21989,positivo
-9.119463,-37.477863,positivo
18.104649,-15.061264,negativo
9.846393,31.443913,positivo
-6.356301,-2.5796354,negativo
21.651445,-24.188984,positivo
37.98439,-12.102088,negativo
2.2705288,-10.515731,positivo
-23.106068,15.069258,negativo
35.320187,-19.216024,positivo
-0.25962433,46.064327,positivo
42.151592,3.3480346,negativo
40.504627,-27.802208,negativo
-35.94711,43.501568,positivo
-9.596091,-19.838745,positivo
44.85002,-16.734732,negativo
-25.152899,51.245132,positivo
8.029568,-4.608814,positivo
-19.323427,22.035618,positivo
39.8952,1.511417,positivo
20.065725,37.367912,negativo
-19.724241,31.713364,positivo
20.1493,-3.7949152,negativo
-29.358088,-12.690555,negativo
-37.312393,-8.515101,negativo
31.000269,-26.522081,negativo
-24.045837,55.994965,positivo
17.504015,26.581068,positivo
58.796677,-1.8468921,negativo
-24.03787,47.988922,positivo
-10.820883,7.9296145,negativo
8.344314,-6.4469695,positivo
-33.50209,41.312355,positivo
-8.57731,10.6651745,positivo
19.705317,33.46973,positivo
-5.675946,-3.363764,positivo
58.622387,1.202526,positivo
38.882195,-7.5040245,positivo
42.776176,-4.1421313,negativo
33.438454,-7.5549707,positivo
8.200473,-4.126265,positivo
15.779222,33.100315,negativo
-14.152056,48.715763,positivo
16.934546,39.346363,negativo
24.219362,32.87859,positivo
-11.5216,-25.358902,positivo
1.1252495,-6.0839996,negativo
-17.91985,-42.56495,negativo
-5.9951105,-17.00271,positivo
10.148822,35.469734,negativo
-22.846317,48.855053,negativo
29.092012,-24.227936,negativo
-43.301895,-22.112625,negativo
33.03442,22.045973,positivo
24.370571,-1.46095,negativo
-19.37977,28.284681,negativo
30.394156,-7.997946,positivo
-14.978716,-20.116182,negativo
35.567665,-18.256035,negativo
26.97734,52.571243,negativo
-47.53949,-31.311365,positivo
38.953587,-14.916652,positivo
-7.071066,-19.877174,positivo
-30.567516,41.30952,positivo
33.165783,18.39408,negativo
-29.85515,51.555622,positivo
30.325703,12.571543,positivo
6.6342716,-4.1966286,positivo
-27.60453,-45.00285,positivo
31.553509,9.546049,positivo
37.921787,-12.081447,negativo
2.5604324,-24.70617,positivo
25.915087,-21.762419,negativo
50.92575,16.25361,negativo
-16.945524,45.520164,positivo
51.08666,3.0947695,negativo
33.768997,-16.147984,positivo
-29.735737,44.867775,negativo
19.681025,51.479977,negativo
6.6080513,-58.78886,positivo
45.36302,18.037588,positivo
4.488273,-0.77652186,positivo
31.77736,5.417865,positivo
-11.181485,-28.11332,negativo
-26.750935,43.965813,positivo
-36.7882,46.464848,negativo
-32.54023,45.99239,negativo
-10.592346,-15.07199,positivo
15.652852,28.189583,positivo
-4.70368,-23.354599,positivo
-30.335546,50.266296,negativo
22.22674,-15.701286,negativo
-10.312964,-44.813923,negativo
42.31613,-24.313278,negativo
60.6409,7.0863485,positivo
-1.6978297,32.214157,negativo
-40.272717,-18.582571,negativo
22.742472,51.898174,positivo
23.113468,49.69997,negativo
-24.33868,-12.31897,negativo
39.701916,22.879978,positivo
-45.050922,-12.426898,negativo
37.63155,-25.154823,negativo
12.029869,-13.66712,positivo
-14.927669,-28.520931,positivo
47.353294,-20.190784,negativo
22.41879,43.897026,positivo
-23.349615,35.42547,positivo
6.5627003,3.0405529,positivo
36.59592,9.776328,positivo
-1.8519144,46.69081,positivo
-15.6458435,-19.047365,positivo
44.499725,-25.529587,negativo
-28.218441,-43.233627,negativo
-34.52514,37.13583,positivo
-0.4113528,20.008425,negativo
12.88938,42.693764,negativo
-27.94478,-47.75135,positivo
-5.788351,-11.604799,negativo
35.3995,-7.0177603,negativo
-25.345865,-24.744852,positivo
-9.218018,-0.40074968,negativo
-12.393643,-45.580055,negativo
-40.46561,38.76893,negativo
-6.8378954,26.964813,negativo
-17.760572,-14.394405,negativo
6.7952743,10.053694,positivo
28.460705,-8.457324,negativo
-12.111089,-42.13618,negativo
-36.835407,-29.117731,negativo
-23.389286,40.160244,positivo
19.279526,-33.509697,negativo
24.200163,10.083347,negativo
-36.29101,-20.930403,negativo
20.072283,37.417866,negativo
-16.441881,-26.76902,negativo
-30.107033,-29.687227,positivo
25.46854,-5.4053855,positivo
19.125364,28.495651,positivo
10.875643,19.855305,positivo
-19.435423,48.04793,positivo
23.706984,24.286598,negativo
21.682005,-28.207272,negativo
-4.0116997,-15.867149,positivo
41.17855,4.025435,negativo
-29.280241,32.538807,positivo
-19.51668,43.587227,positivo
24.482567,18.438961,positivo
-40.471966,38.73663,negativo
-29.144606,-7.2703376,positivo
-0.4558114,36.666092,positivo
-30.124125,-29.402794,negativo
9.278274,38.95571,positivo
-35.147865,-35.30811,negativo
-51.823696,-22.080538,negativo
6.3293715,-3.9883437,positivo
0.67724043,-23.885557,positivo
8.9115715,-62.294804,positivo
-34.83426,-29.918474,negativo
41.294945,-25.300982,negativo
3.4162269,1.9106369,negativo
6.6187634,-57.870045,positivo
46.195786,2.789716,negativo
48.992294,-7.4615946,negativo
-33.23814,-17.29511,positivo
7.545567,-4.437573,positivo
-16.83477,48.296684,positivo
-16.59375,-48.18294,positivo
23.044237,17.323483,positivo
44.36981,-25.440208,negativo
-29.94171,32.402637,negativo
27.543066,-15.595024,negativo
5.744471,-61.05855,positivo
-17.417534,10.989923,negativo
-13.585209,25.696955,positivo
-1.2315373,2.2651153,negativo
-30.005846,-20.010145,positivo
50.181244,7.046754,negativo
-20.998442,-17.81742,negativo
-9.521031,26.490759,negativo
24.102343,-20.091387,positivo
-26.584564,-44.09507,positivo
28.050787,-2.9950778,positivo
43.06724,-18.833513,negativo
11.203213,-59.092293,negativo
-27.710094,49.21457,negativo
-29.602474,-45.575897,negativo
30.727839,32.22375,positivo
-16.510078,39.746742,negativo
-33.649822,-21.461704,negativo
23.519472,36.165894,negativo
40.954304,-20.544447,negativo
41.065796,-10.830745,negativo
36.611053,9.835889,negativo
-38.0498,29.27853,negativo
-2.632244,18.60568,negativo
-25.581886,-9.3039465,negativo
21.3526,38.833195,negativo
20.736584,15.583107,positivo
-25.368994,7.675245,negativo
50.22479,-12.384261,positivo
42.148518,3.5654385,negativo
3.0290678,-14.200977,positivo
-32.68562,37.55356,positivo
3.8539045,-22.224915,positivo
6.583467,9.853256,positivo
12.816999,-25.272543,positivo
-23.531693,50.8861,positivo
18.392324,-39.603317,negativo
48.41387,4.245636,negativo
10.201062,-20.884417,negativo
20.522171,53.19812,positivo
-31.120598,47.651108,positivo
-20.029226,-16.810257,negativo
-25.610945,-28.779093,negativo
6.0045485,-57.887077,negativo
-39.21376,2.9968424,positivo
-18.793816,50.263313,negativo
-40.603676,-34.194584,negativo
-39.317284,-24.330708,negativo
-32.42909,34.57062,positivo
36.58678,-11.657521,positivo
9.807022,-60.711174,negativo
19.19777,-9.73877,positivo
-12.733476,-26.24481,positivo
-22.559229,-10.227213,negativo
-26.492243,-46.692753,negativo
-7.9224086,-49.74146,negativo
37.98023,7.004654,negativo
-10.35417,4.009672,positivo
0.4248709,4.037337,positivo
-26.696802,-17.15229,negativo
-7.4209847,-38.386414,positivo
24.346579,37.59649,negativo
7.5166044,-63.831116,negativo
-1.6996204,-4.8585305,positivo
-7.3526106,4.527551,negativo
7.376814,6.6814733,positivo
29.672003,-0.4823582,positivo
9.096589,-57.433647,negativo
-26.559343,0.15127495,negativo
3.5683806,35.09963,negativo
6.2330446,-61.26569,positivo
-27.930838,40.94879,positivo
52.51597,0.5572737,positivo
21.709007,51.61344,negativo
16.446093,-28.700964,negativo
-10.360096,-37.526505,positivo
25.193132,9.791326,positivo
19.228334,49.383976,negativo
-30.602953,35.877827,positivo
31.120537,-30.981152,positivo
-18.572737,-48.570698,negativo
43.792698,-16.104038,negativo
-5.362568,44.3581,negativo
-54.314316,-21.345894,negativo
56.100445,-2.7328098,positivo
19.730862,36.609688,positivo
34.19987,-15.429596,positivo
-8.019556,-21.846111,positivo
39.55499,11.04831,negativo
-35.247887,-26.357502,negativo
56.673603,1.6378434,positivo
-37.144333,37.06756,positivo
7.362211,32.524715,negativo
-17.600409,-3.7720158,positivo
6.468606,-14.57509,negativo
-23.688772,-16.253931,positivo
8.965742,21.489943,positivo
19.503658,26.94485,positivo
45.20155,-19.378937,negativo
-3.5118532,-4.7130127,positivo
7.529701,-31.780554,positivo
45.074047,1.2002543,negativo
14.621967,-6.116765,positivo
37.95116,-14.590258,positivo
18.732962,43.470364,positivo
31.7626,7.1847954,positivo
-21.357967,47.855293,positivo
21.283817,-17.564423,positivo
-21.870266,5.304207,negativo
-23.073078,-36.529152,negativo
46.090176,-24.033276,negativo
-3.2259312,28.692492,negativo
24.427649,-29.000902,positivo
42.28613,6.59593,negativo
-19.384342,50.557957,negativo
-40.458515,31.128305,negativo
19.141443,46.376385,negativo
27.360693,43.424805,negativo
9.940003,12.987092,positivo
-15.979786,-14.542479,negativo
-11.741291,-3.405683,positivo
-4.46872,-8.869948,negativo
10.304336,-26.651037,positivo
-6.167202,14.767915,positivo
-18.718813,58.473953,positivo
6.8631372,-41.110836,negativo
-6.3181868,-13.257209,negativo
42.18551,7.8257666,negativo
-16.677616,-28.714262,negativo
-4.1714196,-15.817764,negativo
19.452429,-13.646086,positivo
12.858046,-25.560099,positivo
-3.7945452,22.939081,positivo
-40.392082,8.315994,positivo
-6.6420727,-2.9175835,negativo
41.13562,-1.0746518,negativo
-1.3276955,-26.492525,positivo
-37.02205,-4.67639,positivo
38.664963,26.498777,positivo
9.094696,11.81167,negativo
-2.1093805,-18.231506,positivo
16.162073,55.206062,positivo
-10.786623,-13.090889,negativo
-20.36363,47.020546,negativo
20.167274,2.4323416,negativo
-18.844604,51.362495,negativo
15.498026,52.35607,positivo
54.744762,-5.8871894,positivo
-17.69144,-26.0787,negativo
19.455006,9.034888,positivo
30.93911,-13.616069,positivo
-19.20703,3.6793034,negativo
-2.4583292,30.209105,negativo
-18.06614,-35.024593,negativo
41.52982,19.257244,positivo
54.68377,10.610477,positivo
36.930435,-2.638105,negativo
7.9496627,-56.748272,positivo
-36.579014,4.750041,negativo
-40.391876,31.75335,negativo
41.11446,21.94896,positivo
20.388844,45.71994,negativo
28.547718,14.368464,positivo
-23.597889,-26.70024,negativo
-24.434628,23.608843,negativo
-7.484395,-41.802277,negativo
-42.663956,-2.7103853,positivo
-35.933193,-12.08987,negativo
-12.91965,-19.457254,negativo
-11.473231,46.04996,positivo
-3.7327986,13.285778,positivo
-12.780648,-19.9297,positivo
-11.364479,-11.227892,negativo
8.034016,41.962276,negativo
-22.815355,-14.623818,negativo
9.725392,-7.354968,negativo
12.246994,45.234318,negativo
-28.650204,47.953377,positivo
-37.436382,-26.59151,negativo
32.857056,26.246038,negativo
-5.653342,28.58711,positivo
6.79759,6.353157,positivo
-48.77665,-21.1027,negativo
5.4536214,-10.539979,negativo
-2.3465085,-24.247013,positivo
-28.348257,-42.734726,positivo
-13.12191,47.448273,positivo
19.433645,29.86733,positivo
-26.6067,-17.378654,positivo
-21.268612,40.318184,positivo
-19.089449,-27.111824,negativo
-20.895458,53.978886,positivo
-30.049871,-16.645563,negativo
-21.123877,-11.0950165,positivo
20.038666,-35.2086,positivo
-32.609436,22.849844,positivo
-12.612045,56.449505,positivo
53.048203,7.93001,positivo
3.4581933,4.497285,positivo
3.8062608,-1.840317,negativo
-28.804632,23.022514,negativo
8.798055,-18.697363,positivo
-17.281212,30.734154,negativo
18.570734,-0.6216199,negativo
52.540234,1.9098502,positivo
40.257423,7.587529,positivo
-39.504406,-29.002863,negativo
-39.21463,-28.649136,negativo
-15.273365,-47.801643,positivo
22.154243,-1.1699904,negativo
-10.635193,23.272543,positivo
-13.911319,-27.339466,negativo
2.5701687,-8.400165,negativo
-15.262513,50.091763,negativo
2.902892,17.48602,positivo
-28.591736,1.088728,negativo
21.171642,51.351208,negativo
9.094923,-47.96534,positivo
7.823514,45.609726,negativo
28.473553,-33.218616,negativo
-38.28962,45.8227,negativo
-26.38256,-15.918638,negativo
55.569187,6.940154,negativo
16.933388,-1.6572404,positivo
-3.390236,28.136835,positivo
-6.535145,6.286892,negativo
41.07642,21.987932,positivo
35.785835,6.775373,positivo
-10.090584,38.76141,negativo
-38.055294,40.87513,negativo
-22.132849,-28.990784,positivo
21.754173,51.860886,negativo
-23.330332,-24.303347,negativo
42.184444,16.569489,negativo
-15.2580805,-0.88570523,positivo
29.966137,5.231163,positivo
-53.398754,-12.813458,negativo
-23.94551,-40.66488,negativo
-40.90118,-12.370297,negativo
35.737305,1.1359003,negativo
54.12075,1.7938424,negativo
45.914806,-5.354986,negativo
20.368305,-4.79335,positivo
4.893421,35.41718,positivo
-17.148407,49.918987,positivo
-10.851471,12.025388,positivo
19.309206,-2.073686,negativo
-1.8654308,4.0989404,positivo
9.73877,-34.848907,negativo
43.738792,19.66138,positivo
20.291986,51.38807,negativo
37.636524,-18.357895,negativo
-12.3969755,-37.59124,negativo
36.969772,-18.220455,positivo
23.473457,-6.8501005,positivo
-13.921929,38.31937,negativo
-5.032439,-18.787197,positivo
3.4634295,-26.086386,positivo
-17.348577,24.963236,negativo
-40.536625,3.8261356,positivo
-14.002508,3.8483543,positivo
-27.25274,-21.993496,negativo
18.429571,34.01872,positivo
-30.424383,-5.4913893,negativo
-6.720749,61.119644,positivo
20.891418,32.2628,positivo
18.659761,55.21033,positivo
15.488571,39.667305,positivo
-40.043163,-35.088417,positivo
19.322659,-2.005199,positivo
-30.298246,53.756535,positivo
8.9061165,0.91676533,negativo
23.104734,-16.92813,negativo
2.8645658,7.0878444,positivo
52.42522,7.8688173,negativo
-36.994465,-16.256893,negativo
9.59995,6.9242773,positivo
18.613132,34.71516,positivo
29.961115,-3.998434,positivo
-42.3825,-10.405489,negativo
35.256218,-7.071388,positivo
41.073368,-3.288855,positivo
37.435184,-28.304438,negativo
-16.136944,-21.601048,negativo
-11.38232,56.345287,negativo
9.485462,32.85375,negativo
3.503341,41.075256,negativo
30.938002,-0.7363393,positivo
-17.94551,25.749084,negativo
44.801422,14.262299,positivo
-21.682384,0.9749805,positivo
18.83071,33.211113,negativo
-27.467196,33.870235,positivo
-24.998089,-12.4818325,negativo
-23.189598,-17.885603,negativo
21.380867,-12.223826,positivo
19.009022,4.91884,positivo
-28.916262,-44.152,positivo
-52.44643,-26.484337,negativo
16.643585,-32.25897,negativo
16.167887,-1.1216735,negativo
-20.204027,50.43356,positivo
12.567775,19.162477,negativo
37.564987,-8.070241,negativo
20.283215,13.069659,negativo
26.202665,6.5017147,positivo
24.022358,23.440115,positivo
59.19986,4.413019,positivo
-17.66502,51.74001,positivo
-14.681648,23.36422,negativo
21.683405,-7.149273,positivo
5.240091,-59.094063,negativo
4.40992,-15.774275,negativo
32.872078,-14.368832,negativo
18.758173,10.20439,positivo
-18.898252,11.771428,positivo
-30.60785,19.934511,positivo
-21.424677,47.643223,positivo
15.692063,-0.83439946,negativo
0.24578178,24.289055,positivo
50.601177,8.12159,negativo
7.0844035,26.143559,positivo
59.67707,8.441187,positivo
-37.274277,-8.211707,negativo
-43.473953,-29.059748,negativo
43.70653,-11.271327,positivo
-26.271069,53.639397,positivo
-19.308714,9.414919,negativo
45.646046,-24.80437,negativo
14.977575,1.9718801,positivo
23.921192,-19.4853,negativo
-4.017925,-8.640364,positivo
26.836601,18.66968,positivo
62.00042,4.446579,negativo
49.27215,1.9899313,positivo
36.96814,-9.456936,positivo
12.8303795,36.37594,negativo
25.658918,-15.957301,negativo
-41.31324,-3.1815364,negativo
-36.160515,-24.129265,negativo
8.553295,-27.116087,positivo
26.0247,26.564436,positivo
38.640438,0.79659784,negativo
21.46311,29.626219,positivo
-35.392174,48.838425,positivo
6.423053,-37.54803,negativo
39.79888,-27.543869,negativo
-31.892735,41.571262,positivo
-13.685754,0.88924295,positivo
44.35605,-14.04917,negativo
-34.86258,-3.9538536,positivo
29.267849,-15.035161,negativo
-25.914692,15.286525,negativo
-20.546984,-9.326235,positivo
-1.4049336,-45.103935,negativo
-18.581831,-15.472664,negativo
44.679234,4.167907,negativo
-30.03794,-43.39919,negativo
-30.13714,31.066206,positivo
16.311361,11.030283,positivo
12.1354885,32.873043,negativo
13.2439995,-10.573195,positivo
11.423502,34.617336,negativo
35.38472,-12.549711,positivo
-26.304605,36.525673,negativo
-22.913887,33.193092,positivo
-1.4311959,47.480057,positivo
16.102581,37.670155,positivo
12.454291,-17.28825,positivo
35.12386,29.565887,positivo
-37.643196,16.179892,positivo
37.37369,-26.684286,negativo
-32.147808,45.119545,positivo
39.866077,-4.817125,positivo
14.247341,31.184998,negativo
-4.8400598,13.950203,positivo
-45.488014,-0.4435532,negativo
18.9536,48.693256,positivo
27.42791,-7.517517,negativo
9.593848,28.661352,positivo
-25.222122,-8.287389,negativo
-28.943195,-36.18079,negativo
-27.473106,37.477123,negativo
27.27057,22.668375,negativo
-47.66831,-11.042638,negativo
2.8600032,-20.228563,negativo
16.577908,41.519367,negativo
-28.537642,33.825733,positivo
-17.022236,43.440273,negativo
-16.888966,14.865609,negativo
23.937946,-0.14014266,negativo
47.972836,-8.026413,negativo
15.934178,37.259377,negativo
-18.464382,56.27517,negativo
39.996456,-9.504466,negativo
27.16974,-5.24323,positivo
13.123577,31.270939,positivo
-10.47423,7.81497,positivo
-1.9374173,29.174835,positivo
31.267847,4.3360395,positivo
-24.554005,-16.871002,negativo
-29.034008,47.421947,positivo
38.30464,-0.4022844,negativo
38.154686,-15.958879,negativo
-35.67078,-10.975172,negativo
26.478003,49.82591,positivo
-54.63673,-25.029907,negativo
33.408287,-17.738792,positivo
31.033617,-3.3274868,positivo
33.95781,-30.205538,negativo
4.344528,-33.88312,positivo
-14.609835,11.090527,positivo
48.331345,10.522695,negativo
-12.279412,-19.072245,positivo
0.17267351,-28.523212,positivo
21.409529,47.171234,positivo
58.949947,-5.804028,positivo
34.696472,4.676593,positivo
-41.779644,-44.246666,positivo
10.513883,-17.697893,negativo
18.342403,4.6575394,positivo
-36.553562,-20.109068,negativo
45.461033,-5.6336617,positivo
-8.998158,35.12457,negativo
-43.1777,9.363518,negativo
51.364975,16.830137,negativo
-30.758781,-31.702122,negativo
12.254884,45.26453,negativo
3.0190089,-33.46463,negativo
11.694212,-18.810745,negativo
-19.975182,-16.494617,negativo
-27.142513,-21.14851,negativo
27.31444,-28.845028,positivo
-7.1896324,-18.262667,negativo
21.533468,34.395782,positivo
11.881707,4.606172,negativo
-15.597583,7.370073,positivo
-24.67248,51.345875,negativo
0.7565163,-61.499382,positivo
-6.405525,-39.158993,positivo
57.373947,2.6508727,positivo
-35.74597,-13.208996,negativo
15.052161,32.73367,positivo
-14.545141,51.156925,positivo
-2.8728943,5.0275335,positivo
-16.479893,-19.355644,positivo
34.213535,14.512328,positivo
-36.611866,14.695606,negativo
44.896687,5.547385,positivo
35.72213,-12.143882,positivo
38.252384,-32.47138,negativo
8.346149,-55.123604,negativo
-22.795614,49.639767,negativo
39.772392,21.002884,positivo
30.039883,28.874514,negativo
15.355488,2.2790172,negativo
-52.726578,-17.482563,negativo
-21.568995,31.785643,positivo
20.861242,-22.901316,negativo
50.73794,16.047651,negativo
-40.660515,-19.398493,negativo
-22.509087,29.66197,positivo
26.862295,6.8491416,negativo
38.37756,1.363358,positivo
-34.850403,30.808954,positivo
37.097782,-30.034288,positivo
25.270237,-23.103874,negativo
-36.302303,49.930893,negativo
-38.845272,42.27989,negativo
15.090499,38.42426,negativo
-26.906061,29.227425,positivo
-29.095469,49.352394,negativo
-36.504944,2.4167364,negativo
6.4044275,-6.1714873,positivo
-33.974667,35.71335,negativo
6.3124347,-53.61458,negativo
-23.034714,16.194763,positivo
38.546017,5.7189217,negativo
-9.436752,-9.254185,negativo
-32.616783,-10.649044,negativo
8.585353,40.971928,positivo
-27.288809,8.988579,negativo
18.112192,18.061068,positivo
8.469364,-24.366688,positivo
12.467157,33.662186,negativo
-39.527283,5.7697763,negativo
11.593945,20.511238,positivo
29.685873,-2.5620205,positivo
22.234997,17.776686,negativo
13.764968,41.543015,negativo
-15.915554,34.79477,negativo
10.62853,-57.646244,negativo
62.205032,-2.3524797,positivo
13.732877,30.146809,positivo
12.22822,31.1963,positivo
21.56074,15.066926,positivo
-0.70817053,11.710216,positivo
32.829277,12.919592,positivo
-14.317496,13.258115,negativo
-9.858139,-5.4216933,positivo
57.03427,-2.1515336,positivo
-14.432796,-3.5506449,positivo
24.897997,4.8215914,positivo
41.83264,13.296371,negativo
-52.459286,-25.009918,negativo
-42.956375,4.327666,positivo
-21.58724,-31.881504,positivo
15.796051,49.514065,negativo
-32.991116,26.46082,positivo
-17.034655,46.25245,negativo
-19.631405,23.0974,positivo
5.8627973,-28.175404,negativo
4.989609,6.6805005,negativo
-33.7497,-3.81028,negativo
7.570481,18.688707,positivo
-33.449753,-10.886042,negativo
18.269245,50.98951,negativo
25.014751,-1.8833848,positivo
15.849469,12.029355,positivo
45.59798,19.883148,positivo
-3.069401,27.054781,positivo
-33.99855,-8.282459,negativo
-41.381516,-30.346949,positivo
28.205763,-34.804928,negativo
-6.1341863,-38.823948,positivo
53.708824,-5.2639775,positivo
-5.828137,-26.657253,positivo
-39.161247,34.917553,positivo
-20.740974,4.6816654,negativo
-42.574112,-17.142385,positivo
-44.136528,-4.6000295,negativo
-24.156448,23.857964,negativo
17.172411,-19.682993,positivo
-21.835852,-37.000546,negativo
-14.20297,-44.533,negativo
-12.026672,-0.070374474,positivo
34.108356,-9.245749,positivo
-37.133915,-11.467445,negativo
-7.1126695,29.962063,negativo
15.58436,12.037346,positivo
54.70991,1.3868182,negativo
40.827114,-15.666638,positivo
6.2579665,-57.49642,negativo
8.268557,-56.450775,positivo
13.865167,22.186777,negativo
-18.760916,10.041551,negativo
22.573524,54.863625,positivo
-54.35775,-21.281977,negativo
21.843184,12.712447,negativo
47.68856,8.123112,negativo
30.957176,-4.5679827,positivo
28.384722,0.53192717,positivo
-2.8539135,18.55363,negativo
-50.712616,-16.55851,negativo
-45.461803,-12.115889,negativo
57.025112,0.738859,positivo
8.659607,-53.36333,negativo
-20.283976,35.312233,negativo
11.087262,22.634607,negativo
-39.907337,-14.877717,negativo
12.547121,36.5573,negativo
22.317125,-14.999104,negativo
33.86178,-19.645842,negativo
-6.4540305,23.195518,positivo
-14.9944725,50.35365,positivo
-45.233738,-12.483361,negativo
42.83667,-12.786466,negativo
17.236635,47.01472,negativo
49.324745,10.672731,negativo
-47.69641,-25.021996,negativo
9.299285,22.622562,negativo
3.629878,-62.252563,negativo
51.319817,12.091242,positivo
8.735378,28.165821,positivo
-23.244814,-3.0496824,positivo
-0.4064205,7.0883675,positivo
6.9506,-60.081787,positivo
-18.427284,-13.480115,positivo
21.324656,-9.109867,positivo
-25.33715,44.52574,positivo
37.53195,22.15501,positivo
13.636728,-5.1162868,positivo
-15.627069,-29.873161,positivo
-40.53069,38.748234,negativo
-15.8292885,-16.877762,negativo
48.69678,13.132112,positivo
20.926664,-27.469307,positivo
20.323814,42.205315,negativo
46.37715,-10.094521,negativo
52.60106,7.5521426,negativo
13.222729,22.018948,negativo
-0.10041744,19.938375,negativo
19.587523,-18.04563,positivo
13.033952,28.375566,negativo
-47.817997,-22.562628,negativo
51.14855,2.8711789,positivo
-32.992035,36.98078,positivo
4.3497944,-59.720154,positivo
-14.405409,54.06568,positivo
-32.02856,-19.822638,negativo
-22.6731,29.45253,positivo
9.875291,-38.604626,negativo
8.441593,17.821106,positivo
36.81483,-9.462504,positivo
12.051869,-6.8087773,positivo
57.082657,4.231579,positivo
11.569467,-12.12027,positivo
50.56942,0.7997202,positivo
30.610813,12.073639,positivo
19.668533,-11.521249,negativo
-3.338765,11.969594,positivo
4.8752947,-28.840523,positivo
22.128592,39.957176,positivo
-38.333706,-31.224798,negativo
26.15536,-22.456316,positivo
3.1536202,10.412302,positivo
-8.787447,-23.341356,negativo
-37.332664,-20.95626,negativo
-2.9145055,-24.518343,positivo
-20.54141,41.858677,positivo
49.88832,13.510569,positivo
-3.19803,-22.213106,positivo
40.71166,-19.84972,positivo
-25.631819,53.041218,positivo
27.442898,-19.271685,positivo
29.714245,3.0961077,positivo
-21.08146,0.9134243,negativo
6.0684595,-56.879528,negativo
5.8788285,44.188103,positivo
46.21873,2.664889,negativo
9.136001,-60.137856,positivo
-23.811642,-2.9137883,positivo
27.152302,43.65202,negativo
36.75394,-19.967136,negativo
27.320642,-11.889293,positivo
-33.985992,-23.074638,negativo
5.1664214,7.8335834,positivo
52.94269,6.0337276,negativo
-15.902003,49.832638,positivo
30.210093,-20.141272,negativo
-12.70466,18.429676,positivo
-17.213871,5.1434813,positivo
17.820604,30.503529,positivo
6.2709866,-17.606318,positivo
-6.3243794,-39.954712,positivo
17.824688,46.46642,positivo
14.169294,5.6681867,positivo
-14.383402,-14.116222,positivo
28.529991,-3.0862103,positivo
-22.636497,11.631483,negativo
-14.244525,0.65328187,positivo
41.402866,-17.190105,negativo
-41.755547,-15.830411,negativo
6.241798,-6.058688,positivo
54.971004,-5.339954,positivo
29.801464,-1.715192,positivo
10.622999,-55.13875,negativo
-24.284552,-14.899256,negativo
15.073469,23.976915,negativo
6.049003,-18.472157,negativo
26.467964,6.474565,negativo
30.405886,-6.1501117,positivo
54.974716,-3.4430518,positivo
-30.999397,-8.632621,negativo
-41.090355,-32.578552,positivo
30.82964,14.837871,positivo
-9.532826,-34.3176,negativo
-20.670357,54.905006,positivo
19.93539,1.2319332,positivo
27.134447,42.309303,negativo
-20.025965,-6.8253613,positivo
5.8626933,0.39224643,negativo
-47.19049,-20.131712,negativo
-29.750998,-2.8064675,negativo
-25.090092,-37.525272,negativo
-27.566916,35.189323,positivo
-54.55603,-22.258244,negativo
-28.588713,-22.898195,positivo
1.7434778,-3.5152724,positivo
-20.601984,53.55495,positivo
-30.611574,32.597466,positivo
-19.145418,45.819233,positivo
-44.053776,-12.265114,negativo
-38.472145,-3.5332458,positivo
39.9622,-13.84457,positivo
-34.94398,39.975437,negativo
10.6816845,24.508585,positivo
-29.122059,36.111443,negativo
3.606903,-60.777725,negativo
-36.82081,33.482662,positivo
-22.145134,-19.737625,negativo
-28.107761,44.697475,negativo
5.8373065,-2.9805639,positivo
15.718935,47.844753,negativo
5.3021746,-57.284916,negativo
52.649826,2.7367632,negativo
-31.415947,-22.483843,negativo
-20.38651,-22.731735,negativo
27.398924,-15.862257,negativo
14.358743,19.864773,positivo
-25.335308,43.0289,positivo
-31.220991,33.03596,positivo
17.447649,34.732174,positivo
-11.871448,-37.318077,negativo
53.69147,-15.600286,positivo
32.290573,-5.7431436,positivo
15.359111,41.414852,negativo
24.069605,31.953423,positivo
41.668076,-25.578157,negativo
-31.223421,-24.093899,negativo
-15.630689,-29.959892,positivo
-35.510647,-36.76058,positivo
-15.647469,-45.540386,positivo
-30.420496,13.558342,positivo
-12.933673,31.137856,positivo
21.498043,51.450645,positivo
10.653848,-25.378984,positivo
-4.3984346,33.618538,positivo
52.713005,4.4440794,positivo
2.0002818,-27.413633,negativo
16.44458,32.974346,positivo
-27.219906,3.8979483,positivo
-19.065542,-2.1056843,positivo
-17.382475,52.62327,negativo
20.007011,-20.342236,negativo
-40.76843,-0.49246028,negativo
-19.869612,15.1708975,negativo
21.1294,31.60192,positivo
11.646295,-56.802776,negativo
-9.348421,12.78745,positivo
29.272795,37.50693,negativo
-18.433163,36.526535,positivo
-31.008102,6.301198,negativo
-22.839077,52.895515,negativo
15.349557,-28.571938,positivo
-25.325712,-22.50718,negativo
4.458332,-26.795012,positivo
15.202403,34.70084,positivo
-26.569918,-43.868587,positivo
48.99969,2.7316039,positivo
19.95527,-15.288111,positivo
-23.882004,-2.8882692,negativo
-15.903448,47.537884,negativo
-29.729961,7.238957,positivo
7.6249194,34.13703,negativo
40.93734,-12.728184,negativo
-10.640193,-39.044228,positivo
-8.885993,25.8894,negativo
32.81776,-1.4052516,negativo
11.410607,35.56132,positivo
-6.76763,-21.767746,negativo
0.29252687,27.82871,negativo
-26.172495,-29.888523,negativo
2.0536199,-10.81923,positivo
-20.505114,55.79687,negativo
20.582106,-19.861326,positivo
-50.626385,-16.432264,negativo
-16.531202,57.625698,positivo
46.607677,-5.0195127,negativo
24.594183,-13.053049,positivo
-52.772984,-22.811457,negativo
26.532103,-22.07366,negativo
31.414577,-1.2029133,negativo
-1.9912677,7.6729784,positivo
20.849165,50.061443,negativo
-22.890364,50.374607,positivo
20.717907,31.501137,positivo
-16.698025,-47.295177,positivo
13.400518,38.236526,negativo
-19.653965,-26.161158,negativo
-1.0336701,30.302048,negativo
9.279402,-61.719803,negativo
22.564934,2.9262064,positivo
20.941341,7.509772,positivo
51.61971,9.033103,negativo
52.933956,-11.002786,negativo
-17.227404,30.651775,negativo
0.57200474,-35.28614,negativo
5.2817826,22.045513,positivo
30.06997,-16.951818,negativo
-37.721397,6.526035,positivo
-27.706335,2.3392787,negativo
11.885315,4.7211285,negativo
-22.056677,-38.898205,negativo
-38.315956,0.06924788,positivo
34.83265,-21.700756,negativo
11.969891,-4.2408376,positivo
-39.55264,35.494106,positivo
11.279006,17.462868,negativo
18.212086,-18.136026,positivo
-25.983925,47.030193,positivo
-33.311295,40.49849,negativo
-33.38409,36.72099,positivo
49.133102,-18.368309,negativo
24.559258,-27.9264,positivo
45.268585,9.976332,positivo
8.203237,37.20888,positivo
9.338381,-5.06521,positivo
28.78182,-7.7520933,positivo
46.63709,7.0063443,negativo
-17.997269,-7.0172772,positivo
-4.00965,-12.995621,positivo
-6.590733,-2.6805654,positivo
18.293428,47.693775,positivo
-12.590262,35.409866,negativo
4.8191085,35.38961,positivo
-9.505311,26.213316,negativo
39.141624,-21.155224,negativo
4.909665,-44.529175,negativo
55.539356,1.9511567,positivo
9.759202,8.062069,positivo
-13.73363,-48.013893,negativo
24.483892,46.23531,positivo
-16.724602,-9.197139,positivo
1.5742996,30.793077,negativo
37.31118,23.004307,positivo
30.74391,-9.274421,negativo
13.3046665,30.64187,positivo
7.6633472,-27.025497,positivo
54.00268,-0.8955216,positivo
-23.848743,-21.553242,negativo
-37.02558,-17.69158,negativo
-42.62986,9.7930975,positivo
-23.0437,44.917713,negativo
40.666557,-8.705284,positivo
9.546383,1.2416807,positivo
45.208286,-27.634443,negativo
-46.606236,6.862696,negativo
1.235364,-58.603306,negativo
-20.97917,59.1417,negativo
-27.550615,-44.2209,positivo
54.63958,-7.410661,negativo
-24.26741,41.639076,negativo
-15.601914,-45.860065,positivo
30.183565,4.5052586,positivo
8.655713,38.325886,positivo
1.6048878,-14.000952,positivo
21.290525,-20.885187,positivo
18.533442,28.373777,positivo
-20.92555,50.77398,positivo
-1.2726028,48.71079,positivo
-29.036676,43.676277,positivo
45.7857,-0.58559895,negativo
9.7939415,-13.604558,positivo
-0.24948473,-44.64944,negativo
-24.767517,-43.927902,positivo
-15.234691,31.752668,negativo
-15.097644,8.747181,negativo
-2.3969753,13.277636,positivo
10.65022,32.140335,positivo
4.175193,-1.1832047,negativo
-9.6665945,-28.562317,positivo
-24.431198,-35.65571,negativo
38.392616,-32.436237,negativo
-36.72614,14.976763,negativo
-3.7569344,-0.97520745,negativo
3.048767,24.063046,positivo
2.4141843,-64.508545,positivo
0.19432503,-23.43173,positivo
28.419838,-3.2835953,positivo
2.1984658,18.577564,positivo
2.03138,-28.632582,positivo
-18.7098,34.504303,negativo
21.721102,-16.238146,positivo
-13.653837,29.975285,negativo
10.807843,7.2136436,positivo
0.029216656,-13.105583,positivo
-29.688099,-12.684312,negativo
15.559354,-28.93992,negativo
11.510133,42.973904,positivo
-30.773098,15.196794,positivo
11.305835,41.632786,negativo
-28.717676,47.356068,positivo
-25.500517,33.732964,negativo
-13.609728,-7.3810325,positivo
22.403368,-21.974213,negativo
10.399316,30.308788,positivo
10.924601,21.041864,positivo
20.178673,34.739864,positivo
43.573193,18.603476,positivo
-7.8803124,-22.016142,positivo
46.637802,-3.1474001,positivo
-37.874928,35.41611,positivo
-53.49311,-18.500757,negativo
-5.1766324,-25.365683,negativo
-46.314342,-23.135908,negativo
-32.319256,-14.909231,negativo
19.088238,-5.3663864,negativo
-2.990577,32.219704,negativo
-5.59196,-25.73426,positivo
15.0008,1.9741755,negativo
13.856177,-19.415989,negativo
-8.29617,-37.577488,positivo
-15.560229,-25.312119,negativo
-35.226505,-19.260983,negativo
-4.5414643,-12.710963,positivo
4.643571,0.44338506,negativo
-36.483303,33.14947,positivo
15.2642145,52.36418,positivo
-30.43966,39.84557,positivo
-10.138472,-2.3888912,positivo
-56.646767,-24.84286,negativo
-32.611908,-6.6232524,negativo
0.75425684,-27.160006,negativo
19.282211,51.797447,negativo
17.198118,-7.3588576,positivo
-38.30873,46.67424,negativo
-39.30367,-11.411918,negativo
-4.0003786,2.8886716,positivo
-11.788783,-21.690567,positivo
-0.2581377,15.4173155,negativo
-46.668354,-20.23035,negativo
-32.771942,45.72648,positivo
-3.743855,-0.92370945,positivo
-7.648457,25.592085,negativo
28.046497,3.8662689,positivo
-20.0586,57.423927,negativo
-6.3406515,-40.53604,negativo
6.3203506,-62.752586,positivo
-0.5950109,1.7917165,negativo
-38.717903,-31.588524,negativo
-16.733128,-48.13615,positivo
-9.305746,-4.60695,negativo
-41.174774,-22.014275,negativo
19.189634,30.927792,negativo
-15.090609,50.04968,positivo
-14.641899,-27.421207,negativo
-30.508131,-18.60689,positivo
-16.307945,0.9940173,negativo
8.607272,-53.316578,negativo
-23.975605,-0.7314947,positivo
-52.892986,-20.567009,negativo
50.5873,5.7733784,negativo
-37.17507,-26.810905,negativo
43.164383,20.225807,negativo
23.401537,-32.14754,positivo
54.02708,-15.210422,positivo
-40.817646,-34.738148,negativo
-7.218191,-12.546425,positivo
-44.91316,-11.860387,negativo
-37.150806,-17.8989,negativo
-34.14388,45.63145,positivo
45.387527,-5.9860897,positivo
22.984552,17.506792,negativo
37.94858,-14.516009,negativo
13.344892,32.0134,negativo
-23.830196,-27.415031,negativo
-8.713261,8.211595,positivo
0.5761755,-28.39742,positivo
-32.315098,53.033844,positivo
-8.251678,-0.7841011,negativo
-30.04652,-16.329348,positivo
26.694914,-6.92807,positivo
-24.167635,-30.041977,negativo
35.52156,-15.926959,positivo
3.7399049,-60.414513,positivo
-29.770138,47.237175,positivo
9.792721,-56.486366,negativo
-16.078154,54.889923,positivo
46.459915,10.151737,negativo
-23.170347,43.46481,positivo
11.922389,20.404993,positivo
-3.4850397,-37.187794,negativo
-20.368011,38.43103,negativo
21.712313,-24.62746,positivo
49.09413,5.1496487,positivo
-27.399849,-1.1321912,negativo
-10.241788,18.836943,positivo
-22.118063,-22.555937,negativo
34.94126,-15.761368,positivo
28.63403,47.85864,positivo
11.087913,19.547318,positivo
17.804087,-16.309366,positivo
56.03488,-4.5653543,negativo
-13.499045,-21.670687,positivo
-1.0011759,2.0501971,positivo
15.56027,-12.232982,positivo
-31.49765,32.723557,negativo
-20.451847,-13.778697,negativo
-9.91506,-40.879787,negativo
27.10373,-36.812893,negativo
6.6135793,-14.508428,negativo
15.936198,-32.436157,negativo
33.074028,3.5749004,positivo
-17.497526,19.954952,negativo
-31.180729,45.986053,negativo
26.144798,39.21761,negativo
-32.981594,-10.890468,negativo
-3.2174478,-22.380835,positivo
-29.711578,-8.0308485,negativo
-4.67843,27.573212,positivo
33.583908,10.903308,negativo
-42.225105,4.7155995,positivo
4.210643,-25.178291,positivo
24.391401,33.6261,positivo
-21.851784,49.60584,positivo
17.345087,42.410206,negativo
0.98713386,-34.965332,positivo
9.872021,20.22843,positivo
-48.225605,-20.536024,negativo
-36.288887,26.617628,negativo
42.778275,-29.398993,negativo
58.809574,2.9588578,negativo
-30.161413,6.457332,negativo
29.202244,36.88522,negativo
23.989305,-21.76289,positivo
-41.52108,36.62968,negativo
26.01147,-31.22532,negativo
9.524045,-21.076704,negativo
49.972908,-9.434666,positivo
7.3589115,-6.7591853,positivo
25.865795,-0.112760834,positivo
4.811312,-61.558704,positivo
59.861618,1.8070439,positivo
-23.015303,44.197704,positivo
-3.1281064,32.034283,negativo
34.017506,-5.784641,negativo
-15.829719,-25.120926,negativo
-20.614273,-14.957203,negativo
-17.347422,-1.1732125,positivo
-22.74128,41.50165,positivo
22.489914,38.881256,positivo
20.44857,49.19838,positivo
17.418385,36.2959,positivo
-9.491615,-38.080418,negativo
-4.441088,28.001867,negativo
-12.396537,16.072153,negativo
-20.616016,-14.932678,negativo
18.798601,53.710426,positivo
-16.633951,-12.066074,negativo
-3.070326,31.588833,negativo
-26.578377,44.092815,positivo
-12.603531,52.84191,positivo
-0.6791883,-21.480158,positivo
35.62167,-27.606382,positivo
20.506767,13.751567,negativo
14.071814,-36.19954,positivo
-22.341108,-25.860611,negativo
-6.2123194,-19.410114,positivo
-40.73951,-2.6852992,negativo
-18.942635,49.13599,positivo
33.743954,-16.262243,positivo
-42.81145,-13.922801,negativo
23.740404,53.029076,negativo
-49.11936,-20.758945,negativo
-25.562485,-13.82576,negativo
-23.482456,-21.858627,positivo
31.851435,-8.665186,negativo
-37.953323,-20.822916,negativo
-14.481993,-26.451447,positivo
15.223165,34.739048,negativo
-34.0273,41.787216,negativo
-29.34902,-13.666474,positivo
5.0853596,-27.485796,positivo
30.697767,5.6108217,positivo
-29.273798,-43.772766,positivo
-30.255064,41.469566,positivo
-24.63026,-19.980644,positivo
-20.515852,49.195805,positivo
-25.351244,-28.854296,negativo
28.444845,-35.065014,positivo
-27.384394,14.509744,negativo
-18.561913,-24.836231,positivo
2.0896957,18.442694,negativo
43.235344,-23.813047,negativo
6.013749,29.719778,negativo
11.938421,-10.118427,positivo
41.69893,0.9504439,negativo
15.639923,14.432749,negativo
-32.32993,16.15107,negativo
-28.612844,-19.429989,negativo
43.904274,-20.993576,negativo
-39.042847,2.8240278,negativo
-45.85366,6.7494383,negativo
-9.775134,-39.621555,positivo
-23.19097,50.46301,positivo
0.6007123,18.357893,negativo
8.303522,-34.397858,negativo
-35.22157,33.90815,positivo
-7.6799045,29.838785,positivo
-16.529163,-28.422823,negativo
-19.193483,-3.981348,negativo
20.791819,22.408049,negativo
-31.887152,-3.895262,negativo
-17.963943,-35.166904,negativo
49.032074,-4.8264837,negativo
17.391605,47.234108,negativo
-39.429077,8.574384,positivo
34.246124,14.44447,positivo
-26.521486,23.316925,negativo
19.726316,1.0490785,negativo
-36.211716,48.914032,negativo
-41.18011,-21.95955,negativo
-21.241983,18.963026,negativo
6.3292274,-58.19294,positivo
-13.764426,-27.129517,positivo
-26.109718,22.826326,negativo
18.381413,52.24998,positivo
21.700533,-13.899072,positivo
52.05585,-4.4085064,negativo
-12.13454,56.0886,positivo
-29.278606,33.539673,negativo
10.562564,40.34088,negativo
4.8737216,18.1053,positivo
4.668905,0.37177292,negativo
-11.20235,45.69052,positivo
25.335804,5.030008,positivo
-18.880295,-38.55061,positivo
17.182135,-10.967561,positivo
-21.381725,-40.216217,positivo
-5.733739,-22.730175,positivo
-3.1278102,-4.51537,negativo
26.136608,0.5952562,negativo
-10.257455,-45.56326,negativo
6.5461764,-58.963135,negativo
22.198347,49.362595,negativo
23.133543,-1.5466013,negativo
-25.452196,-11.07497,negativo
-36.29445,6.0133233,positivo
-9.6274,2.3986905,positivo
-21.071272,-1.8570149,negativo
-40.53264,-31.53223,negativo
-28.848675,-28.150627,negativo
-9.933935,17.451952,negativo
55.332615,-0.032772396,positivo
-19.044613,-5.0116496,positivo
23.326752,6.9363885,positivo
-38.92692,-23.828115,negativo
-7.0258107,-30.576729,positivo
-18.13569,-15.765519,positivo
17.23233,44.151436,negativo
36.33504,-5.772951,positivo
45.09093,-23.735079,negativo
-7.381371,-5.503359,negativo
-7.5350924,-11.051818,positivo
31.805695,-6.3043513,positivo
34.590046,1.7731187,negativo
31.727013,-8.611418,positivo
-10.064253,-1.3862501,positivo
1.6402059,-16.970211,positivo
-29.91105,44.868893,negativo
-4.626085,45.418743,positivo
21.572886,37.68739,negativo
43.12367,-25.39368,negativo
-13.335676,-31.737207,negativo
19.221916,46.354836,positivo
-53.313873,-23.779291,negativo
16.534863,-33.690323,positivo
7.7177706,6.2428594,positivo
-11.894505,17.735212,positivo
-28.37296,16.230669,negativo
-15.663953,7.421732,positivo
-19.192245,-32.10036,positivo
46.523808,-24.452269,negativo
-38.77785,-34.34961,positivo
9.080165,-32.30237,negativo
19.415442,34.853024,positivo
18.878218,-19.524843,positivo
-34.927746,3.2741396,positivo
39.181217,18.28845,negativo
-10.68887,1.3125226,positivo
-5.7598205,31.468102,negativo
-36.558212,39.809628,negativo
33.138184,-25.750763,positivo
3.9491649,-11.660965,positivo
-21.494825,-4.538397,positivo
39.50321,-2.9194794,positivo
45.791832,21.469706,positivo
-26.637947,-19.27691,negativo
-18.627314,-45.92767,negativo
-1.1712765,-26.59373,positivo
28.594715,-34.37466,positivo
-21.147114,53.204884,positivo
3.603152,19.364159,positivo
8.724914,38.024445,positivo
23.024097,49.353855,positivo
23.181168,-21.777395,negativo
1.3247004,-25.295998,positivo
-32.109753,-7.9353404,negativo
-1.0908382,31.731308,negativo
-22.970985,41.55832,positivo
18.17731,29.418444,positivo
0.43992293,-8.309967,positivo
-53.244408,-20.260689,negativo
-34.829117,-2.5879576,negativo
29.923029,-3.8949976,positivo
2.2483494,32.084713,positivo
55.472775,-4.8218694,positivo
12.207067,19.282713,positivo
-26.512953,15.05138,negativo
26.524635,-24.334005,negativo
-12.63504,-25.824556,negativo
36.364056,13.693836,positivo
10.833306,-33.612667,negativo
6.75158,-24.63865,positivo
-22.031412,-17.15038,negativo
36.258026,-15.740517,positivo
39.271072,-4.913916,negativo
-10.243177,37.250076,positivo
27.188745,1.6511495,negativo
24.159317,-3.5581772,positivo
30.911928,-14.926897,positivo
37.253372,-4.0504117,positivo
-1.9074105,-31.33132,positivo
57.92525,4.1451063,negativo
-6.7888412,-36.57547,negativo
-28.086916,-46.18802,negativo
24.923431,41.93424,negativo
45.752777,5.987313,positivo
-9.962516,18.771696,negativo
-0.025990542,-12.165331,positivo
16.674728,-33.36849,negativo
-30.050459,-21.882957,negativo
9.055704,22.659681,positivo
59.942566,1.7653487,negativo
-27.355616,-37.30261,negativo
-40.137,10.016361,positivo
39.59696,10.687248,positivo
-13.574467,-3.6570435,negativo
21.692772,0.5142573,positivo
31.284885,22.605352,positivo
3.4217646,-61.01571,positivo
-4.726435,-30.257038,positivo
-14.373604,-10.4871025,negativo
4.190291,25.330265,positivo
13.192286,-18.117117,positivo
17.916292,-15.272599,positivo
-48.818768,-29.431812,negativo
-41.9665,-13.972187,negativo
-21.077703,-1.8546578,negativo
44.53756,-0.9301972,negativo
2.996087,-39.946186,negativo
-26.16137,51.458286,positivo
-21.98036,56.633316,positivo
-22.53314,34.551212,positivo
25.47937,38.96765,positivo
-33.65282,33.1539,positivo
-32.41386,41.451508,positivo
-37.34442,-31.396566,positivo
-20.170069,-28.771719,positivo
53.22565,9.556402,negativo
56.95398,5.5880327,positivo
-11.392645,32.996666,positivo
-37.385864,-11.826195,negativo
-4.7163925,25.612614,positivo
17.099737,28.24123,positivo
-18.103455,3.2636645,negativo
9.172704,31.01081,positivo
31.45356,6.963148,positivo
42.92488,20.351252,positivo
2.3158178,26.775349,negativo
-13.572093,3.3235555,positivo
41.548462,20.832354,positivo
43.45116,21.193014,negativo
30.74689,7.9288707,negativo
-36.33523,30.148052,positivo
46.24986,-8.8172865,negativo
-5.9614525,-16.98892,positivo
14.60884,-25.235285,negativo
44.700928,-2.4803562,positivo
7.0704103,16.973833,positivo
39.3608,4.497666,negativo
29.064379,7.634039,negativo
-15.414542,-23.212173,positivo
20.018883,43.98667,positivo
20.646677,-34.044716,negativo
3.2868085,10.4588785,negativo
-13.773379,-0.17958476,positivo
-11.09367,-40.47225,positivo
39.80127,19.049692,negativo
19.858416,-13.933812,negativo
-35.919712,-4.2521987,negativo
-30.520638,15.585368,positivo
-0.31939438,34.239666,positivo
2.59331,22.455948,positivo
43.987324,-13.730936,negativo
37.67251,-25.03027,negativo
7.2251043,-12.902794,positivo
26.364784,-27.571747,negativo
22.370697,45.749924,positivo
20.935791,-28.523054,positivo
7.9301844,-17.20906,positivo
-36.38673,14.065289,negativo
-28.319063,32.184776,positivo
43.856125,19.747599,positivo
-22.040695,-32.204254,negativo
23.927586,-9.092422,negativo
15.752727,28.293886,positivo
-31.042208,48.756042,negativo
9.031763,19.232576,positivo
26.475533,50.079536,negativo
47.240498,5.2609673,negativo
12.378886,30.695856,positivo
42.317547,4.5526023,negativo
-44.169586,-4.442009,negativo
12.260091,-6.260398,positivo
-12.085975,-42.15803,negativo
-22.530006,7.900698,positivo
20.782913,-2.8234243,negativo
-10.187924,24.900673,negativo
-12.797851,18.136312,positivo
-18.3629,-47.69665,negativo
-26.496336,-42.494015,positivo
-49.296963,-25.048796,negativo
-35.191483,-25.8707,negativo
-25.485249,-43.863194,positivo
23.78284,7.13308,negativo
-35.943993,-22.328634,positivo
19.654566,-11.792497,positivo
-26.891996,54.67747,positivo
-6.4130282,-36.491844,negativo
14.804169,-25.211836,negativo
22.119257,-10.740082,negativo
-15.88717,34.825687,negativo
43.258244,-26.584383,negativo
10.301525,-6.6681504,positivo
9.472044,-59.839584,positivo
35.7454,-21.125402,positivo
-15.980195,1.1775771,positivo
-33.346928,-19.620228,negativo
15.279916,-10.304443,positivo
-16.02436,12.119133,negativo
-22.436289,32.37209,positivo
52.176876,10.553825,negativo
-17.300129,-47.037453,positivo
-44.035892,9.253001,negativo
48.92511,4.974881,negativo
-45.041,-11.283453,negativo
44.645466,17.644768,positivo
5.693465,-56.15008,negativo
0.30707502,-57.52303,negativo
27.691381,11.037262,positivo
-6.7139125,26.963076,negativo
-25.03496,11.798715,positivo
-11.364162,-9.3869295,positivo
12.008089,31.31892,positivo
-23.063967,-10.677551,negativo
22.369421,40.600464,positivo
-8.190225,-7.8824267,positivo
7.7507668,14.601628,negativo
-40.39721,-10.539446,negativo
-27.665962,-38.848015,negativo
-50.229767,-25.0367,negativo
-25.822254,41.735466,negativo
-44.18841,-24.006958,negativo
-5.5350647,-31.770084,positivo
-38.41546,-35.570957,positivo
57.750717,3.1150825,positivo
-28.170565,-44.939587,negativo
-13.461521,-24.259499,positivo
-31.151731,-25.061832,negativo
45.499382,-25.889868,negativo
40.08864,-18.914196,positivo
-27.10231,32.73869,negativo
-26.06696,22.817099,negativo
-19.932135,-32.12373,positivo
-6.504813,-28.259636,positivo
22.794832,30.149353,positivo
-4.482551,27.968307,negativo
15.780287,-23.42356,positivo
-3.1975532,47.635834,positivo
-27.418268,-1.1260074,negativo
20.591099,44.58028,negativo
-6.729386,61.123375,negativo
-17.347546,-45.21794,negativo
-7.7027555,-41.95801,negativo
-34.388023,2.5207574,negativo
21.187492,48.359047,negativo
4.7358375,26.049246,positivo
23.727564,53.047913,positivo
-27.165255,10.165274,negativo
-37.73827,-26.45608,negativo
52.384575,-7.025816,positivo
-22.253561,31.996061,positivo
9.8438225,33.716007,negativo
43.244675,6.27464,negativo
-27.851168,-47.002853,positivo
16.062702,31.702488,positivo
-28.678993,-36.36136,positivo
24.11053,50.232315,positivo
31.170496,2.2383687,positivo
17.46707,32.797665,positivo
39.04842,18.035221,negativo
27.58222,-35.111927,negativo
39.740337,15.314965,positivo
-41.097206,6.8614597,positivo
-7.486522,-18.761219,negativo
19.879633,18.57498,positivo
-5.949342,-3.184969,negativo
31.057262,-13.31085,negativo
-2.6921227,-11.110679,positivo
45.230053,-25.508812,negativo
30.636278,1.2127322,negativo
42.75929,10.156248,negativo
-15.688831,-38.375965,positivo
33.758347,-8.915768,positivo
20.668095,7.1286364,positivo
-13.880347,-21.01103,positivo
35.307114,-12.739452,negativo
-21.521915,-26.690947,negativo
-43.233795,-32.53191,positivo
-9.483121,-6.3379884,positivo
12.600072,-55.032963,negativo
9.371749,-4.130823,positivo
17.67936,50.894085,positivo
-32.38091,44.984818,positivo
-29.253862,-20.198793,negativo
-13.292705,5.870271,negativo
46.96405,12.104623,negativo
-28.272228,23.803263,negativo
-2.2856348,10.823723,positivo
-0.39684427,31.962675,positivo
-33.73275,32.92753,positivo
0.8623012,-6.195533,negativo
22.20618,35.97469,negativo
-45.421917,-10.413976,negativo
11.737162,37.726536,negativo
-25.810963,5.4993415,negativo
-11.9434805,-34.88196,positivo
38.773872,-7.6184764,positivo
-29.333826,43.402805,positivo
-9.177432,38.87684,positivo
-34.27125,-27.170412,negativo
-14.525151,-36.13906,positivo
-31.277876,34.007416,positivo
3.4583044,1.8762506,negativo
11.90587,47.171574,negativo
-9.699159,-1.0572194,positivo
36.27044,-19.783886,positivo
-15.708267,9.761707,negativo
-33.24425,-17.086796,positivo
19.389849,-7.3537827,negativo
0.37195742,-23.59521,positivo
-27.176744,-20.082253,positivo
-34.579765,39.36657,negativo
3.1426842,-10.071181,positivo
21.214796,56.047413,negativo
4.715059,25.672268,positivo
-11.259412,-40.487663,negativo
-32.998917,28.861454,positivo
-17.867023,-43.71549,positivo
-39.86831,-24.666481,negativo
-28.86512,-30.601753,negativo
-12.592049,-19.698397,positivo
-1.6383353,33.218376,negativo
-10.657109,15.970543,negativo
20.4155,-8.111106,positivo
-44.811283,-17.00268,negativo
-19.66312,-43.64883,positivo
-0.47483253,-53.982536,positivo
-2.7248428,-27.298655,negativo
-15.530831,-26.81952,negativo
10.486953,-26.684574,positivo
-40.705166,-27.097881,negativo
41.691948,0.88424855,positivo
-2.0042975,10.916371,positivo
-3.5349083,7.4893312,positivo
21.854828,53.676144,positivo
-44.558556,-27.807842,negativo
10.199003,-64.76827,positivo
-33.81601,34.53489,positivo
29.0116,-27.660685,negativo
17.462818,43.09988,negativo
-4.8244605,29.122274,positivo
-16.894156,53.916916,positivo
-9.5295725,2.1564717,positivo
-42.888676,33.00702,negativo
-31.673925,40.18052,positivo
-33.775845,35.708595,positivo
-23.285164,44.574703,positivo
58.06511,1.5637351,positivo
32.295403,-11.036521,positivo
-1.1297493,47.48764,positivo
-20.415794,38.446636,positivo
-49.4531,-19.656721,negativo
46.148945,9.30134,negativo
20.04922,-24.745907,positivo
-38.088707,-3.1968496,positivo
-17.48921,-20.21908,negativo
-9.911506,44.714237,positivo
36.039894,1.2785677,positivo
-15.840289,11.369514,negativo
-20.297495,-31.972065,negativo
-12.864325,-48.176353,negativo
-20.013206,14.709851,positivo
-16.704561,51.36601,positivo
24.068144,41.42578,negativo
45.226215,-27.598177,negativo
40.589596,3.3066962,positivo
-6.0588303,25.57745,negativo
6.293149,9.922664,positivo
37.354393,-9.727289,negativo
-9.695474,2.261499,positivo
22.232975,-27.356375,positivo
-13.938127,2.8766468,positivo
24.618795,-14.420059,negativo
-32.75756,36.78992,positivo
-15.746651,5.0540595,positivo
33.704094,8.361827,positivo
27.774984,-11.845885,negativo
-11.153891,1.1752859,positivo
43.533558,18.414948,negativo
-29.3768,-24.522423,negativo
14.132754,27.126726,positivo
-40.44589,-31.029467,negativo
7.544866,6.343216,positivo
-21.195467,45.386982,positivo
13.246002,-7.510313,negativo
-34.58799,38.849472,negativo
18.617395,49.726696,negativo
9.689996,-6.3244886,positivo
39.41738,-32.232327,negativo
38.911118,25.941635,positivo
2.2150574,20.900772,positivo
-25.033054,49.985092,positivo
29.906776,-9.253538,negativo
13.662612,49.546772,negativo
-15.131739,48.804626,negativo
-40.861897,34.04577,positivo
0.40958562,-3.5055647,positivo
-14.887202,-16.82003,negativo
30.54916,-27.87637,negativo
31.213127,-4.588998,positivo
-41.431454,-28.197845,negativo
-13.130149,15.696941,negativo
24.585533,-17.619196,negativo
-42.88067,6.7811704,negativo
-20.363503,-13.636944,negativo
38.111435,2.2725453,negativo
-1.2941153,31.98329,negativo
2.3690245,5.183294,negativo
-35.85176,41.383453,negativo
28.837008,-28.510782,positivo
3.5327737,4.4580507,positivo
16.938456,38.9764,negativo
46.03762,16.166235,negativo
-13.198724,7.7205567,positivo
-9.362594,-21.010067,positivo
-40.617607,-31.95554,negativo
39.921127,-25.99241,positivo
46.477955,-14.0336275,positivo
34.117237,-21.241838,negativo
-18.306282,47.04165,positivo
14.312425,49.101143,negativo
-0.012209699,8.172428,negativo
-28.195084,15.963037,negativo
17.23172,33.77117,positivo
-10.768541,23.599043,negativo
-34.708263,-2.3210933,positivo
32.95366,-17.995562,negativo
-27.218224,-9.116958,negativo
9.368179,-56.853104,negativo
-6.5465727,-39.462173,positivo
-28.792753,5.424259,positivo
24.713129,-11.273276,positivo
-27.796,47.260063,negativo
-21.619263,38.914085,positivo
42.263824,2.614247,negativo
-54.431835,-19.683939,negativo
12.9269705,-17.977667,negativo
16.915546,-2.2915738,positivo
50.78244,4.6302214,positivo
-44.901474,-14.123628,negativo
-32.453644,-45.14504,positivo
12.6981125,-64.54771,positivo
-38.140984,37.141403,positivo
21.47228,34.732033,positivo
42.341923,-30.794353,positivo
22.708202,41.917953,negativo
-9.213369,-26.919455,negativo
38.393307,2.4720588,positivo
-15.985305,-18.14295,negativo
21.857363,-10.742906,negativo
-35.71335,4.2788424,negativo
-11.469583,5.489691,positivo
-47.084545,-12.871026,negativo
48.289486,12.04559,negativo
-21.825966,-26.195671,negativo
39.873295,-7.245393,positivo
46.194763,2.8464491,negativo
43.26197,-26.630363,positivo
32.41549,4.1572146,negativo
-14.462057,-2.2110288,negativo
-27.398165,35.32081,positivo
18.973358,40.337566,positivo
38.74274,-10.600971,negativo
-13.5708685,42.71878,positivo
-39.2602,-5.0233474,negativo
-6.459023,6.648663,positivo
-47.097248,-12.413622,positivo
45.008247,1.1265581,positivo
40.476753,-13.834125,positivo
-28.24642,-46.13252,negativo
2.5696425,-59.85777,negativo
-24.56556,48.177692,positivo
28.626736,-17.285505,negativo
-20.510267,-35.679832,negativo
-19.209454,11.621082,negativo
31.380962,-1.2526942,positivo
10.318119,-13.204304,positivo
26.350294,-27.384869,negativo
-0.33568415,12.610703,positivo
12.082596,27.232838,negativo
10.719717,21.526077,positivo
42.75,-12.777825,negativo
-34.356403,-27.072916,negativo
55.343082,3.5641394,positivo
-36.58102,-27.547812,negativo
5.191322,-31.001919,negativo
-21.503925,-4.035809,negativo
10.297863,8.820118,positivo
47.99648,7.186529,negativo
-11.328899,-25.263042,positivo
30.911505,-7.0735683,positivo
-13.987867,52.314823,negativo
20.148266,-20.017563,positivo
1.4874076,0.0402199,positivo
-35.527176,-12.337287,negativo
38.93784,-2.805487,positivo
22.132399,31.767166,positivo
-41.84289,-10.903285,negativo
26.682497,-3.1148927,negativo
-1.8852359,-15.009917,negativo
-4.2106075,-9.497126,positivo
47.487263,14.689842,negativo
-23.112507,-24.45082,negativo
38.983353,23.766773,positivo
40.46527,-27.836355,negativo
-8.116374,-32.102417,positivo
28.693443,-11.047161,negativo
27.143314,19.013578,negativo
21.69764,-42.33194,positivo
-21.40849,-40.30334,negativo
-16.876272,-22.273642,negativo
47.05177,6.510388,negativo
12.6845255,33.5082,positivo
46.462257,1.8433231,negativo
-23.634537,-17.887077,negativo
-5.963873,39.96904,positivo
15.933103,-14.053421,negativo
9.052509,-48.35779,positivo
11.009383,-6.512608,positivo
-40.913933,-27.700983,negativo
51.933033,-1.5970402,positivo
-21.824598,53.860535,negativo
41.58555,7.373481,negativo
-2.869169,47.42082,positivo
25.91944,16.897417,positivo
-18.628654,-50.05813,positivo
12.4903145,31.780613,negativo
6.130259,-60.4706,negativo
19.927744,-17.01078,positivo
-17.432585,-3.7922332,positivo
-18.891607,40.05036,positivo
3.867863,-1.7054485,positivo
-19.806961,49.966595,positivo
36.653965,-0.58036005,negativo
10.993769,36.69345,negativo
-17.039764,10.238909,negativo
-30.215368,-8.130175,positivo
-24.985868,-12.10847,positivo
-24.34391,-19.334433,positivo
-43.251873,6.565607,negativo
24.826221,-11.452197,positivo
-31.045588,41.061497,negativo
-28.44231,-2.6222415,negativo
-21.155754,-8.13176,positivo
-36.369984,-4.2742224,negativo
14.371911,37.64677,negativo
0.5326037,-1.6221597,negativo
20.981256,-22.708126,negativo
-12.019985,-21.265528,negativo
6.8263607,-60.343708,positivo
-27.78788,32.5277,positivo
-19.141375,48.934956,negativo
38.94303,-20.428087,negativo
-10.577122,45.23097,positivo
-28.301304,23.901838,negativo
9.348273,-56.60993,negativo
0.34000605,-15.359997,positivo
20.417374,41.75158,negativo
-36.39138,42.151833,positivo
41.677505,11.514864,negativo
-17.828793,-21.178215,negativo
23.053612,34.47065,positivo
-2.69492,10.53833,positivo
-0.5899032,-4.6558943,negativo
21.368933,3.7291653,positivo
3.669952,-18.366943,positivo
59.375584,6.6040354,positivo
-4.302237,-37.69667,positivo
21.82529,-5.876712,positivo
-8.571896,17.324211,negativo
-25.46221,-23.345774,negativo
-39.307117,-5.1737504,negativo
-0.3046361,6.2545,positivo
-10.874542,-10.837736,negativo
7.625731,-60.5741,positivo
-27.388607,10.025324,negativo
34.308918,-3.295248,positivo
9.209771,-61.31312,positivo
42.730114,7.4734216,negativo
-20.666203,36.57626,negativo
-28.30768,-45.369766,negativo
-13.324111,3.1340756,positivo
22.248348,44.05935,positivo
24.645666,-19.432886,negativo
14.112723,-22.271545,positivo
12.081847,22.394518,negativo
29.20206,1.6415255,positivo
33.151382,-18.341265,positivo
-42.394455,-9.700901,negativo
-1.4823973,-18.634846,positivo
-29.7081,49.302082,negativo
8.022934,42.046932,negativo
6.486579,-19.25418,positivo
-10.335781,-13.148292,positivo
22.127947,49.701244,negativo
27.434414,-4.9707203,positivo
-18.131147,-22.695204,negativo
28.088936,25.605217,negativo
-32.6565,-6.2680826,negativo
-2.5244546,43.659683,positivo
36.369522,-18.569908,positivo
30.967249,-17.156204,negativo
46.936996,-28.227083,negativo
52.592686,2.3909912,negativo
-35.651684,48.88308,negativo
-27.619698,2.7819924,positivo
-14.361029,-13.992985,positivo
15.731602,36.248558,negativo
-11.252938,-25.15017,positivo
-38.714405,-15.640655,negativo
-23.520638,42.08835,positivo
29.426027,-19.273445,positivo
-4.4757752,-12.685237,positivo
33.70776,8.380513,positivo
-3.2232149,32.288784,negativo
-20.570955,-6.222002,positivo
-31.717508,-25.492561,negativo
-39.907597,-11.836506,positivo
4.2850723,-60.448063,negativo
31.394417,-26.629894,positivo
-19.063032,-2.1011693,positivo
33.775894,-29.915718,negativo
8.698323,8.9083395,positivo
41.312107,23.522299,negativo
35.328712,-8.716675,negativo
-25.425787,32.304016,negativo
-22.385303,49.47015,positivo
-52.839626,-25.654945,negativo
-21.79389,36.55633,negativo
11.084548,33.755722,negativo
-43.390625,6.9104013,positivo
11.512633,29.086992,positivo
39.12742,12.904779,negativo
42.390636,-24.326014,negativo
-34.000298,28.511627,negativo
-14.0322895,-16.868975,negativo
28.527483,-20.525982,negativo
25.053577,-4.028943,positivo
19.323639,-31.413576,positivo
12.873779,-10.223765,positivo
-10.636006,-31.335958,positivo
-9.122591,24.166067,negativo
-15.766261,28.001682,positivo
29.444016,17.615005,positivo
-22.876476,-30.171494,negativo
11.538371,-33.645126,negativo
43.97612,-21.3831,negativo
22.851637,-12.661847,negativo
38.744614,-20.55005,negativo
-50.219604,-24.242891,negativo
20.990068,45.279907,negativo
-17.35477,48.716248,negativo
-3.5233734,23.314808,positivo
45.49334,3.173961,negativo
-28.673725,15.371777,negativo
54.470932,-1.9872085,positivo
-5.446098,-9.027523,positivo
-42.06496,-17.188622,negativo
-2.287382,-23.783937,positivo
23.456833,-15.090632,negativo
40.988655,5.200166,negativo
47.709244,3.79848,negativo
-13.913691,-8.425794,positivo
39.51337,-0.78067714,positivo
60.7819,-0.96941876,positivo
19.003338,40.400047,positivo
33.76886,6.075748,negativo
11.070009,36.077206,negativo
19.655445,-11.209316,negativo
-18.623987,41.636154,negativo
-34.920742,44.258347,negativo
-15.033236,-18.97797,negativo
26.259699,-9.99584,positivo
18.827524,29.85136,positivo
10.581972,40.26438,positivo
-23.098259,54.68883,positivo
-41.611305,-16.117113,negativo
32.530643,0.720976,positivo
-13.26586,49.387337,negativo
23.635098,35.093224,negativo
11.815795,29.115705,negativo
-25.877851,22.19241,negativo
-31.373161,-27.631159,negativo
44.247955,-25.454119,negativo
-27.40938,-6.3447547,negativo
-28.59792,17.381838,negativo
6.094717,29.739555,negativo
-36.500797,46.278187,negativo
-40.168488,-18.403744,negativo
-37.59898,32.76429,positivo
-41.215717,30.115248,negativo
-8.8057,8.184891,negativo
43.953114,2.293294,negativo
-23.428009,57.96957,positivo
-2.2070465,35.622078,negativo
-15.999055,0.67595226,positivo
23.427221,-7.213199,positivo
-19.14098,-20.959097,negativo
-16.468397,57.590504,negativo
33.16093,-1.9060152,negativo
-5.1211634,13.066433,positivo
11.277797,21.925812,negativo
-40.99485,-5.384911,negativo
-18.352753,49.790432,positivo
31.90013,-24.853,negativo
8.537515,-13.92458,positivo
-29.669191,-25.246311,negativo
-9.302693,-0.547674,negativo
-8.731629,-41.70551,negativo
14.683726,-41.483776,positivo
46.723633,14.687764,positivo
-52.116467,-19.344374,negativo
-10.75263,-31.947466,negativo
11.259206,14.773453,negativo
55.240692,-7.615683,positivo
-17.099737,11.80764,negativo
26.529436,-25.547714,negativo
-17.34924,-30.04501,negativo
26.287745,34.55808,positivo
35.415737,-29.975618,negativo
24.352074,-23.694319,negativo
-7.4388633,-5.563642,negativo
11.364366,54.952274,negativo
-2.3968744,12.8784485,positivo
5.1878333,-61.306454,positivo
8.97633,0.9073805,negativo
6.2974277,-61.606518,negativo
-30.674835,50.032066,positivo
29.454428,17.60065,positivo
58.243,3.5319695,negativo
-29.791283,38.49441,negativo
-32.13632,48.98352,positivo
-0.3110593,-40.10891,negativo
-16.827793,52.542473,positivo
41.724636,23.959587,positivo
-29.898502,41.17142,positivo
18.87083,53.70317,positivo
41.35682,16.722742,negativo
42.92662,-4.0984473,positivo
39.1428,-23.23064,negativo
-44.950356,19.30238,negativo
24.382658,-28.116133,positivo
-7.486994,4.655434,negativo
27.489714,-19.067852,negativo
-32.544415,42.986652,positivo
16.623158,21.324162,negativo
21.244123,-33.187565,negativo
-2.1812284,-23.700872,negativo
24.73994,-10.044696,positivo
51.194958,6.747115,negativo
23.790459,-8.813987,negativo
-8.663785,22.612238,negativo
45.564713,8.086986,positivo
-48.800346,-22.776278,negativo
1.5688208,17.234339,positivo
-27.849243,19.063017,negativo
-5.774217,31.59095,positivo
7.1266665,37.088215,positivo
5.958709,19.140457,positivo
36.918156,13.7845745,positivo
24.236076,18.672403,negativo
56.659317,-3.545814,positivo
40.538475,-27.7904,negativo
-16.290455,-46.781853,positivo
-18.363127,-34.258575,negativo
48.595047,-9.000929,negativo
-32.94228,28.938726,positivo
-26.542551,13.7270155,positivo
15.536759,-12.271433,positivo
56.33759,-5.657315,positivo
-20.290833,-21.95235,negativo
1.739096,-56.537773,negativo
-34.485935,-35.998894,positivo
-34.248264,9.243885,negativo
-17.309166,48.44147,positivo
-24.391705,-9.449485,positivo
-41.66455,0.18522915,positivo
-3.6197042,-32.620693,negativo
-39.67349,-14.919227,negativo
6.4052014,-55.798813,negativo
-15.911332,-7.3420196,negativo
31.349323,-22.675352,positivo
2.3159313,17.869242,positivo
-28.26803,36.41411,negativo
42.905483,-8.298224,negativo
-14.281923,4.6483026,negativo
31.770588,-11.645747,positivo
1.3440865,-11.152888,positivo
-26.428535,4.5942707,negativo
28.661142,-3.9178612,positivo
17.730873,-29.389671,negativo
18.71929,-28.482323,negativo
23.727583,-16.376476,negativo
-15.525001,-1.5533319,negativo
-2.3510334,25.63626,positivo
-8.433081,-8.872612,negativo
-23.170607,50.195408,negativo
-19.506468,53.088825,positivo
3.8718624,-57.34,negativo
-36.688507,-29.26203,negativo
50.293552,-1.6054913,positivo
-0.50580233,-31.213806,positivo
22.54005,51.084003,negativo
21.297205,50.670067,negativo
4.6811104,-4.5135727,positivo
27.38468,-7.4661365,positivo
-12.409869,-14.380296,positivo
39.18456,-17.14232,negativo
-27.305052,-43.892582,negativo
-11.635951,-6.721335,negativo
-15.436464,51.61398,positivo
-33.18344,-19.716421,positivo
-27.334787,-22.348251,negativo
34.533657,-1.5743188,positivo
-24.22406,5.402107,positivo
30.547855,-19.257336,negativo
-29.794245,34.18573,negativo
-23.446102,-37.762474,negativo
-6.4440746,20.345507,positivo
16.585035,-1.393696,negativo
-18.179262,0.6477999,negativo
-34.89979,-14.639148,negativo
-0.27501494,46.02698,positivo
-18.00583,-20.676445,negativo
-36.298374,-15.9368305,negativo
14.8098345,-12.934946,positivo
40.719826,-25.37928,negativo
14.539761,18.933552,positivo
-30.113718,-5.588465,positivo
7.924255,-34.565067,negativo
-44.29534,7.23556,negativo
11.231883,31.631527,positivo
-23.912016,33.962833,positivo
-3.7673593,-4.8112206,positivo
-18.828808,-7.6422396,positivo
34.642555,-1.2146221,negativo
46.249702,-25.729168,negativo
16.58883,36.004097,positivo
48.62383,13.50494,positivo
12.378934,-64.405815,positivo
-46.23562,-1.7458509,negativo
-19.088448,53.97131,positivo
-14.070353,-10.618243,positivo
-27.280125,-37.256916,negativo
-2.8169065,-30.829308,positivo
-5.8826637,-24.571741,positivo
-16.155983,45.448235,positivo
-32.84357,40.760635,negativo
-2.8849025,36.461254,positivo
11.342126,7.3072004,positivo
9.059688,-26.797483,positivo
7.0804267,-61.584354,positivo
43.9692,-9.624518,negativo
4.802097,-43.447758,positivo
-21.684076,-21.47908,negativo
42.675373,7.517752,positivo
-38.61933,34.182167,positivo
-11.541012,32.94761,positivo
-39.14108,2.8760004,negativo
-32.531876,-6.988813,negativo
-26.03718,34.21625,negativo
-30.428898,-45.905464,negativo
44.33986,-3.7683656,positivo
2.2657783,17.232487,negativo
-21.096634,-26.431866,negativo
-21.983757,4.003396,negativo
-30.898312,-27.091187,negativo
46.248703,-8.608171,positivo
-25.414248,-19.117477,negativo
-53.67134,-22.478321,negativo
-18.501003,-45.983906,positivo
-5.114198,-30.295033,positivo
-2.0849044,12.428214,positivo
49.310577,15.5517235,negativo
-18.16505,-16.967535,positivo
-10.056767,-18.752697,positivo
-20.17697,32.001118,positivo
37.30631,4.002715,negativo
-3.2090023,7.584024,positivo
0.5487043,-15.456595,positivo
-33.543385,43.936478,positivo
-22.53081,-18.484806,positivo
2.660462,18.716606,negativo
34.944866,1.5603268,positivo
24.819696,-15.61382,negativo
11.412856,-21.698952,positivo
42.76652,-2.104766,negativo
-21.649609,-21.313055,negativo
-9.682795,-20.390543,positivo
35.861668,-23.792622,negativo
-3.227484,27.209497,positivo
-16.326563,40.121723,positivo
-7.2017207,-1.269987,positivo
-11.892462,-48.102287,negativo
-25.078745,50.09242,positivo
14.595489,16.828707,negativo
-37.995914,-14.627495,negativo
5.9745255,2.804471,positivo
15.399389,42.52629,negativo
-13.781112,50.81644,positivo
16.414482,7.990821,negativo
39.897682,-27.356499,negativo
11.341376,17.650818,negativo
50.06897,-4.5178804,positivo
-9.079446,-29.611736,negativo
-36.621758,-11.446375,negativo
-24.516113,26.568796,negativo
4.875464,-44.40291,positivo
-12.483226,-39.74026,negativo
-19.767317,-8.444617,negativo
-40.532707,30.952116,negativo
-28.676348,-22.86221,negativo
11.403333,-57.654358,negativo
-23.128365,10.18181,negativo
-30.253574,-23.40847,negativo
12.901312,35.60216,positivo
-26.774755,-10.857139,negativo
3.0028436,-60.95558,negativo
59.680946,8.483275,positivo
25.50933,0.94353265,positivo
-15.414284,-26.91659,negativo
27.944298,-13.807748,negativo
48.540565,15.300644,negativo
-3.8360932,13.777174,positivo
9.544525,-63.674385,positivo
-42.36666,10.141636,positivo
20.523848,5.6386356,positivo
1.4694159,30.86209,positivo
18.085386,18.06949,positivo
45.42338,7.820907,negativo
-52.235497,-18.350414,negativo
-25.599426,-18.416643,negativo
-14.0438175,37.32216,positivo
-50.93388,-23.660837,negativo
24.473269,48.85352,positivo
-3.8548381,7.4191575,positivo
9.905088,-38.585953,positivo
-21.92108,0.5802826,negativo
-36.548523,36.282887,negativo
30.794075,-25.484392,positivo
-40.363136,8.2704315,positivo
26.071676,16.540329,positivo
-6.424722,29.588535,negativo
-37.003822,-1.9284408,negativo
-5.274595,3.9926631,positivo
15.635546,44.43996,negativo
35.886486,6.8207874,negativo
-13.158875,-14.900617,positivo
-20.468073,54.871037,negativo
-15.235699,-21.818096,negativo
51.727024,-3.4766116,positivo
-29.104584,36.285667,negativo
25.809904,50.85571,negativo
17.344643,44.522102,negativo
34.46398,1.0617995,positivo
-23.830076,5.671449,negativo
35.169727,-7.2383766,positivo
35.593742,-12.172711,positivo
52.4378,10.528262,negativo
9.51216,32.979706,positivo
-35.01464,37.3471,positivo
19.214676,35.927704,positivo
-4.512025,-7.16029,positivo
-27.527283,-24.609398,negativo
-15.075923,-12.642352,negativo
-29.02119,-10.026528,negativo
41.38406,-5.5906262,negativo
-4.545952,28.750908,positivo
37.586742,-27.011993,negativo
-24.978687,-6.066227,negativo
-24.225386,-23.565088,negativo
29.076,29.117735,negativo
-38.824886,-34.58773,positivo
22.474579,-29.278685,positivo
40.59767,-0.5650847,positivo
36.186607,-7.359437,positivo
22.429844,-29.101376,negativo
-4.2961464,-6.7211514,positivo
-29.251019,-9.950155,negativo
50.585377,8.314697,negativo
-0.83018273,34.880436,negativo
9.424424,2.1724212,negativo
28.616495,-26.587748,positivo
-3.9419553,-32.80725,positivo
-0.978463,-20.929926,positivo
6.8916445,-61.730175,positivo
-21.517658,33.573395,positivo
-24.897808,44.222183,positivo
43.5414,2.113829,positivo
-12.144708,16.30724,positivo
23.276749,3.2670805,positivo
-44.71441,6.584408,negativo
3.7727177,-34.99438,negativo
2.8704004,8.177969,positivo
-43.700134,-13.765197,negativo
22.649015,-4.039351,positivo
25.225782,-30.804485,positivo
62.141365,-2.3238328,positivo
24.735025,-11.459079,negativo
-24.700777,-22.84163,negativo
13.425996,38.110806,negativo
-37.95222,37.14828,negativo
42.308018,-8.931875,positivo
-7.388048,-25.862413,positivo
7.150301,-57.304012,negativo
-41.808857,-28.041973,negativo
43.173615,15.500275,positivo
-24.248472,-45.73332,negativo
-25.400782,-18.984243,positivo
29.560276,-14.094424,positivo
36.302605,13.656665,positivo
-17.301268,-18.426458,positivo
26.986626,-17.87873,negativo
25.072826,35.035156,positivo
50.46531,15.54556,negativo
-15.572725,10.319628,negativo
33.272774,-4.7566113,positivo
-17.317774,-48.543392,positivo
48.21546,10.60739,positivo
15.894152,40.73517,negativo
14.236574,33.737206,positivo
19.943687,-24.17262,negativo
18.097174,-28.19473,negativo
-5.589775,1.2446109,positivo
0.36014438,24.163631,positivo
26.648754,-35.61168,negativo
14.927867,42.01214,negativo
23.360249,48.09974,positivo
-0.47843245,-32.78911,negativo
33.18475,18.35801,negativo
-53.116077,-21.005188,negativo
31.531292,22.412703,positivo
7.7788863,14.801796,positivo
-25.73863,42.74557,negativo
-18.33822,34.05721,positivo
40.73042,23.93487,negativo
6.8859224,-56.08603,negativo
55.79585,-2.1333342,positivo
-18.379766,10.022798,negativo
61.25518,1.7095093,positivo
-38.345238,0.08676377,positivo
-28.361443,-44.92268,negativo
22.80181,-0.77574426,negativo
-5.303487,30.140924,negativo
-47.06732,-17.623154,negativo
35.30951,-10.315091,positivo
16.11124,40.48844,negativo
22.476023,48.011715,negativo
16.287254,30.839666,negativo
-35.932743,-27.547018,negativo
39.76325,-30.52329,negativo
-12.565458,2.3203814,positivo
34.1121,-15.530662,negativo
-24.173662,37.564854,negativo
-32.97663,-11.566275,negativo
0.7697288,-32.246773,negativo
38.535244,5.963897,negativo
40.53819,-12.285669,negativo
42.449745,13.410513,negativo
45.99299,-14.311022,negativo
50.270218,10.300479,negativo
33.15163,21.68808,positivo
-28.459087,53.415104,positivo
34.971455,-30.23551,negativo
-6.1775746,11.290773,negativo
14.585981,-15.456102,negativo
19.011654,37.975494,negativo
-24.591063,-21.523922,positivo
29.532549,29.091103,negativo
10.687242,-34.321545,negativo
8.363869,-14.736552,negativo
16.742355,7.367483,positivo
-42.244404,-29.105501,negativo
-15.938429,52.05748,negativo
37.71713,-21.853186,positivo
38.938065,2.7857413,positivo
14.579288,35.846394,positivo
17.958635,-14.136704,positivo
16.32096,6.8047576,positivo
11.193033,33.732388,negativo
-38.980946,-32.992165,negativo
3.2353413,-10.003607,positivo
-17.316252,7.719992,negativo
18.312632,18.2165,negativo
-24.047348,-31.841385,negativo
35.733532,-4.993309,negativo
19.006575,-5.4705496,negativo
-15.361601,-50.212166,positivo
12.484212,-16.786823,positivo
-19.057297,-31.3352,positivo
-54.961742,-24.465939,negativo
33.71921,-1.5096554,negativo
-41.97173,6.193719,negativo
-44.790054,-20.69766,negativo
-36.68288,32.440037,positivo
-16.019897,-16.019361,negativo
-8.748556,2.2239988,negativo
3.1496425,7.192321,positivo
27.801195,46.492718,positivo
24.463867,-10.171588,negativo
-5.6295953,-9.483608,positivo
-4.3616295,-5.05807,negativo
14.433586,1.786036,positivo
-27.881392,1.3457891,negativo
-31.265396,38.272724,positivo
-42.58446,-27.92665,negativo
15.4418745,-17.317045,negativo
47.328712,-20.93058,negativo
-14.013599,-1.6729506,negativo
-36.65848,34.929012,positivo
34.7273,-5.337126,positivo
-26.032658,-3.5510345,positivo
-0.5264529,-31.113943,positivo
-29.385427,-9.948384,negativo
56.5686,-6.213744,positivo
-45.785572,-20.412167,negativo
16.97537,48.470123,negativo
-16.496416,39.794647,positivo
33.106083,-25.632273,positivo
21.466778,-15.047057,negativo
0.41428742,-25.431452,positivo
-37.6675,39.66507,positivo
-27.346786,-3.159844,positivo
20.139194,34.43292,negativo
39.01582,0.22377963,negativo
-24.122868,-24.041042,negativo
-46.555393,-9.560326,negativo
-55.27081,-20.988321,negativo
41.24035,-10.904094,negativo
-35.342907,-19.295443,negativo
-28.837831,39.76064,positivo
3.5593958,17.84499,negativo
-29.385376,40.03909,positivo
21.993498,44.589016,positivo
46.711266,-3.109704,positivo
-15.783622,9.628406,negativo
-17.441172,-12.324733,positivo
35.846222,-27.092775,negativo
-25.300617,-25.723839,negativo
56.095116,-3.4519045,positivo
26.545542,-16.167076,positivo
12.4669285,8.735554,positivo
4.8468847,-52.30259,positivo
-51.875965,-23.036507,negativo
38.840733,-23.265099,negativo
39.486736,11.943328,positivo
7.4566097,18.466919,positivo
14.304245,-19.87328,negativo
-22.438936,-38.37358,negativo
30.906878,-19.265661,positivo
0.69452244,41.720245,positivo
-5.036998,10.472064,positivo
-17.671246,45.10848,positivo
-24.920547,-7.758007,positivo
-24.599367,-23.050137,negativo
23.942244,-14.383586,positivo
-12.196496,52.677914,positivo
-38.58132,-30.798473,negativo
39.19986,23.574888,positivo
33.699867,-20.571829,negativo
47.277077,-17.120058,positivo
-2.4634073,-10.851013,positivo
-27.065401,-32.98164,negativo
-29.059093,38.104492,positivo
-13.486031,-52.856705,negativo
30.049135,0.7989758,negativo
4.884946,39.839077,positivo
37.042347,-0.23185417,negativo
22.076591,-14.268535,negativo
2.1577823,-56.749306,negativo
16.868904,35.80325,positivo
-6.0852013,-20.76026,positivo
18.33913,-25.459305,negativo
3.0441763,23.8967,positivo
55.248367,-1.2829388,positivo
-24.559072,-22.327936,negativo
-8.2168665,-49.5832,negativo
-38.845837,34.027832,positivo
-17.007936,-31.223711,positivo
53.95264,-2.3330998,negativo
37.33411,-4.8217216,positivo
-9.512963,-28.44383,positivo
46.461433,9.327443,negativo
26.423096,-2.5825276,positivo
-46.27081,-18.787224,negativo
-23.270699,-16.179747,positivo
24.058992,1.8945687,positivo
-38.423088,22.183647,negativo
14.772393,41.467495,negativo
20.16776,-34.822544,negativo
-0.052478552,-8.484876,positivo
52.652836,-10.55465,positivo
53.695248,-10.290991,positivo
-13.020493,31.131245,positivo
-30.926857,4.642243,negativo
-17.105236,5.1159334,positivo
24.023197,-23.920544,positivo
-25.335646,53.574497,positivo
1.154429,19.84465,negativo
-0.28757465,-2.84866,negativo
9.788575,43.884148,negativo
44.419846,-23.987879,negativo
20.903854,47.86901,negativo
-25.462076,-3.2634783,positivo
38.59894,-15.566164,positivo
52.661877,-2.631891,positivo
-52.41392,-18.339842,negativo
51.096504,-14.05914,negativo
-17.01765,-47.132053,positivo
-26.80447,-10.858588,negativo
-19.757998,-15.671107,negativo
38.86726,-10.871227,positivo
50.728428,-0.31299338,negativo
-28.536547,-9.788975,negativo
-3.269163,28.140324,positivo
34.174805,5.997919,positivo
23.287853,-10.183424,positivo
-22.758478,46.20932,negativo
-42.541443,6.933794,positivo
22.052656,1.4048603,negativo
58.238964,1.8960373,positivo
-1.2903018,27.020374,positivo
-19.335798,49.714516,negativo
-5.7201705,-34.105766,positivo
39.763733,-9.286303,positivo
22.02175,18.06413,negativo
-20.720312,52.42316,positivo
10.64197,20.296024,positivo
-4.6055636,2.3335776,positivo
-22.682146,45.53253,negativo
-31.818047,-21.281034,negativo
45.036083,-0.13125364,negativo
28.580973,-27.37667,negativo
-44.761723,6.7891784,negativo
-1.9769956,-34.01272,negativo
44.755436,-2.4251802,positivo
-38.11777,-18.557268,negativo
23.721754,-26.48578,positivo
-32.183556,12.549934,negativo
-36.584034,-16.048857,positivo
-8.475914,17.27759,positivo
-29.226023,-26.510866,negativo
-9.177983,-17.313482,positivo
-7.89963,-23.629688,positivo
-30.521076,16.36523,positivo
2.019419,18.257233,negativo
-42.86291,-18.730276,negativo
-33.920456,-17.77512,positivo
-22.93897,52.14332,negativo
-10.430637,-38.10208,positivo
19.68268,-33.523563,negativo
-20.827787,-24.12848,negativo
-10.423774,-13.737741,positivo
-27.715338,-5.3282547,negativo
-13.27234,8.153464,positivo
-31.386381,42.64666,positivo
48.601837,-0.4104292,negativo
-26.933735,-32.277332,positivo
-15.34634,3.3802042,negativo
31.11351,-30.985605,positivo
33.913895,-15.407408,negativo
-27.075739,48.43428,negativo
-27.03264,34.09057,positivo
-26.29316,5.084532,negativo
-38.184746,41.016975,negativo
35.409054,-4.489014,negativo
2.1558528,26.878027,negativo
8.009846,-60.70157,negativo
30.790306,5.6905766,positivo
6.703752,-24.129503,negativo
12.193738,-12.290627,positivo
18.432663,13.897282,negativo
4.347476,40.27948,positivo
12.528234,33.720737,negativo
40.83635,19.719486,negativo
-38.884556,-32.806664,positivo
-3.535083,-12.207395,positivo
-5.4036,21.17049,positivo
-1.1447625,11.489945,positivo
30.875208,-24.185858,positivo
-18.482615,-15.705063,negativo
-3.6197486,-24.489445,positivo
-42.749416,-18.77799,positivo
49.61928,-14.592306,negativo
-38.76658,39.281292,negativo
-25.662432,48.885155,positivo
26.781506,-14.547888,negativo
38.941032,-2.9893057,positivo
39.403477,-29.25727,negativo
-40.841076,-12.164752,negativo
29.475521,10.504976,positivo
-23.989841,13.056703,negativo
-11.914636,-1.0598692,negativo
55.33105,2.5144649,positivo
17.096144,-28.593807,negativo
-29.251955,16.086166,negativo
8.787936,30.82739,positivo
13.748346,-41.25627,positivo
-37.68908,-22.99554,negativo
10.820389,19.946222,positivo
9.786988,-27.78927,positivo
12.043032,8.722459,positivo
32.032974,4.5577865,positivo
0.31973997,18.078064,negativo
37.00931,4.986004,negativo
-18.349678,-27.938408,positivo
-37.746937,22.850677,negativo
-17.981129,-11.029347,positivo
22.449425,-15.071126,negativo
59.673927,-1.3014668,positivo
14.866507,-14.352987,negativo
12.335739,-17.492823,positivo
28.70916,-3.6028633,negativo
55.08678,1.3780036,positivo
17.949684,35.358814,positivo
-19.174652,36.007095,positivo
-30.146591,16.414402,negativo
-27.149817,-31.936825,negativo
-14.927259,55.79676,negativo
18.402885,10.148896,positivo
-15.731612,-19.092457,negativo
-45.576923,4.3386006,negativo
-11.639718,-6.813579,negativo
53.727108,-3.2222219,positivo
14.497555,39.569252,negativo
-12.044833,-16.605042,negativo
-40.30465,-30.108372,negativo
-8.510344,-24.547232,negativo
-23.621447,-26.882774,negativo
43.32851,-0.7665354,positivo
-1.401618,-13.030192,positivo
-3.916573,11.736617,positivo
2.6875045,15.075195,negativo
-5.0207543,-8.738331,positivo
16.761778,2.8429103,positivo
-6.537143,6.153104,negativo
21.512873,48.249905,negativo
40.42951,7.622045,positivo
-21.261606,54.527115,positivo
1.3358711,-34.849182,negativo
48.378204,1.7085211,positivo
-21.280226,-23.93411,negativo
47.747597,9.455536,negativo
-2.8043978,10.261264,positivo
-36.5219,-7.884945,negativo
34.035263,-6.1610966,positivo
5.3898315,17.72449,positivo
-39.52611,-25.082151,negativo
43.01205,6.8019886,positivo
-26.98394,27.904533,positivo
14.150907,-14.588902,negativo
-14.446453,-4.915048,positivo
-30.808895,3.583243,negativo
-0.015215261,-57.36508,negativo
-33.091343,40.869465,negativo
-25.648134,29.93162,positivo
-7.3264885,-28.7596,positivo
-43.49916,4.4510922,positivo
31.772547,-19.775146,negativo
11.643574,-18.80041,positivo
17.141642,-10.790115,positivo
-33.710938,-8.672047,negativo
29.048138,-27.794659,positivo
55.974583,5.1675954,positivo
23.630302,48.82281,positivo
14.460224,45.311367,negativo
-4.8392167,25.003838,positivo
36.317307,11.08064,positivo
0.4439338,-11.448082,negativo
-20.415388,57.342285,negativo
35.968655,-18.521624,positivo
6.104399,-62.7991,positivo
31.828394,4.169108,negativo
-14.584533,0.72629535,positivo
-30.266521,-20.148375,negativo
36.63863,3.1549284,positivo
-4.7562747,28.05729,positivo
-6.5050836,-1.9952234,negativo
8.289928,-60.975613,negativo
-13.406352,-12.03633,positivo
-24.6202,56.398518,positivo
23.894667,46.2098,positivo
12.193682,24.319744,positivo
58.629993,4.4446945,positivo
31.912018,-6.3512006,negativo
26.516287,13.409178,positivo
-17.513262,-29.878635,positivo
30.048233,0.6105382,negativo
51.462116,12.383702,positivo
4.8131566,-62.616627,negativo
1.3748075,16.870745,positivo
48.300972,6.385183,negativo
-9.059357,-23.18934,positivo
-24.53558,2.674339,negativo
-12.744711,53.94974,positivo
16.134083,6.500448,positivo
3.5954254,-59.051563,negativo
18.359505,-18.282488,positivo
-1.7229191,46.96358,negativo
-1.7448788,33.06528,negativo
17.93762,-12.602519,negativo
39.19137,25.283577,positivo
9.228118,-12.657535,positivo
25.289816,10.64554,negativo
-19.28154,-30.983501,positivo
-14.073535,37.273083,negativo
9.157733,-18.600555,negativo
-24.651854,-12.552132,negativo
-2.7714152,-42.082706,negativo
30.635174,-16.805855,negativo
10.3823,27.198599,negativo
26.781124,33.761414,positivo
23.91885,-5.0910997,positivo
23.137934,-17.507795,positivo
-17.528921,20.005268,negativo
-29.245775,38.335964,negativo
-24.502987,20.546535,negativo
-9.667942,-38.77466,positivo
45.55689,-11.979571,negativo
-19.594547,51.33569,negativo
-4.32713,24.248642,positivo
-3.8019705,-20.186726,positivo
-13.5458145,-32.768414,negativo
-31.111055,1.0506465,positivo
-52.673073,-16.879047,positivo
3.708658,-22.057209,positivo
2.1986845,20.778086,positivo
-20.519835,-28.232185,negativo
-1.8959116,-15.022762,positivo
52.625027,2.7821608,negativo
-19.852808,6.9451776,negativo
-23.665188,41.77778,negativo
31.091732,-15.186377,negativo
14.744404,46.554356,positivo
-8.78327,34.587162,positivo
11.66707,-21.729061,positivo
44.06592,22.947586,negativo
-31.052298,37.662502,positivo
12.712568,39.576458,negativo
-14.259938,21.546684,positivo
15.728339,46.03838,negativo
11.267141,-12.217536,positivo
-37.024105,41.13595,positivo
-5.764261,-11.455402,positivo
-28.73813,25.687212,negativo
-3.4534152,-32.025013,negativo
-8.458909,-34.5464,negativo
21.499023,16.442429,negativo
-26.810717,-45.310318,negativo
-35.196682,-7.1574497,negativo
-27.73633,-9.098398,positivo
-34.101257,-35.956703,negativo
-42.730816,3.0343885,positivo
4.865185,32.08825,positivo
-53.151394,-25.612999,negativo
25.633013,-12.431138,positivo
16.05228,55.263676,positivo
6.6782255,-54.925728,positivo
48.104385,-22.96527,negativo
27.585327,-11.818279,positivo
-25.735924,-19.56695,positivo
47.726772,-12.603736,negativo
3.6395555,-18.368881,positivo
-15.952571,11.765055,negativo
51.609764,10.142983,positivo
17.33506,37.024532,negativo
-35.837967,-4.287199,positivo
23.567589,8.637657,negativo
-18.106016,54.915157,positivo
-31.120436,37.865887,positivo
25.443726,-26.468683,negativo
7.2698836,-56.72448,negativo
-35.00187,-17.498922,negativo
-16.84064,3.2059076,negativo
-38.65783,10.606262,positivo
28.061506,25.612638,negativo
-30.954296,30.830105,positivo
-41.38862,-11.90633,negativo
-16.491873,7.263541,positivo
52.47078,13.353417,positivo
-5.288909,-24.442564,negativo
-43.401104,28.263626,negativo
-19.27877,-28.721348,positivo
4.6839776,-35.313023,positivo
-43.14291,-16.885977,positivo
-6.562292,-28.2549,negativo
24.507679,-17.810143,negativo
-7.8215995,24.31464,negativo
-2.2021213,37.550243,negativo
17.462051,29.037966,negativo
-9.760942,42.19891,positivo
4.808514,-56.260876,negativo
46.182903,-10.469166,negativo
-41.782597,-44.236137,positivo
-33.929356,-32.17052,positivo
-20.905096,35.94891,negativo
-30.099068,16.082266,positivo
12.670494,8.801836,positivo
-40.240368,42.97784,positivo
-19.500738,-43.9207,negativo
-9.845349,-5.176802,positivo
-1.9658955,-7.5074577,negativo
43.945133,-30.780958,negativo
-28.723063,-17.422876,negativo
39.003334,-17.178297,positivo
36.861618,-16.291008,negativo
57.945606,3.9976494,negativo
-18.173231,-20.57496,negativo
20.291637,13.0190115,negativo
-31.176542,-47.44031,negativo
40.67422,-15.029729,positivo
34.457176,-7.7330103,positivo
-12.937613,-12.801245,negativo
-28.134743,-15.046409,negativo
-51.28652,-25.087484,negativo
15.158844,12.552476,positivo
12.003549,-5.7462177,positivo
-21.230469,-11.580436,positivo
2.5966399,-58.868942,negativo
13.9598,35.183514,negativo
-12.146565,12.602232,negativo
15.622778,-12.157356,negativo
22.67124,-4.053836,negativo
-11.897134,50.121006,positivo
35.95957,-14.352581,negativo
-28.41273,25.266155,positivo
2.7427669,-37.5187,positivo
-32.293995,-1.3995446,positivo
-15.386068,-4.416036,negativo
-41.822136,-27.975893,negativo
-11.242467,-9.3536215,negativo
-41.270096,37.68057,negativo
-25.190844,-37.472084,positivo
-11.408096,5.5488186,negativo
20.519754,43.88829,negativo
-54.00731,-22.927584,negativo
36.696556,-0.67158794,positivo
55.83786,-6.859027,negativo
-28.00995,9.856808,negativo
-2.1527576,35.52045,negativo
-30.06271,-11.051274,negativo
-41.47947,8.572802,positivo
-10.137416,-2.160966,positivo
8.07234,-29.47441,negativo
14.481858,45.065987,negativo
-28.545202,-15.039947,positivo
37.555405,-7.89569,positivo
-16.957167,13.797513,positivo
18.02148,46.560894,negativo
-14.153836,-1.0563241,positivo
-28.295391,14.135265,negativo
37.09339,-29.918213,negativo
-8.461044,-38.560093,positivo
-1.4296042,-1.0967237,negativo
35.649635,-2.1565833,positivo
7.84147,-12.933216,positivo
-26.352415,-15.815022,negativo
26.66139,-35.625874,negativo
19.293432,5.125291,positivo
-16.149572,-17.0709,positivo
4.009607,-55.026665,negativo
5.625352,12.801168,positivo
-10.18304,-38.979618,negativo
-9.432228,17.649647,negativo
-6.1502666,-14.487684,positivo
18.423609,41.1282,positivo
24.327988,33.23287,positivo
23.595755,44.773468,negativo
-10.368203,45.101875,positivo
-30.243193,-35.12172,negativo
53.36528,-19.382263,negativo
-23.09061,-37.084446,positivo
-2.3235285,-10.680859,negativo
-30.930998,33.470474,negativo
12.172314,-60.628193,positivo
-33.963524,-7.851646,positivo
0.7257331,41.729565,negativo
16.662098,34.238457,positivo
-27.272648,-44.660767,positivo
-2.247102,11.982751,positivo
8.889795,-34.17636,negativo
-20.814915,-25.512453,negativo
10.203561,19.510397,positivo
-24.89689,-46.250168,negativo
38.06577,-5.5696926,negativo
-2.0873945,25.480139,positivo
0.30320954,-40.09239,negativo
3.664054,-33.89261,negativo
-27.5364,1.7374614,negativo
7.2580814,-35.7261,negativo
30.040834,-3.8371074,positivo
-10.289522,38.707455,negativo
4.474937,16.298473,positivo
-39.080345,-16.889837,negativo
3.997208,-25.594187,positivo
-30.595524,-18.635265,negativo
26.85266,-3.2904,positivo
-52.508537,-24.243528,negativo
22.042889,-29.957724,positivo
5.565365,-60.369835,negativo
31.52064,-8.485285,negativo
-3.8893504,27.087097,positivo
5.267811,41.77118,negativo
54.158813,4.9816127,positivo
20.827854,35.129967,positivo
-26.076664,10.830695,positivo
-46.399906,-11.099103,negativo
-26.501759,10.372967,positivo
-31.912811,-14.1085825,negativo
7.7354493,-26.984947,positivo
30.595272,-6.329119,positivo
12.291055,21.068977,positivo
-26.62465,-46.036457,negativo
-13.608052,-25.2308,negativo
14.512011,48.03667,negativo
18.98378,55.68308,positivo
-13.583213,8.956799,positivo
8.388955,-58.939075,positivo
6.1883435,-7.118907,positivo
26.488016,-18.40679,positivo
31.844278,-34.21219,negativo
-24.369265,-46.79134,negativo
-3.5333998,25.885458,positivo
13.619433,32.602676,positivo
-8.801567,-26.843977,negativo
28.11249,25.639784,positivo
-13.517746,-27.927223,negativo
49.895187,-4.1735253,positivo
17.964355,32.631752,positivo
35.59026,-17.63641,positivo
-3.7934709,-14.5878725,negativo
50.275303,10.081362,negativo
-19.454987,22.472116,negativo
-23.572977,33.566128,positivo
-31.252968,-32.309395,negativo
-21.200169,0.9292803,positivo
-39.173717,-31.056953,negativo
-45.102448,-14.301782,negativo
-35.177597,-7.098005,negativo
50.006824,6.6030374,negativo
-19.105965,-38.780693,negativo
-5.625991,39.777668,positivo
-16.461554,39.74683,negativo
-22.164614,-28.998676,negativo
-15.449917,-25.949606,positivo
24.753822,-20.755716,positivo
-13.632218,-43.862976,negativo
39.54225,12.510129,negativo
29.61927,-23.155361,negativo
8.14654,37.312984,positivo
-32.700478,42.0614,positivo
-24.083584,31.49082,positivo
56.85856,-6.4819503,positivo
-26.68571,-46.724922,positivo
-29.682373,32.28029,positivo
13.085963,-25.555737,positivo
-23.221619,-6.1600595,positivo
14.409535,-19.951015,negativo
14.537961,11.987269,positivo
-32.338013,49.008564,negativo
-34.567932,-12.075681,negativo
-41.06825,-19.884657,negativo
-51.164898,-26.312777,negativo
38.42099,-4.344001,positivo
-0.20358957,-28.969639,positivo
-42.74513,-8.279947,negativo
20.974148,-2.7090557,negativo
-26.786657,54.59288,positivo
-16.159943,-2.474525,negativo
35.5493,-1.5603611,negativo
-6.321146,7.367997,negativo
44.477802,9.126737,negativo
48.94364,-2.8593352,negativo
-22.000566,43.83345,positivo
31.295387,5.0516267,positivo
33.91757,-4.3320956,positivo
1.8479018,5.071562,positivo
47.27508,14.5245075,positivo
7.28726,-58.850285,positivo
23.201958,-14.697712,positivo
3.664335,-58.678505,negativo
18.64563,29.701096,positivo
-12.6912985,53.424732,positivo
-30.499561,11.447597,negativo
20.006687,-7.629173,negativo
42.658016,18.301512,negativo
-22.846458,33.640015,positivo
6.8587317,-57.12941,negativo
-30.933216,39.602898,positivo
26.306849,0.3900108,positivo
25.844378,-14.346803,negativo
-21.321165,55.27885,positivo
14.3029175,52.61905,positivo
-21.492466,-36.25111,negativo
-18.293133,-25.015812,negativo
-34.8389,-15.718095,negativo
-12.418754,2.1502416,positivo
9.896524,13.130555,negativo
2.1530714,10.129087,positivo
-31.900913,-4.0221324,negativo
31.892952,-21.679495,positivo
-25.327166,34.142815,negativo
-19.77498,28.44269,negativo
34.081074,-2.8598096,negativo
-41.796425,-28.667479,negativo
-31.761663,35.19145,negativo
-11.744299,-3.4308677,positivo
-13.8474245,51.989162,positivo
3.8696442,-13.121865,positivo
-33.968693,47.613106,negativo
11.888601,-41.16396,negativo
-27.190458,14.844902,negativo
-17.458662,54.992397,positivo
-12.985485,1.3657905,positivo
10.641654,23.764198,positivo
31.19285,-3.3005362,positivo
17.441565,-27.767262,negativo
13.1354065,22.066063,negativo
16.939356,46.44665,negativo
-5.644264,-8.045394,positivo
-36.064884,-7.6993566,negativo
7.6263747,-61.96974,positivo
-1.4654441,14.906856,positivo
-31.707407,23.688349,positivo
9.282103,-47.181545,negativo
-29.378756,-1.6679375,positivo
39.281654,-5.061339,positivo
19.490776,-3.0682542,positivo
-9.057399,-17.359169,positivo
5.2849917,-63.401287,positivo
-2.0564303,-18.44095,positivo
-31.198898,-21.534527,negativo
-16.640594,10.75947,negativo
18.39744,-20.99656,positivo
-1.5666543,-2.8179967,positivo
44.741905,-8.60881,positivo
-5.418337,20.999077,positivo
26.065306,48.483784,positivo
-40.647346,-8.365003,positivo
-17.603302,22.887884,positivo
-34.68027,35.73656,negativo
-33.370243,-10.173114,negativo
-5.806413,-26.881395,negativo
38.911102,-27.630024,negativo
-15.657764,-33.581192,negativo
32.861584,-5.9170947,positivo
-37.787033,16.238096,negativo
-1.9469181,-7.498887,negativo
-11.952362,0.5053472,positivo
-41.521126,36.997974,negativo
-45.963722,-25.095444,negativo
-15.3019,5.356319,positivo
45.11556,19.093153,positivo
-43.723476,-30.474258,negativo
44.499355,-23.451595,negativo
6.198784,-7.1365423,positivo
24.310493,22.553856,negativo
-33.43465,42.191628,positivo
8.069763,-8.51787,positivo
24.89212,35.445904,negativo
-20.738945,45.55576,positivo
50.1352,10.978872,positivo
-24.763556,-23.142555,negativo
0.117398955,-28.22465,positivo
-36.61817,4.675119,negativo
-2.1391852,34.573746,positivo
-24.050102,-2.1991904,negativo
6.098965,-24.021559,positivo
18.40605,47.707005,negativo
-19.73038,47.962593,negativo
-44.0516,8.664188,positivo
-34.875874,44.15537,positivo
-37.55262,-7.9126368,positivo
-26.14092,48.562325,positivo
25.667559,17.669989,positivo
-17.365845,-8.835308,negativo
48.86095,-10.37103,negativo
30.045483,-19.613499,negativo
-36.52156,41.33827,positivo
2.6474938,32.30002,positivo
32.787308,-23.210215,positivo
29.97793,19.950146,negativo
-1.285812,30.335077,negativo
26.146584,-17.027508,negativo
-18.368948,-39.02971,positivo
23.822504,28.40915,positivo
-10.679866,-40.29904,negativo
-2.6002073,-30.783709,negativo
-52.511284,-25.33171,negativo
-5.282433,27.420317,positivo
-16.76909,-25.255007,negativo
-22.315655,-15.772596,positivo
26.753975,-37.35768,positivo
24.83638,-20.18204,negativo
-10.753512,-21.872044,positivo
-26.473936,47.297054,negativo
0.6965708,-19.166767,positivo
10.490554,-61.983456,negativo
-27.436106,-45.985992,negativo
28.19393,-17.23581,negativo
9.477223,39.54348,positivo
-54.86242,-25.130835,negativo
0.33402383,-13.494429,positivo
9.071649,4.6142564,negativo
-22.831524,-3.0470555,positivo
-39.64398,11.096861,negativo
44.128365,5.257259,positivo
-26.893925,-20.964363,negativo
-16.227345,6.463577,negativo
14.085318,-35.958786,positivo
-26.673916,32.5629,negativo
22.935324,14.369555,positivo
12.920042,-1.0227373,negativo
2.939023,-14.296884,positivo
29.445805,-19.96113,negativo
9.687085,3.5429187,negativo
6.258416,-19.12832,negativo
-33.74406,43.78753,negativo
-25.419222,47.841858,positivo
9.958014,3.939279,negativo
-32.23883,-10.601196,negativo
-40.792862,-12.471361,negativo
-27.56361,-26.776596,negativo
55.46739,-2.2416112,negativo
11.304581,30.753874,negativo
-53.33386,-24.899761,negativo
16.846926,34.605415,positivo
30.803856,-21.466625,positivo
-43.015102,8.380102,positivo
33.076687,-12.157106,positivo
9.0527,-64.50277,positivo
-25.614578,-2.6389804,negativo
-13.123579,-26.877352,negativo
-15.28843,15.994368,negativo
17.79131,42.3452,positivo
-7.583869,22.48161,negativo
-23.378267,17.53781,negativo
22.062668,31.947939,positivo
0.9246139,-22.343271,positivo
-41.19445,-35.00296,negativo
-18.010223,25.840279,negativo
-13.736304,-7.7970033,positivo
22.734842,34.893154,positivo
37.951443,7.104444,positivo
18.79641,30.271835,positivo
19.436193,-18.261261,positivo
19.51491,-22.094353,positivo
-27.926056,40.993595,positivo
-28.921352,-2.2069848,negativo
18.991344,-31.594547,positivo
-24.894299,-6.1018457,positivo
-0.3331989,6.680456,negativo
-6.654597,-4.5822926,negativo
23.008413,51.219036,positivo
6.5087037,23.511839,positivo
-22.83973,24.849089,negativo
21.929234,-19.590506,negativo
-36.62853,35.09159,positivo
9.961494,-14.896775,negativo
13.779161,21.058126,positivo
-24.466158,20.484943,negativo
-34.3335,51.620472,negativo
17.494846,37.46762,negativo
-35.72635,-36.935333,positivo
-0.7985853,-16.669304,negativo
-7.385378,-19.148891,positivo
16.603025,-32.619373,negativo
-25.209257,1.8573766,negativo
8.932974,-10.418973,positivo
49.224567,-15.284168,negativo
-38.771744,-21.202482,negativo
-16.921997,46.477932,positivo
18.936115,-20.180656,positivo
-20.728586,-30.413786,negativo
-23.280668,-6.151427,negativo
61.659065,4.3464665,negativo
-21.715914,-5.060079,negativo
-7.1615257,0.491793,positivo
-31.183153,41.78486,positivo
12.9812565,13.559784,negativo
-10.085823,-38.17027,positivo
-26.355574,-20.790007,positivo
-2.17238,34.65222,positivo
42.118855,21.010307,positivo
35.468643,-8.902417,negativo
17.950998,-23.827469,negativo
-27.64602,-8.912511,negativo
61.32598,1.6927109,positivo
-20.542162,40.373047,positivo
12.730855,-6.6862736,positivo
-2.9477646,-32.56046,positivo
18.057217,40.569473,positivo
9.72252,-34.94084,positivo
-21.142508,-12.025792,negativo
-8.55688,-29.17815,negativo
-7.6218796,17.715551,negativo
5.415965,-58.298077,negativo
30.867527,3.794729,positivo
-2.7659962,-42.065598,negativo
-11.958906,-50.07629,positivo
24.968988,12.831318,positivo
28.399223,4.1893263,negativo
1.1400194,1.866265,positivo
-47.215183,-9.531113,positivo
25.215765,10.039782,positivo
41.068348,-3.2721577,negativo
-20.785011,-6.0898423,positivo
-29.890347,-21.205427,negativo
-24.780525,48.05675,positivo
-15.189747,-4.2971406,positivo
47.996067,-24.456429,negativo
22.356813,52.766792,negativo
-12.620954,-27.444769,negativo
-41.324764,-19.966621,negativo
-23.96652,-42.130684,negativo
-31.984217,49.00223,negativo
-40.502525,-8.349982,negativo
-14.443432,4.3111897,negativo
32.53289,-22.316847,negativo
-27.505043,-45.752552,negativo
-31.755966,39.375977,positivo
26.648869,-9.938693,positivo
22.531256,-28.766907,negativo
38.786423,-5.1073995,positivo
-0.46996865,36.7591,negativo
22.834824,51.329453,negativo
25.598349,39.06049,positivo
44.3768,4.5328245,negativo
-1.2475531,13.665679,negativo
33.650394,-9.148902,positivo
23.274687,-0.9974345,negativo
-6.6406264,35.08913,positivo
-13.4765625,-0.6261495,positivo
35.149193,29.53692,positivo
-29.571896,-41.78094,positivo
-4.090616,32.71941,negativo
22.51563,2.8294928,positivo
26.628792,-18.167881,positivo
11.918716,-4.7230787,positivo
-25.896942,53.014084,positivo
23.53525,-6.6608796,positivo
-30.099997,16.107508,positivo
-14.306534,13.256319,negativo
19.722595,-13.757528,negativo
45.45126,-19.16962,negativo
-20.084585,54.64383,negativo
-31.156412,-18.675795,negativo
4.4039016,-42.55569,negativo
28.912466,-17.551292,negativo
34.027454,-32.397343,negativo
47.97334,1.5564895,positivo
28.00007,-21.555338,negativo
27.810877,-36.71564,negativo
-24.88053,-24.303009,negativo
-12.0931225,-35.01806,positivo
12.118041,47.329933,negativo
41.850918,22.575283,negativo
21.334,-23.793524,negativo
12.668213,-30.990644,positivo
-33.773697,47.15375,positivo
48.341274,-5.4566426,negativo
33.01213,-9.697819,negativo
-13.570604,42.983322,positivo
30.971052,6.1444983,positivo
10.442295,-57.141506,negativo
8.585132,-27.09168,positivo
44.19511,7.7627068,negativo
35.457794,-2.88335,positivo
-21.193092,50.648132,positivo
-17.719185,16.716719,negativo
-26.34749,13.269098,negativo
41.74271,19.132338,positivo
-38.96779,-19.32311,negativo
1.758361,-3.4822648,positivo
-40.49391,42.285683,positivo
-25.700262,33.935043,positivo
-12.964664,-28.757666,negativo
-28.313795,44.538982,negativo
-19.29096,-8.456806,positivo
-4.637619,1.6823212,positivo
45.801277,21.00683,positivo
29.796852,2.9193604,positivo
-22.53919,1.8509207,negativo
-39.117104,5.316018,negativo
45.788406,20.576237,positivo
-29.6881,-10.386841,negativo
15.047389,32.627174,positivo
-15.745645,-15.215242,positivo
-45.309216,-20.542917,negativo
39.545357,-1.1344578,positivo
31.86509,-20.165382,negativo
10.104781,30.234774,positivo
-48.10975,-22.682985,negativo
25.480787,-25.982052,negativo
-15.917759,-46.970703,positivo
-39.045307,-17.31645,negativo
-2.7187533,12.636718,positivo
-15.781206,-19.715672,negativo
-40.23245,-36.795437,positivo
-33.70996,39.23459,negativo
-16.084913,1.9781668,positivo
41.052414,21.94352,positivo
18.762222,31.794867,positivo
-26.547909,-26.582653,negativo
12.021179,-6.4500217,positivo
-18.457426,-9.529266,positivo
7.7288103,-20.257168,positivo
-51.60807,-23.922243,negativo
-17.018806,10.902147,negativo
-17.697304,-15.253305,negativo
-28.77395,32.774746,positivo
-33.125366,-23.196987,negativo
23.659388,31.300346,negativo
23.55413,54.382683,negativo
-15.940592,-2.3034966,negativo
-3.145584,18.487053,negativo
-30.203257,27.76821,negativo
13.796628,6.991269,positivo
-15.773118,-16.260794,negativo
3.70858,20.475573,negativo
47.229088,-28.091524,negativo
-31.20611,-20.752367,negativo
-20.943525,58.86546,negativo
1.1753073,1.8439978,positivo
14.443368,49.34053,positivo
-42.970657,11.411073,positivo
-45.176056,-16.86972,positivo
-22.552153,8.0494795,positivo
-17.638876,54.919,negativo
-31.257574,12.548654,negativo
17.154945,29.364029,negativo
13.6176405,39.507595,negativo
21.984644,20.632265,positivo
-4.1967287,-29.1946,negativo
10.829649,-8.577509,positivo
-5.373526,-25.214474,negativo
22.797564,-19.605404,negativo
43.45464,3.7552602,negativo
20.53717,52.322735,negativo
-5.110609,-30.577251,positivo
-34.210445,43.360584,negativo
27.25006,19.64099,negativo
5.571327,-10.622756,positivo
59.008614,-0.6101664,positivo
18.8939,18.504559,positivo
-26.82947,29.025555,positivo
47.57293,-1.1352967,negativo
-17.688921,-47.189083,negativo
-41.106125,-18.110792,negativo
-8.571126,1.1760576,positivo
-20.360617,-19.335342,positivo
-38.1034,16.51502,negativo
-18.995573,-9.112252,positivo
-22.709673,47.869015,negativo
40.241085,21.10804,positivo
-15.886814,11.15146,negativo
18.29296,-32.772785,positivo
39.55287,10.152295,positivo
-24.725105,-28.564499,negativo
-7.625325,-34.024292,negativo
22.58257,-26.214756,positivo
-17.550406,38.024555,positivo
23.621561,34.90343,negativo
21.928396,26.141933,positivo
-16.59569,53.982746,negativo
-40.429184,33.84128,negativo
30.425686,6.519366,positivo
-21.133669,49.115307,positivo
3.4679284,30.008835,positivo
-5.6067777,-46.244938,negativo
-31.920286,-11.431185,negativo
-23.385044,49.794376,positivo
-23.762808,35.48332,positivo
17.154526,-21.10104,positivo
57.27164,7.7900763,negativo
20.428028,42.50706,positivo
36.458927,-13.717216,positivo
-4.4588447,45.811806,positivo
-21.08976,48.297188,negativo
42.96024,13.760771,positivo
56.89366,4.48019,negativo
-12.057484,-37.025036,negativo
-32.30631,33.088383,positivo
-32.76799,-22.719751,negativo
8.136944,-5.60035,positivo
-38.204506,22.380932,positivo
6.8390074,23.49356,positivo
-15.819356,-19.728968,negativo
-29.052523,32.586536,positivo
-43.124474,-30.610159,negativo
2.364341,-27.528725,negativo
36.79605,5.26495,negativo
31.67617,-34.356808,negativo
-32.749935,38.88308,positivo
-7.630876,-35.064102,positivo
-1.8748872,-34.33495,negativo
-6.649387,61.1337,negativo
9.269937,-12.240068,negativo
-40.16279,-24.63655,positivo
-9.279758,-48.862354,positivo
14.505701,41.18181,negativo
-26.250635,12.8979845,negativo
34.61919,2.638355,positivo
9.520703,12.211853,negativo
-7.700132,-10.785062,positivo
-19.123512,-12.197471,negativo
-15.549341,-46.46186,positivo
15.036274,21.336887,positivo
10.469153,51.713295,positivo
21.883942,38.59778,positivo
-15.61283,51.626503,positivo
-33.571827,-31.659729,positivo
31.916676,-17.48611,positivo
42.24579,-22.116144,negativo
25.389048,-2.3177745,negativo
10.501745,-2.5008826,positivo
12.447509,16.896084,negativo
20.192015,45.330708,positivo
37.3812,-28.192106,negativo
2.9491313,-59.14978,negativo
-3.8183084,11.898219,positivo
-37.760555,5.678802,positivo
15.123568,-4.5011306,negativo
-24.406284,-35.287914,negativo
42.9022,-6.6281962,positivo
26.951155,50.16988,negativo
-16.134892,49.923603,positivo
-31.130821,31.829796,positivo
-20.433268,-10.25709,negativo
-14.967092,22.983702,positivo
-34.893047,37.62681,positivo
-26.901693,45.26425,positivo
28.337559,-0.75473,positivo
-41.16848,1.1009283,positivo
-34.579918,7.058274,positivo
-51.875885,-29.31749,negativo
8.116602,-58.325718,positivo
30.265259,13.42756,positivo
10.050389,-32.879692,positivo
25.604568,-5.990825,negativo
52.368538,-10.647807,positivo
-49.012173,-22.792244,negativo
36.71924,-10.441645,positivo
-28.793886,12.999413,positivo
16.082193,-9.613965,positivo
-36.041702,33.994205,positivo
28.618118,-8.366291,positivo
55.870327,10.395127,positivo
-46.26825,-1.7524241,negativo
-1.1075878,33.76181,negativo
-27.274757,52.85101,negativo
-0.45625377,-2.5226243,negativo
-29.312523,-25.400127,negativo
-12.279191,-16.718729,positivo
47.202965,0.6381489,negativo
-15.776276,-49.35005,negativo
-11.738969,50.477333,negativo
16.842407,-10.033925,positivo
-56.938446,-22.733257,negativo
-20.052612,52.223473,positivo
43.05269,17.654713,positivo
41.48141,-5.4345846,positivo
17.391844,-9.137397,positivo
44.057552,9.116896,negativo
17.939869,37.678688,negativo
-30.645922,43.544437,positivo
-25.439367,29.728527,positivo
-15.015741,-1.5813152,negativo
-21.448915,51.633484,positivo
-3.0816245,5.076106,negativo
-13.278171,3.2836607,positivo
-5.097688,-22.492455,positivo
56.393127,-1.5996894,positivo
10.628646,8.924347,negativo
-7.6573787,-41.968758,negativo
-13.850688,25.933992,positivo
-32.724728,38.050728,positivo
46.113518,-23.733902,negativo
-8.828426,-40.76396,negativo
-34.44772,2.2128997,negativo
-35.07876,40.195488,negativo
46.40814,-0.5763592,negativo
21.70584,0.7988984,positivo
-28.837946,-17.433237,negativo
36.517166,10.816185,positivo
-34.46406,-29.9153,negativo
-5.1221976,12.790427,negativo
10.200447,28.9921,negativo
-1.5804236,7.671491,positivo
-24.378723,26.441751,positivo
-32.19425,-19.895199,negativo
53.980335,4.958663,negativo
17.81694,7.0585456,negativo
52.562244,-1.4611127,positivo
-18.362087,-18.32761,positivo
32.167843,-2.6988404,negativo
-26.714472,-19.081799,positivo
-3.1239276,-27.308859,negativo
-13.584092,0.043399286,positivo
47.987267,-8.391961,negativo
43.58323,17.11552,negativo
45.160347,-12.2615795,negativo
-39.038303,-16.667505,negativo
41.228775,-1.4177216,negativo
46.25604,4.553135,positivo
36.27763,-23.7429,negativo
21.616945,9.799017,negativo
-17.722284,-47.269466,negativo
-29.74799,45.662006,negativo
9.821081,-61.91558,negativo
-23.708681,-11.0185995,negativo
10.140397,38.53746,negativo
-56.7734,-19.484873,positivo
-13.004325,-23.084896,positivo
35.095417,1.5153892,positivo
43.155663,0.29299906,negativo
-28.01464,31.592737,positivo
2.8689635,-56.63418,negativo
52.42138,0.39905697,positivo
43.4448,-3.9471042,positivo
-15.961245,-14.5500965,negativo
51.050144,7.426609,positivo
0.4410092,-11.516826,positivo
13.997169,5.8502717,positivo
-49.16521,-22.95197,negativo
-31.928774,39.32721,positivo
11.892547,0.96352196,negativo
4.448585,-56.668404,positivo
-4.831907,-18.43207,positivo
-35.63516,-5.122501,negativo
33.048046,-0.9237164,negativo
26.834581,-36.652435,negativo
-4.5677404,14.267616,negativo
-42.481087,-18.569351,positivo
-10.105314,-20.196054,positivo
47.117348,5.499176,negativo
-31.777395,-20.7807,negativo
35.25186,1.1672645,positivo
-11.88635,-26.126616,negativo
-41.128616,-28.940155,negativo
43.8747,24.179617,positivo
-30.328949,-5.704227,negativo
21.370903,47.024055,positivo
-20.395311,-19.547472,negativo
2.981152,-39.932877,negativo
18.668232,-1.0476847,negativo
18.248947,36.456562,negativo
-1.3143603,-45.0809,negativo
12.349836,25.683685,negativo
40.219845,-18.550446,positivo
17.9524,1.7392014,positivo
-30.524706,13.653512,negativo
24.043083,1.8142492,positivo
-5.451527,-24.419474,positivo
38.299633,0.61536485,negativo
-53.44457,-21.829737,negativo
-10.53467,16.018818,negativo
15.6393795,37.063896,negativo
20.824509,44.940426,positivo
43.042892,-31.353874,negativo
19.62283,38.385395,positivo
-20.61871,-24.030409,negativo
-27.076756,33.90457,negativo
-24.422243,32.089085,positivo
52.66754,-10.706063,positivo
-29.956623,-27.569668,negativo
25.093214,-15.6511345,negativo
58.19623,-3.9549623,positivo
22.01851,50.468693,negativo
46.037395,18.79148,positivo
-27.631958,-3.1257846,negativo
57.346596,-2.2102227,positivo
-44.93962,5.97594,negativo
-50.996834,-22.226181,negativo
-42.911644,10.86643,positivo
50.166893,-14.200035,negativo
-22.998232,14.738682,negativo
25.52435,-14.219161,positivo
54.048267,12.114934,negativo
-1.1338496,-29.726385,positivo
-22.05337,-19.878683,positivo
-46.33159,-11.86295,negativo
59.33211,-1.5626144,positivo
14.640152,16.537317,positivo
-11.2007265,15.316604,negativo
51.594913,17.170227,negativo
-36.385292,-27.756424,negativo
12.541155,41.039097,negativo
40.30229,7.7635803,positivo
-19.49829,-16.3712,negativo
46.07798,9.098623,negativo
1.9576746,-11.971416,negativo
43.12279,-18.84583,negativo
4.630029,-58.097168,negativo
24.094622,-23.856901,positivo
41.537342,17.31555,negativo
-25.548883,-13.466484,negativo
17.590788,-23.75118,positivo
-2.9838881,-30.192387,positivo
9.086802,35.35716,negativo
-23.806385,45.194557,negativo
6.8416533,-41.330112,negativo
28.788313,-5.2637258,negativo
0.71371895,-6.5570154,negativo
-26.010534,-41.906982,positivo
-6.781282,-30.811476,positivo
33.47863,10.551363,positivo
-24.363817,38.100487,negativo
-22.583652,2.0083983,positivo
-42.87878,7.8569336,negativo
25.983488,30.020128,positivo
9.102881,7.9781694,positivo
-36.15169,-31.290865,negativo
57.914997,5.690059,positivo
-29.2574,53.08969,positivo
34.87822,5.297572,positivo
-55.423164,-23.697561,negativo
20.06712,-20.426737,positivo
-8.501001,8.287244,negativo
-27.634794,-39.258133,positivo
10.374364,-4.927434,positivo
-14.244269,-44.676826,negativo
28.43934,-32.994843,negativo
-5.9466295,25.926504,positivo
4.589171,-59.19887,negativo
-44.96832,-10.019886,negativo
47.2501,12.099153,negativo
46.54292,-3.166747,positivo
-44.0953,4.826765,positivo
-37.708733,6.51707,negativo
43.999172,17.310616,positivo
31.444096,15.455874,positivo
5.623863,-63.115524,positivo
11.636228,-28.041063,negativo
-18.53515,50.443245,positivo
-28.386623,14.981163,negativo
23.240963,-27.470472,negativo
3.075973,35.319122,positivo
4.991753,40.047096,positivo
42.632763,-1.8991977,negativo
35.704933,9.213592,positivo
-32.930325,22.392738,negativo
-17.667683,51.528023,positivo
-30.446672,50.703777,negativo
-22.724024,9.455283,negativo
8.43057,-6.617027,positivo
-37.22482,-2.0785334,positivo
28.016504,5.8052816,positivo
18.806803,10.796807,positivo
-6.0292916,-20.900084,negativo
13.8513565,36.064804,negativo
7.024505,-60.063053,positivo
-33.81491,43.585327,positivo
15.000727,18.563435,positivo
-45.381557,-6.710856,negativo
-3.5231476,-30.743681,positivo
-28.095818,24.431017,positivo
3.8297784,19.07873,positivo
-22.662695,55.16165,positivo
-15.306928,-12.422701,positivo
-17.71653,16.594048,negativo
-16.942932,-45.32002,positivo
51.56873,-1.5432521,positivo
-8.7243185,-42.41083,negativo
-0.14195432,-40.103855,positivo
44.1257,-26.390404,negativo
22.588303,-27.423126,positivo
44.702625,-22.447151,negativo
53.948845,-2.212068,negativo
-12.46972,4.0603957,positivo
36.986805,-4.127069,positivo
-42.08585,-9.697039,negativo
-22.804989,-14.491133,negativo
9.056146,-57.332394,negativo
38.64539,-22.658638,negativo
-10.820906,-24.896437,positivo
-17.469854,48.869774,positivo
-53.436146,-22.649464,negativo
-24.172777,-3.4777498,positivo
16.599384,-15.660113,positivo
-13.652542,-7.5737524,positivo
-30.71991,36.163517,negativo
38.3425,-15.233917,positivo
41.51899,18.558447,positivo
3.381768,35.203278,positivo
7.03952,16.732084,positivo
-15.803326,55.22094,negativo
47.509266,-25.91294,negativo
-43.7841,6.975094,positivo
5.4940124,-11.193517,positivo
7.462445,38.544827,positivo
4.207594,-56.672894,positivo
-24.375723,5.324816,negativo
5.9250093,35.700253,negativo
-52.742443,-17.752087,negativo
21.612907,28.876055,positivo
18.974699,48.975964,positivo
-9.268106,-19.504374,positivo
-7.630214,48.85534,positivo
26.392159,4.4415913,positivo
16.15688,30.932198,positivo
-8.179154,-12.66695,negativo
-45.904484,-9.412228,negativo
35.206596,-0.026730966,positivo
-30.745085,-8.149684,negativo
-43.663517,-28.353271,negativo
26.792912,-24.672304,positivo
23.56764,-26.660046,negativo
-45.267834,-14.452132,positivo
-24.30261,2.8305821,negativo
-26.598293,33.28435,negativo
-10.467681,-5.126066,negativo
28.580439,-25.64682,negativo
14.9645815,40.480984,negativo
-33.446274,-30.278717,negativo
9.276047,-58.13503,negativo
15.693097,30.696808,negativo
35.11039,16.676516,negativo
-27.768435,38.49034,negativo
47.999054,-24.392153,negativo
-18.51519,-15.929821,positivo
-39.315006,39.215176,positivo
4.445572,16.737892,positivo
38.761726,-7.749399,positivo
41.720417,22.77035,positivo
-26.339973,56.892822,positivo
41.020756,4.726505,negativo
33.896557,0.99685526,positivo
53.839085,0.38016385,positivo
-20.656715,-10.823754,negativo
-30.814947,10.313827,negativo
-29.872746,51.261757,negativo
9.226729,18.31293,positivo
-22.264034,-16.95804,negativo
-37.593906,-36.07938,positivo
-40.70875,-16.763271,negativo
-18.971579,-47.45306,negativo
0.81240433,-27.186832,positivo
-45.526405,4.3586507,negativo
-22.34077,-12.50356,positivo
3.2543876,-21.181286,negativo
-11.928563,-1.1271003,negativo
-32.237293,43.492966,positivo
8.161117,-3.4272342,positivo
-1.1054722,25.402863,positivo
5.650846,-57.354324,negativo
-22.218973,-27.617,negativo
-10.619377,38.66662,negativo
11.168917,-25.040344,positivo
-32.129692,42.360054,positivo
-26.798006,-37.954372,positivo
24.074911,-17.615627,negativo
-30.680199,18.833765,positivo
-19.559004,54.550087,negativo
-46.763866,-9.515614,positivo
3.6030893,4.203361,positivo
-15.65942,-47.076496,positivo
-41.839184,40.137554,negativo
22.242847,15.945227,positivo
48.693325,3.7963545,negativo
-41.761547,40.10684,negativo
-37.929226,-31.376287,negativo
13.915532,-41.324028,negativo
-13.572346,-30.049656,negativo
3.302881,-62.237545,negativo
48.414597,10.424188,negativo
-32.27931,-1.3352226,positivo
-26.986639,48.39585,positivo
-39.631073,-22.176233,negativo
26.496881,-2.0552344,positivo
-0.17222762,-32.29535,positivo
24.291437,37.5686,positivo
29.482847,10.524529,positivo
29.417671,-14.866895,negativo
5.7139816,40.820957,negativo
22.595396,35.114956,positivo
25.333426,-7.811549,positivo
-18.764929,50.181656,positivo
-17.42948,-49.07471,positivo
41.117065,-8.146853,positivo
38.66442,19.803802,positivo
-25.574736,-10.780361,negativo
-22.599108,9.044122,positivo
17.453947,33.595085,positivo
-34.840107,10.256133,negativo
-32.308422,-15.500376,negativo
4.048823,-12.808038,negativo
-7.3354416,-37.05166,negativo
26.644838,-25.304647,positivo
-27.071981,31.39734,positivo
-21.980824,44.063683,positivo
34.127495,-10.766631,negativo
25.689568,39.16679,negativo
11.9452915,-9.826162,positivo
-34.178932,9.347311,negativo
-40.539494,-11.87538,positivo
31.372696,-24.508972,negativo
27.946136,5.8321466,positivo
19.87871,-7.565132,negativo
-33.695244,42.585793,negativo
50.18898,8.52692,negativo
24.80848,-4.032605,positivo
28.251654,-13.755685,negativo
55.714626,4.0255575,negativo
-22.539438,-8.093482,positivo
15.990653,38.126724,negativo
44.16019,9.001452,negativo
35.533295,-23.829514,negativo
-5.3327765,27.374329,positivo
-9.756467,1.2899421,positivo
-43.07901,7.8958426,negativo
-39.349075,10.612767,positivo
-4.2257323,14.350633,positivo
-33.018227,-21.427338,negativo
49.05175,-2.921557,positivo
-24.50446,38.51334,negativo
-9.663989,-34.97647,positivo
38.110546,-0.65761465,negativo
-22.14414,50.369698,positivo
-36.0573,-4.170435,negativo
-22.093042,23.781857,negativo
-51.899826,-21.760405,negativo
-40.129314,-33.294117,negativo
-44.03711,-24.10457,negativo
13.92641,43.237976,negativo
-24.254301,-30.175188,negativo
8.391712,-59.670216,positivo
44.780212,12.637768,negativo
7.9207964,30.603714,positivo
20.642406,32.70639,positivo
-13.221491,41.319958,positivo
-26.713392,54.30345,negativo
52.953564,10.972315,negativo
10.683026,21.80533,positivo
-28.673773,-46.45584,negativo
-41.92057,9.591775,positivo
-14.424036,-24.344505,negativo
11.086494,-52.687386,negativo
-14.382798,-18.619505,positivo
-20.316555,-22.054873,negativo
-27.436516,38.0258,negativo
-27.590048,-12.78127,negativo
-27.47329,-45.659153,positivo
-27.201345,46.11959,negativo
-47.545994,3.4386714,negativo
0.54775363,-57.930363,negativo
-17.275381,-8.802888,positivo
-23.287956,-28.407299,negativo
55.041203,1.3424937,positivo
-15.6456375,22.769537,positivo
5.9607267,-59.48871,negativo
-23.785702,-20.948277,negativo
30.422525,28.637644,positivo
15.832227,-9.422078,positivo
20.34618,40.28972,negativo
33.942253,-13.3183775,positivo
10.007432,46.616573,negativo
11.951287,-10.107879,positivo
-0.65149057,-58.54698,negativo
28.694225,-10.73002,negativo
47.611683,6.439582,negativo
1.6102039,-51.80057,positivo
3.2285745,32.5664,positivo
13.503716,25.58252,positivo
18.057083,54.794357,positivo
-38.135952,43.647854,negativo
-12.3681135,31.433575,positivo
56.93646,0.54983634,positivo
8.919117,22.111422,positivo
22.757132,-12.039577,negativo
9.256891,-32.44222,negativo
-8.646554,-24.904404,positivo
-21.18377,-28.460789,negativo
-24.13594,-39.024803,negativo
5.8174977,-64.51062,positivo
-25.51321,7.8657117,negativo
-3.196325,29.930996,positivo
54.86056,-4.3998313,positivo
-38.05423,5.481144,negativo
-18.973337,-24.824379,negativo
13.2810335,17.965986,negativo
-9.4231825,-36.62641,negativo
54.14944,-0.7730732,positivo
41.37478,-16.81235,negativo
19.898836,49.957672,negativo
-1.5037332,44.939415,positivo
-47.914314,-7.14908,positivo
10.363904,40.02108,positivo
51.626854,6.3061223,positivo
-16.833889,-22.375208,negativo
-23.391516,25.08833,negativo
-44.00532,-32.885487,negativo
7.3371725,-6.210298,positivo
-10.714133,-31.728998,negativo
-0.773126,-2.7829998,negativo
-27.790037,-26.736824,negativo
9.522148,-63.941357,positivo
15.365728,44.32313,negativo
-53.456047,-19.72066,negativo
16.976536,36.137596,negativo
6.7951045,-6.2829723,positivo
4.4788647,-26.06754,positivo
30.56635,-11.190998,positivo
-16.640018,10.876362,negativo
-18.45985,47.25473,negativo
-15.603558,-23.578844,positivo
-11.329304,-22.650274,positivo
31.595806,-23.02606,negativo
56.095787,-3.0006983,positivo
-36.2475,-15.680002,negativo
26.232662,2.7502954,positivo
17.48244,-27.9848,negativo
-8.227738,-36.939144,positivo
18.679401,21.365742,negativo
14.336594,41.82001,negativo
5.278369,-60.177204,positivo
18.92479,43.34209,negativo
-27.948092,-18.70859,negativo
-25.974064,45.690666,positivo
-31.155254,28.954884,positivo
58.92252,-5.7658405,positivo
37.920982,-21.812407,negativo
42.230625,2.7011127,positivo
-42.552143,27.48855,negativo
-32.355404,-33.717842,negativo
21.854725,9.7279625,negativo
27.093266,-1.5503132,positivo
14.074363,-35.966625,positivo
-9.550327,7.9592824,positivo
-22.710169,-23.079315,negativo
3.7693331,39.506626,positivo
18.92155,53.628036,positivo
27.417524,-4.9100704,negativo
-37.865685,43.429348,positivo
-35.916424,-33.15209,positivo
-0.27073756,-9.072358,positivo
14.552702,-14.623335,negativo
27.105724,-0.55248004,negativo
-14.359585,-15.976328,positivo
8.658604,-34.085796,negativo
39.085476,-6.715183,negativo
19.878342,-15.225329,negativo
27.39545,2.5029702,positivo
-26.873028,17.338392,negativo
-16.70972,-26.937857,negativo
-50.56111,-4.0424,negativo
-0.402417,-32.55238,positivo
-2.2858722,-18.04719,negativo
13.750646,-23.059975,positivo
33.639336,-14.558914,negativo
-29.35788,-6.0614514,negativo
55.80168,10.404789,negativo
32.039005,-23.434633,negativo
43.85533,-16.198603,negativo
-25.603064,1.639908,negativo
22.979,-21.961706,negativo
37.001045,21.596174,positivo
-30.711927,5.9500923,positivo
38.418213,21.42669,positivo
-3.794122,-34.290813,positivo
-36.844154,-17.429117,negativo
2.989829,10.435685,positivo
-8.084814,-16.812202,positivo
34.744606,-23.881031,positivo
-35.85835,-22.556992,negativo
-15.860735,-10.846625,positivo
-16.109133,-21.678991,positivo
-35.86913,46.286644,negativo
3.138186,-62.231136,negativo
44.36965,17.286247,positivo
49.12817,3.7479875,negativo
-19.858917,15.44104,negativo
35.036144,-19.243011,negativo
-31.81967,-13.793331,negativo
9.190383,-9.746463,positivo
14.304455,42.379948,negativo
29.602833,-5.752741,positivo
-34.706036,-21.045885,negativo
-37.893864,-32.644913,negativo
23.281408,16.148531,negativo
-4.5088634,-15.699242,negativo
5.7517033,19.8591,positivo
-19.640362,-39.04911,negativo
43.13297,-6.988385,positivo
-20.47898,-29.912374,positivo
-15.478574,-47.67692,positivo
-42.67957,-25.914097,negativo
-33.39722,-15.194767,negativo
16.068615,-19.800642,negativo
-28.153482,-42.235703,positivo
7.7212076,-59.78646,positivo
-34.45007,-27.078398,negativo
-35.92526,38.435432,negativo
48.929142,2.8592715,negativo
-37.297176,23.6052,positivo
-12.254351,48.50986,positivo
8.398983,35.604862,negativo
-0.717245,-4.429933,negativo
10.176292,-60.70159,negativo
26.122871,-38.570747,negativo
16.614695,7.7098446,positivo
-5.874363,-40.153507,negativo
-21.266596,45.270573,positivo
39.81154,1.4039242,positivo
-52.917072,-23.015001,negativo
-34.304592,-16.133385,negativo
32.79204,-12.200361,positivo
-12.895534,15.500029,negativo
-24.773556,-19.307428,negativo
-1.1705155,14.618975,positivo
22.676304,49.211857,positivo
13.859601,20.459774,negativo
44.34263,10.369186,negativo
19.628908,51.364597,negativo
48.18632,-5.795195,negativo
29.616585,-27.04813,negativo
-49.334217,-10.792825,negativo
-32.748016,22.603287,negativo
-9.935199,-39.29272,negativo
35.670677,-14.184808,negativo
32.177258,2.3655972,negativo
42.04593,8.145364,positivo
17.228043,-4.204276,positivo
-50.05205,-25.692366,negativo
-17.77514,-12.472323,positivo
32.92013,26.191967,negativo
16.365515,55.10969,positivo
-30.703339,-18.964012,negativo
2.7399747,-6.543631,negativo
-22.280283,21.742239,negativo
8.434917,-6.4555445,positivo
43.34519,0.37830934,negativo
-9.081933,13.438889,positivo
-11.921785,50.924423,positivo
27.888266,-8.778567,positivo
-5.315745,-33.510033,negativo
-28.383438,-28.339777,negativo
30.792141,-2.7514586,negativo
-17.68314,0.55813813,positivo
42.620575,-14.14946,negativo
26.585987,34.4263,positivo
-9.085252,27.34004,negativo
15.87525,32.48811,positivo
32.90018,0.8645715,positivo
59.039127,-3.48374,positivo
11.087265,-10.075105,positivo
21.59875,-11.060022,negativo
21.98118,12.667139,positivo
-25.673172,18.095629,positivo
24.414274,4.686388,negativo
-24.304209,-3.916545,negativo
44.710083,-5.1041546,positivo
-1.547225,12.491771,positivo
-13.441339,-12.081088,negativo
-26.120737,-45.18167,negativo
27.787752,-16.10709,negativo
25.072123,-19.901047,negativo
36.344643,7.107426,positivo
-38.30542,35.273407,positivo
56.75571,5.089522,negativo
0.62958276,-43.874176,positivo
20.195908,15.590589,positivo
11.568581,-28.07067,positivo
27.380014,-24.012066,negativo
22.509197,40.67422,positivo
-4.7701416,2.1727083,negativo
-22.375637,-32.25758,negativo
-14.721252,49.53636,negativo
33.417248,-35.176205,negativo
-34.753864,19.073738,positivo
39.579052,4.4777484,negativo
49.84077,-9.571154,positivo
53.203697,-19.59074,positivo
-20.742376,52.805744,positivo
-24.631306,-28.525229,negativo
12.948675,6.4934535,positivo
23.075325,-21.707544,positivo
33.823643,-4.448328,positivo
21.573511,53.667656,positivo
33.70511,12.143298,positivo
0.96643686,-25.849426,positivo
37.335472,-1.4556364,negativo
45.760956,21.53184,positivo
-38.514698,-17.84158,negativo
-19.267433,-31.05116,positivo
3.2884746,-55.521923,negativo
42.89013,-18.929604,positivo
32.391773,-7.7088304,positivo
18.733086,50.279926,negativo
-5.287843,-12.449903,positivo
44.964516,-20.248009,negativo
40.512383,8.416969,positivo
47.842106,17.628628,positivo
-54.02603,-26.725029,negativo
27.457624,-24.848392,negativo
-29.126278,31.778793,negativo
-2.78249,11.740896,positivo
-9.119895,41.288757,positivo
15.821916,29.85307,positivo
26.058578,5.5336084,positivo
-24.451813,54.69265,positivo
12.853329,6.404567,negativo
-24.935442,30.475876,positivo
-28.303675,14.134016,negativo
13.468048,-3.6526997,positivo
-41.713562,0.44668195,positivo
-30.610981,20.275026,positivo
-37.406483,37.87274,negativo
-11.72834,-48.138687,negativo
41.580444,20.342974,negativo
5.8953624,7.8582025,positivo
-31.226896,15.91452,positivo
-22.54194,22.15296,negativo
33.111416,-21.895075,negativo
-15.640145,-10.09069,negativo
-17.307652,42.739754,negativo
33.355534,33.34488,negativo
8.473579,-57.844597,negativo
-31.017483,-22.420168,negativo
11.480925,-7.360175,positivo
-6.7146606,35.16101,negativo
24.98412,12.822393,positivo
-25.928823,40.2042,positivo
40.583668,17.666569,negativo
-16.993855,11.704413,negativo
-53.90764,-26.628218,negativo
18.403503,-31.66003,negativo
-7.927173,-38.31721,positivo
33.971508,-21.975704,negativo
25.203129,42.16349,negativo
10.899349,36.833736,positivo
30.635258,-9.32474,negativo
-20.60154,-36.9681,positivo
-30.454418,-14.965534,negativo
-5.08565,13.676308,positivo
11.542132,-12.210295,positivo
-42.172474,7.840708,positivo
20.775763,-8.95161,negativo
33.159824,-7.132079,positivo
-20.08855,-32.34313,negativo
12.47705,24.470093,negativo
-38.259296,-12.998214,negativo
-19.146425,48.467255,positivo
-25.662682,1.4177498,negativo
27.785078,22.17098,negativo
-23.694206,-10.974697,negativo
20.352514,51.163403,positivo
-18.206657,-20.057226,negativo
40.656326,-14.131096,negativo
-19.756973,-44.643806,negativo
-20.405392,-10.112162,negativo
-9.889107,27.04942,negativo
-13.435652,25.714685,positivo
38.411655,-36.29154,positivo
-28.978315,-44.96328,negativo
-21.711939,44.58059,positivo
-16.606363,-12.0416975,positivo
-2.9967916,-32.72472,negativo
-20.213974,-27.815817,negativo
-30.051445,-9.142961,negativo
-49.237576,-20.662884,negativo
-31.758835,15.037049,positivo
7.0649357,-5.83737,positivo
-4.1080275,21.437939,positivo
7.2284493,-21.149893,positivo
-48.444042,-8.943622,positivo
-10.776548,23.422335,negativo
-29.909775,32.851974,positivo
43.497833,15.880337,negativo
22.46224,4.6893454,positivo
-12.474398,2.0209389,positivo
-41.08216,-11.75902,negativo
-9.116995,-11.21381,positivo
8.350134,23.466244,negativo
-20.38299,19.185709,positivo
47.39055,-20.804949,negativo
10.433162,-56.59804,positivo
-30.984158,-20.010452,negativo
19.97358,45.206367,positivo
22.84167,-1.9989276,negativo
-36.943634,40.152573,negativo
0.7915109,22.17188,negativo
-38.56566,-32.878994,negativo
-4.02343,27.011595,positivo
-25.851486,31.475712,negativo
-13.48524,5.648166,positivo
-25.277851,-11.334245,negativo
14.457505,46.722336,negativo
16.002617,44.004204,negativo
43.28651,16.053883,positivo
31.030504,-24.827719,positivo
-4.360706,-28.104641,positivo
-23.147146,15.477338,negativo
-24.930054,44.468548,positivo
-1.1251336,47.421165,positivo
-26.769325,-19.527485,negativo
-27.527443,-33.371098,positivo
51.533833,7.5280333,negativo
5.4337406,13.040317,negativo
9.998089,-14.503695,positivo
-38.431828,-32.67138,negativo
33.717968,11.05644,negativo
-37.358353,43.283333,positivo
2.999303,-9.297395,positivo
20.430016,49.089893,negativo
14.99693,-6.8410053,positivo
-27.66666,42.881992,positivo
-12.218865,18.047478,positivo
35.29401,16.942616,negativo
8.668472,21.183096,negativo
12.75358,41.03008,negativo
-27.545462,49.964302,negativo
29.409178,32.746807,positivo
50.71611,-7.3671093,positivo
-20.876581,56.254868,negativo
-39.200096,-32.049404,negativo
-27.863462,20.023022,negativo
9.9096775,-55.79855,negativo
-36.36213,33.213707,positivo
-46.190636,-23.136536,negativo
-40.558582,3.804658,negativo
-5.8281136,14.511303,positivo
1.6937163,4.971187,negativo
47.823566,7.557769,negativo
29.102,-6.5396314,negativo
8.610412,-2.5433154,negativo
2.7117746,14.945657,negativo
12.31243,-23.876757,positivo
-19.769926,57.42595,negativo
30.697601,11.7553425,positivo
27.01847,0.97922784,positivo
-23.445934,-46.881355,negativo
-7.3689036,-42.905148,positivo
-16.49658,2.6938927,positivo
31.724897,-15.495608,negativo
20.585163,5.6867456,positivo
4.8957577,8.334577,positivo
1.2931107,-17.828426,positivo
-24.099804,31.438026,positivo
26.714268,-14.455259,negativo
-35.22162,-17.24961,negativo
43.615383,-24.340034,negativo
50.234627,7.6410403,negativo
7.201646,26.23391,positivo
52.096313,4.9182415,negativo
12.616485,-31.025389,negativo
-13.315487,-22.143873,positivo
55.565464,0.5530571,positivo
-19.212053,-12.63744,negativo
6.849704,-2.1579094,positivo
5.6446185,-10.470883,positivo
-23.924725,49.82179,positivo
9.145132,20.176,positivo
27.635172,11.330651,positivo
-24.648766,38.630386,positivo
20.08139,-9.158003,negativo
-34.542747,41.601845,negativo
43.500874,10.351242,positivo
19.973421,-24.473246,positivo
-22.454924,29.803793,positivo
-4.4313264,-37.759823,positivo
-39.39856,36.025917,positivo
-21.012096,42.72372,positivo
23.347054,-27.280418,positivo
36.890877,-6.8807487,positivo
2.88035,-20.238558,positivo
16.750984,36.474228,positivo
22.92586,41.972073,negativo
7.5094323,-63.818726,positivo
40.751106,-13.875609,positivo
-25.898245,42.699062,positivo
61.313442,4.0618753,positivo
-26.052715,40.00481,positivo
-41.432625,-17.869202,negativo
-14.45795,4.3481984,positivo
33.039993,-2.944621,positivo
-19.287315,45.380062,positivo
21.462023,15.827322,positivo
-35.945595,36.3959,negativo
6.7383738,-61.78798,positivo
-8.881219,-38.405144,positivo
-52.472916,-20.514215,negativo
-17.592735,-5.5800433,positivo
19.811562,-13.085536,negativo
-15.120601,-50.398785,positivo
2.347344,-24.893887,negativo
15.030544,-4.562677,positivo
23.20944,39.30531,positivo
-28.339487,-23.65432,negativo
24.010061,28.146729,positivo
-11.100098,26.387413,negativo
45.72864,5.9476705,negativo
-20.822851,52.536274,positivo
8.347502,-5.099022,positivo
-8.676705,22.987823,positivo
-10.557572,1.7955234,positivo
-16.023806,-7.5270205,positivo
15.35808,-17.363024,positivo
-38.172333,-30.892216,negativo
5.8853765,-21.888794,positivo
1.3113879,19.612064,negativo
27.871317,8.971746,negativo
-15.0176,-28.462646,positivo
-11.890982,-46.096844,negativo
-36.976444,31.586292,positivo
-42.857033,-30.702852,positivo
59.383904,6.5854263,positivo
-51.760395,-25.929127,negativo
-20.788914,35.769257,positivo
4.709731,10.410502,positivo
-44.14258,-11.208685,negativo
15.343238,-29.161768,positivo
-36.664574,25.349657,positivo
23.432194,-28.405226,positivo
17.8752,36.349464,positivo
-29.827318,13.577277,negativo
22.695145,-12.123303,positivo
-18.561647,56.2553,negativo
-36.712505,-33.117634,negativo
-0.41161838,-37.20092,negativo
-1.281091,12.031056,positivo
-25.868761,40.29172,negativo
-23.500761,39.87573,positivo
-22.767138,-15.694935,negativo
-15.62184,-26.777786,negativo
34.871906,-25.097435,negativo
-35.749077,36.520046,positivo
12.94512,19.986673,positivo
-23.767754,48.989048,positivo
-35.32048,32.06428,negativo
32.240456,-19.70889,negativo
15.704102,49.353996,negativo
-19.262175,-17.54014,negativo
-20.40157,-19.423971,negativo
-7.2712545,48.66793,positivo
31.562054,-9.360164,positivo
-32.848473,-17.947414,negativo
-36.315365,26.612318,positivo
-9.074016,41.225212,positivo
-0.24054056,37.336365,positivo
-40.587624,-34.248486,negativo
14.478879,37.46614,negativo
-27.018059,-6.547324,negativo
-26.74342,-5.514276,negativo
-8.783693,-34.831375,positivo
-30.01153,-2.9000137,negativo
40.354343,-4.673474,positivo
6.8430843,-41.221863,negativo
0.661169,-8.180976,positivo
1.4938914,-25.299545,positivo
-29.171442,-26.294308,negativo
23.099583,14.017439,positivo
-31.061766,1.1580418,negativo
-4.377237,35.35442,negativo
-27.473444,-44.157104,positivo
6.884853,-59.882732,positivo
7.2529507,-57.823,positivo
-42.521202,-32.11931,positivo
24.395422,22.336447,positivo
-36.168995,-31.783453,positivo
-15.07916,-19.883793,positivo
41.190582,-0.7932921,negativo
18.887362,53.70879,positivo
-31.04325,15.440187,positivo
-16.264017,-46.749653,negativo
17.319736,50.828518,positivo
-29.257729,12.8570175,negativo
-46.24631,8.722563,positivo
7.55273,-58.712578,negativo
8.183062,23.436853,positivo
-6.183152,-14.5695915,negativo
-11.746027,-3.625103,negativo
4.813089,-52.07697,positivo
37.95929,-18.456938,negativo
-29.249374,-25.406502,positivo
30.669428,23.259039,positivo
-1.4843265,0.08706516,negativo
33.254433,18.317997,negativo
-15.637975,52.709625,negativo
36.57906,3.02525,positivo
4.350717,21.457949,negativo
-11.55288,-22.018751,positivo
41.265903,-8.000251,negativo
18.307014,-14.777276,negativo
28.248936,-13.940877,negativo
34.16107,5.1482167,negativo
49.63145,-4.4110804,positivo
2.7748168,-7.6583223,positivo
18.950647,10.003462,negativo
13.711943,-22.10265,positivo
-23.86426,-1.3751682,positivo
-17.494207,-18.40764,negativo
10.502108,4.083488,negativo
44.715897,-8.533539,negativo
-10.026352,-12.761845,positivo
-24.167166,-42.272022,positivo
-18.275324,49.83777,negativo
-26.923195,36.162693,negativo
29.864576,5.1750946,negativo
9.121491,-21.131779,positivo
-30.011673,6.800978,negativo
28.951246,-27.018614,negativo
-13.524619,-11.067378,negativo
12.114302,-6.372229,negativo
-13.707356,-0.24269213,positivo
-29.008717,-30.698496,negativo
38.483215,9.113975,negativo
-28.79967,36.770714,negativo
4.2845716,-16.10242,negativo
-10.105808,27.172655,negativo
-6.285389,-24.778095,positivo
-51.50684,-22.177822,negativo
-13.714219,25.324537,negativo
2.3353932,-59.92049,negativo
33.41268,-4.94342,positivo
25.536774,8.731297,positivo
12.184292,11.633212,positivo
-15.982032,-48.347485,positivo
43.529015,-28.620651,negativo
23.513956,46.03814,positivo
-22.63348,51.23024,positivo
-20.193224,23.770227,negativo
10.597599,-2.378183,negativo
42.45946,-30.584919,negativo
53.532722,10.717266,positivo
10.013577,-52.65868,positivo
-22.769432,-12.201386,negativo
41.860367,-21.9212,negativo
-14.005191,50.21574,positivo
21.915354,-37.93637,negativo
-42.984833,6.108169,negativo
9.236317,-13.501205,positivo
25.511501,-8.262641,positivo
48.164394,-22.73666,negativo
-25.382784,-46.799465,negativo
8.528814,-5.4042854,positivo
31.285284,-14.246344,negativo
-30.92413,-44.026814,negativo
-23.496561,-8.37287,negativo
-39.35818,31.986013,negativo
9.081252,-9.7981205,positivo
10.044186,-32.960182,negativo
13.337796,-24.345018,positivo
-7.968482,-32.05755,negativo
38.218853,-16.245586,positivo
-24.309845,-35.58358,negativo
-32.406227,31.137787,positivo
9.5611315,37.760834,positivo
44.23489,-23.410112,negativo
46.746696,-21.235376,negativo
-18.034573,-27.629292,positivo
10.363597,-24.05493,positivo
-26.18176,-29.740389,negativo
-46.464005,-11.164794,positivo
-41.39029,-13.399525,negativo
-35.128437,-25.221169,negativo
-56.8799,-22.792526,negativo
-1.4862621,47.410503,negativo
55.30325,-0.83630085,positivo
-18.503521,7.8322625,negativo
-30.94907,28.579048,negativo
18.84598,28.318256,positivo
-13.794591,25.073668,negativo
32.595486,0.7292344,positivo
-22.012074,55.773384,positivo
-30.809864,-21.43979,negativo
-28.701422,-44.45375,positivo
-27.867302,-33.66717,negativo
-3.989682,26.298111,positivo
43.575993,-22.295986,negativo
29.550573,-4.667016,positivo
28.893408,-16.071255,negativo
-17.748652,15.678432,negativo
28.7668,-30.582548,negativo
51.161793,10.194257,negativo
2.5519059,-54.547718,negativo
10.3064,23.808449,positivo
-40.517605,-30.851797,negativo
-9.396308,-27.026869,positivo
-30.955944,4.4853525,negativo
35.600925,-5.2390094,positivo
-30.638506,43.44379,positivo
-29.568619,31.019161,positivo
-26.55402,-43.377132,positivo
6.0447345,-21.82172,positivo
13.181072,-10.016597,positivo
3.2278578,-33.59076,negativo
-28.24443,-25.174545,negativo
-9.66549,25.839169,negativo
49.884064,0.7406535,positivo
7.322505,-23.975721,positivo
51.919746,5.48028,positivo
-42.683586,-33.414658,positivo
8.276597,-17.070116,positivo
-18.114939,48.494728,negativo
-50.54884,-4.052992,negativo
-54.298668,-25.081331,negativo
-19.206951,8.687129,negativo
3.4589386,17.903769,negativo
