contraste,homogeneidade,energia,correlacao,media_pixels,desvio_padrao,label
277.9877583661418,0.21853340391346118,0.1162385108415693,0.9589912966567266,97.0242919921875,58.62525420334592,0
228.61540354330714,0.15880118613463803,0.0504826766468942,0.9637430707743763,130.2916259765625,57.02931964363906,0
382.41553887795277,0.19741053599451452,0.10542143648620794,0.9542630365517271,106.1617431640625,65.03825280117947,0
191.69611220472436,0.1613671458013084,0.01826556808096995,0.9768571857740822,132.8443603515625,64.96031180118862,0
224.73800442913384,0.20896189004885593,0.09226552211824078,0.9758827027509916,121.82012939453125,68.8230555211865,0
291.6958046259843,0.1647356790029504,0.06195237515641916,0.9586101098508002,100.59344482421875,59.778210958253965,0
255.15329724409452,0.14207355798728863,0.015563605824118252,0.9667145856275008,128.81597900390625,62.317102591769725,0
282.65194389763786,0.16578375850807986,0.05373139133458047,0.9610337326463623,122.89111328125,60.95011475304245,0
280.9886195866142,0.1734918552334153,0.06495835799310912,0.9598530982646372,125.56915283203125,59.87257059850798,0
220.2117987204725,0.18639004532991624,0.08128334896187427,0.9737416201420552,129.5194091796875,65.47985335619933,0
305.84381151574814,0.17731088221111843,0.07972831341980412,0.9650123623653686,119.1728515625,66.61923587191356,0
275.6264763779527,0.20746980361492795,0.10193970592823687,0.9688787850915384,135.82806396484375,67.3180012841033,0
312.19482037401576,0.1282429990759806,0.03325837980097268,0.9536181742363818,138.2999267578125,58.76391029632855,0
196.75609005905508,0.15582968080530063,0.0440743485104412,0.9705968092624463,142.076416015625,58.83883966540028,0
316.1563730314961,0.30084763193509445,0.23063550178012016,0.9687220968068629,90.03717041015625,71.26245280912191,0
197.22594734251976,0.14270818535321625,0.028073498663672414,0.962696485177125,154.74664306640625,52.038005916598294,0
238.390563484252,0.158931113452513,0.03617282908776633,0.9629538571551028,141.04644775390625,57.39311442436988,0
199.34842519685043,0.15109651790309833,0.04093774817722501,0.9711823378684218,148.87677001953125,59.85753971684724,0
295.3663262795276,0.2134887930268378,0.12229414255921145,0.9676260786180508,119.149658203125,68.05371801040282,0
370.2192421259843,0.18183350508336643,0.09425193305978459,0.9572104205825966,118.42333984375,66.35264183360425,0
174.90132874015754,0.14786055105796747,0.01686805109298572,0.9657571678311806,132.37921142578125,51.03339501924843,0
315.7487696850394,0.14201561278291944,0.04283954661232541,0.9479638015512756,116.45501708984375,55.66939768708192,0
257.550750492126,0.14299201405735532,0.029878832714415195,0.955605947643813,128.494873046875,54.59064501834576,0
225.9251968503937,0.18586195524461693,0.08041882474179357,0.963709031054954,105.396240234375,56.30817391579441,0
299.14148622047253,0.15971468730248392,0.05455585076400193,0.94367170985101,112.2991943359375,52.16936983292943,0
286.6058070866142,0.22533837116200034,0.13092612143316903,0.9661961968333342,109.9254150390625,65.5651954326582,0
255.0845841535433,0.1300084750171957,0.015343401365695846,0.9629766443705129,128.86370849609375,59.30392161125282,0
285.82062007874026,0.24486112033577567,0.1543024475222662,0.9677387144163656,101.72186279296875,66.90773308540395,0
244.65735728346456,0.20725206985291716,0.09921318314347463,0.9720691550517897,119.57861328125,66.75777581282534,0
334.83175442913387,0.1744754038415147,0.07970495794181648,0.9598560562853721,116.877685546875,65.0061430774613,0
338.10851377952764,0.17817931680175136,0.08169778864131853,0.9526693274764219,119.30694580078125,60.338845934513664,0
295.18454724409446,0.21542746534973498,0.1203852815811171,0.9689925343012998,126.26922607421875,69.4349910609165,0
344.22828494094495,0.17401784302560896,0.07591348636405323,0.9558326917722625,118.001220703125,62.9489684613324,0
309.6627706692914,0.11430980956406818,0.01446594840154743,0.943019314238979,148.8077392578125,52.37953789323247,0
242.2347440944882,0.15359057424875944,0.04060120924228632,0.9549799015192978,127.64520263671875,52.63842344927838,0
368.87985974409446,0.17247640069919853,0.08143174882892763,0.9575042248062181,120.16534423828125,66.30744445453664,0
229.6228469488189,0.22853006279716082,0.13286846212694092,0.9721731485117815,109.4815673828125,64.68200952004447,0
242.65317421259846,0.1886829121848051,0.08014043020214527,0.9592397196970471,109.40435791015625,54.88010176181824,0
316.05038139763786,0.17800059157769926,0.07688713053441631,0.9585678913239913,115.46209716796875,62.36335573532454,0
355.4413754921259,0.20612076974302274,0.1148325279103471,0.9573500139638135,92.83599853515625,64.82466884544705,0
441.7349901574804,0.1528955725390558,0.06449598352797736,0.9328237408177316,110.3033447265625,57.70370589797226,0
361.8978838582678,0.22548049895107566,0.1425817469914182,0.9608332385650342,109.81512451171875,68.40173554126926,0
349.4942175196851,0.19871930232648746,0.11437677638875052,0.9590002825117804,100.0438232421875,65.5512217974068,0
235.14616141732284,0.15932489498175892,0.0266568754100557,0.9708793440455628,115.18603515625,63.919317393397016,0
308.85531496063,0.2371842568842435,0.1514038345042485,0.9680827197155687,103.96307373046875,69.89761479429099,0
202.49163385826773,0.16534133658934544,0.03238002226757838,0.9645110267653983,132.38116455078125,54.119503809524474,0
328.71918061023626,0.1796052683399638,0.0745532417807842,0.957884200072365,124.46551513671875,62.97001322595555,0
142.89616141732284,0.2073928198185984,0.054147854786179665,0.9820109212796647,115.4632568359375,63.47244644376867,0
459.6371801181102,0.2167455306445873,0.11217483942481464,0.9663466621638137,121.17547607421875,83.01364299607269,0
208.9366387795276,0.2039686793860908,0.09688193257831075,0.9717449264076484,114.14007568359375,61.31891029813333,0
342.2053395669292,0.26086407952920765,0.17345762269047063,0.960801652347102,83.69732666015625,66.22767904259426,0
237.02128444881888,0.14834718094783442,0.016125517646917414,0.9702605559344842,114.2647705078125,63.43973471353348,0
161.50867372047247,0.14914996653283688,0.016873322271461624,0.9568321617156337,157.44549560546875,43.817000403817744,0
267.68510088582684,0.18097197068620058,0.05905971559265392,0.9660156017898935,110.9566650390625,63.210921197247224,0
366.70023375984255,0.25596309586702765,0.16785921997432432,0.9674632279654752,109.31781005859375,75.38324128472372,0
189.80278051181102,0.15268039012276716,0.01627460704327969,0.9757178051395047,137.76458740234375,63.20297677169483,0
303.8093011811024,0.20406415228909117,0.10702902237770084,0.9648372602101237,122.8094482421875,66.22315433816442,0
282.6421628937008,0.14788250547511775,0.045778877306317155,0.9534107535927568,134.5302734375,55.56313436894821,0
233.1011318897638,0.14536345787581484,0.030572769782945812,0.9641681302897691,124.8743896484375,57.73139765977018,0
221.38761072834643,0.20032058705177327,0.034789698178586376,0.9749153732595879,98.3660888671875,66.61986790180404,0
351.958784448819,0.21479592529130717,0.12185728576655679,0.9629713731737127,108.07427978515625,69.33514682713854,0
413.6046998031496,0.1957349613084906,0.09774583299691787,0.9519574164956259,109.62286376953125,65.94474684112032,0
250.17341289370086,0.13220773937133964,0.017021419707871615,0.9619964587658405,129.06884765625,58.064726572285615,0
249.9595841535433,0.18457721598231766,0.08435383818933698,0.9679887651204535,120.292236328125,63.077543836179025,0
354.0519192913386,0.12887886918625333,0.014522537943887567,0.9489222647617827,122.053466796875,59.17691833614327,0
307.61060531496065,0.22786536002200924,0.137213547708113,0.9647155680481813,110.6064453125,66.49276182751123,0
227.12592273622047,0.16788442704132078,0.034230073035803256,0.9653403251749002,126.23455810546875,57.894864044992175,0
342.2543061023622,0.1829589742919073,0.0922611745213193,0.9514351606472609,112.75677490234375,59.79206816361464,0
231.2876476377953,0.16105347477021817,0.0543888277881053,0.9596653946397932,117.19183349609375,54.24530378405692,0
272.34602608267716,0.24955883942700952,0.1605691415214685,0.9653184198302297,104.68389892578125,63.0720403194021,0
286.81502214566933,0.16932168786484797,0.06779966199571252,0.961224125036894,121.4327392578125,61.434545344901416,0
295.8936392716535,0.1943081821399505,0.10080225827511219,0.9611423973496216,102.74432373046875,62.12195724170102,0
277.3297859251968,0.22081662767239793,0.11598898285275382,0.9658314857760673,121.26214599609375,64.35618234285081,0
328.6424704724409,0.13747810908554037,0.032789769127274285,0.9545868324410733,131.693603515625,60.82169981239724,0
275.72957677165357,0.1968776339879854,0.09869838977347659,0.9630924347742735,111.9635009765625,61.55684171212236,0
220.3253567913386,0.1644538518780962,0.06652261908943229,0.9713918010169365,135.63262939453125,62.75806574991193,0
343.1521284448819,0.14367293356644414,0.044186937802406685,0.9524433133935063,126.7310791015625,60.80152956118843,0
257.9037278543307,0.1601209263843231,0.04150530931387909,0.9605792184488652,110.05340576171875,57.48114727341117,0
208.26519438976385,0.21086146551692025,0.10004462717968829,0.9697156721825375,115.61822509765625,59.14723842129357,0
230.09436515748038,0.273834691373816,0.17044729470581016,0.9723710750377865,102.61639404296875,64.91798745343918,0
364.35162401574803,0.24538417321413128,0.14994293545876194,0.9633453435918762,115.90545654296875,70.95832334452925,0
232.22773129921262,0.18063343052426914,0.050613649469715,0.9674794327313757,129.86859130859375,60.2883887995108,0
204.74821604330708,0.14313721507007185,0.01555466773946717,0.9717259669309656,128.7784423828125,60.78243880678359,0
234.099470964567,0.17251950638895935,0.04713053835572315,0.9679277985479209,139.30120849609375,61.049211774642615,0
278.80111958661416,0.17968322052412466,0.03846348086491793,0.9666192663357855,105.79998779296875,64.84246589466376,0
210.55764025590554,0.14824605639468022,0.0159369127545506,0.9649436382494327,133.9417724609375,55.41540153009085,0
340.9618602362205,0.1529388405606941,0.0496467340670279,0.9479322542728508,113.83428955078125,57.609011123309635,0
236.74311023622047,0.1370502766917271,0.018535543179546882,0.9617056987217196,130.19842529296875,55.919168128822484,0
265.5211614173228,0.14371600623833677,0.0399085282157347,0.9556820711846057,122.595703125,55.54711670212665,0
212.92212106299212,0.1577538927912926,0.01641986569431344,0.9656476951911872,147.446044921875,56.1826986180425,0
228.98425196850397,0.14031533556390305,0.01528898397483052,0.967224056657024,142.55841064453125,59.921363722666605,0
401.5437376968505,0.17937167130160803,0.07700576376630738,0.9561319549050465,113.848388671875,68.07540096929422,0
384.03254183070874,0.23386927774686,0.1473297349395413,0.9531225427193463,90.2623291015625,64.14501950418655,0
292.9926181102363,0.2994984334294638,0.22151275485849653,0.9730736594971654,98.41412353515625,73.98863139972696,0
235.84959399606302,0.1492159250303818,0.03652668160643928,0.962299123597824,134.875244140625,56.7270412968618,0
263.04681348425197,0.14979806536758303,0.029288473908871692,0.9591736983500339,133.29278564453125,57.47099754053898,0
221.42415108267716,0.173398487362235,0.023212150569328568,0.9715708801458142,115.44635009765625,62.863851464150116,0
355.35777559055117,0.23740351327900727,0.1489093861565166,0.9609675981670515,102.61749267578125,67.81917082081364,0
401.04379921259857,0.1979087301533526,0.10174967855177092,0.953697683939406,105.98779296875,66.22142365275579,0
288.51094980314963,0.21506659052632082,0.11792762235845237,0.9688664002182666,121.65863037109375,68.65673526568874,0
245.4047121062992,0.1757287700294279,0.05977996769341543,0.9675217408099657,126.30047607421875,62.15974753520594,0
284.203063484252,0.11608524074912094,0.014240596723533573,0.9485990427815655,125.77667236328125,53.46736409897592,0
287.5495816929134,0.18509492629778415,0.035533372584562274,0.9717638052600118,118.511474609375,71.63078749368984,0
417.4616141732284,0.2568668499239109,0.16562417450248287,0.9417020299720122,87.0914306640625,60.10128730848279,0
240.62475393700788,0.174250644997915,0.05586828943162574,0.9629961375280708,125.83245849609375,57.52374737761788,0
224.01316437007875,0.2518489863431363,0.12035338759429533,0.9722699133452641,110.81072998046875,63.86689940381765,0
249.36755659448818,0.1621146989873572,0.01734515031366956,0.9709946252722264,117.11346435546875,65.84363045314402,0
213.14886811023624,0.15105382070670328,0.017473721210076888,0.9646440634374173,133.23370361328125,55.530689531007155,0
261.7033095472441,0.18176426280235783,0.07690188204508566,0.9656667369151484,119.593017578125,62.35624103465785,0
220.5682209645669,0.19689573124746607,0.07752831945282364,0.971223366098909,120.2901611328125,62.42487211886034,0
274.09608759842513,0.1822258844581675,0.05705511843708637,0.9673466136274438,118.74456787109375,65.30184572963503,0
183.62807578740157,0.16703621271342092,0.02355282068883496,0.9712926032900959,117.442138671875,57.083813078168404,0
310.80524114173227,0.1446681318642574,0.035832329187229,0.948044464388058,131.63818359375,55.533289451694365,0
410.3892101377953,0.15881018265851876,0.06065078409172855,0.9471946969928742,112.46337890625,62.81583481281953,0
228.80850147637798,0.14615898814534628,0.029010594586603346,0.9545959541149067,124.508544921875,50.92942852300252,0
331.40668061023626,0.16832279590046167,0.06522922061549401,0.9536094501305313,129.524658203125,60.44077096064186,0
343.68749999999994,0.19818619833758042,0.1181815665410366,0.9611585218656504,116.0291748046875,66.99096347936243,0
243.73037647637796,0.15787149805598255,0.04839929110347274,0.9527237606338231,120.1282958984375,51.602341568932886,0
250.6074680118111,0.1246443847991207,0.017044913742114913,0.9452548916128568,137.97857666015625,48.946169485967985,0
263.56717519685037,0.14280505528972673,0.04666884835459369,0.9599441579365546,131.5474853515625,58.22495346566528,0
322.4305487204724,0.1493729066228304,0.04590507335754596,0.9463578921867677,107.89990234375,55.31978778781514,0
252.2610728346457,0.21565433823793143,0.11659847972466174,0.9673741572692793,112.63055419921875,62.732166808393174,0
271.9570620078741,0.199644305932616,0.1057671832659417,0.9670392416689161,118.37298583984375,64.81102039370644,0
309.8070866141732,0.1842280593808174,0.08639821659709841,0.9569332414694726,119.7034912109375,60.547666103855285,0
323.27036171259846,0.12896590466775543,0.02113806779810735,0.9558524360207504,126.48846435546875,61.02945976905205,0
270.15298966535437,0.13026627749435502,0.01500208801965609,0.964401784341759,126.590087890625,62.0698316681509,0
236.86657234251967,0.14435004367217713,0.03371725231664544,0.9548944360247095,129.14776611328125,52.26222502618392,0
311.3119463582677,0.1491723405744923,0.04390391047069074,0.951850587218852,120.67230224609375,57.618496060754474,0
328.3206815944883,0.23699660915287124,0.14552116778236227,0.9561829953893081,99.26025390625,61.58665069860082,0
385.3771530511812,0.2451196876424455,0.16640084889288906,0.9616415004412008,99.00518798828125,71.12615871844767,0
192.65778789370077,0.15832008447879306,0.02198635141263602,0.9685841037618649,142.23583984375,55.784911422881414,0
352.39130167322844,0.18091146492167431,0.08967622612428142,0.951781654230952,102.41265869140625,60.86246031501993,0
328.50356791338595,0.20251272240021742,0.11347111242041198,0.9654789136021369,100.69659423828125,69.28695530834636,0
283.93436269685037,0.13711152823703635,0.03376466546715922,0.9565616235410007,132.3829345703125,57.8815948319891,0
242.45017224409455,0.14726102956345938,0.031115660195719676,0.9600719458629504,138.36199951171875,56.0737853904449,0
210.96026082677167,0.14770668829444,0.01610908231915222,0.9710079397956752,143.10125732421875,60.928099742753226,0
234.35986712598427,0.2154684208411537,0.11025130658929408,0.9666025394973431,108.00323486328125,59.52312158897428,0
253.69721948818898,0.15364593738467108,0.017095679051717376,0.9684632444495317,134.62945556640625,63.773525752928634,0
238.71831938976382,0.16456167272916714,0.04226691493798456,0.960406817360857,114.855224609375,55.57976379584475,0
228.40957185039372,0.145272906210417,0.015474542883656085,0.9694208144560172,120.51220703125,61.57847863235895,0
333.4215059055118,0.22494631062920797,0.13457676065332316,0.9647268420687356,106.73382568359375,69.13071442645585,0
349.91584645669286,0.22459540780191026,0.1430654560412991,0.9613465021782943,91.77166748046875,67.50754660145222,0
260.5220841535434,0.1720311589681937,0.07032530788687524,0.9665883751140477,115.7518310546875,62.84923858791634,0
294.0663754921261,0.15047821189063504,0.03342643710514211,0.9529284854422203,127.6197509765625,56.33972501514129,0
250.99169537401576,0.14111185597878811,0.015066398529086523,0.9682857277651769,125.93145751953125,63.29651341135497,0
319.72127214566933,0.12890149984080265,0.014889734005680562,0.9558482636269156,138.908203125,60.65110380421512,0
306.4124015748032,0.15952171106840693,0.05659393655050393,0.9482613088487646,124.94305419921875,55.14781156101067,0
256.05985482283467,0.15489412047083265,0.030314720957228248,0.9605042994862133,135.09661865234375,57.736068592312165,0
294.71241387795277,0.14848007136813834,0.04281644104797571,0.9546736050594573,122.57928466796875,57.782831813766165,0
281.4175073818898,0.23405871528131747,0.12683470971174016,0.9689627328430082,121.08026123046875,67.91299772352153,0
282.964812992126,0.1676781256661786,0.060458511515438816,0.9588540952735635,116.20196533203125,59.2617745959938,0
376.0898129921261,0.20367863385230192,0.11485673828493113,0.9545417325740022,118.38958740234375,64.92067926452752,0
315.8637426181103,0.22314502002758274,0.13031907594060718,0.9628486192629624,108.21826171875,65.55953742789548,0
420.06133120078744,0.16038776171787222,0.060185041148711586,0.9438052787541311,125.40399169921875,61.86900863656865,0
264.99138779527556,0.1524699196503397,0.02525515531300532,0.9687641859613374,121.194580078125,65.64320231133568,0
252.10863681102362,0.15268186616940208,0.019019610840868117,0.9691191474046545,118.1246337890625,64.28758832245195,0
327.492249015748,0.1836281796746184,0.08282210836511184,0.9519635833603672,109.67877197265625,58.86703165254549,0
390.4726870078741,0.1583875586741089,0.06812615667110641,0.9489178001109858,121.7855224609375,62.242208742861344,0
238.94365157480317,0.19985272677475124,0.0772213656098473,0.9533065971123773,103.7838134765625,51.06350300908623,0
243.42538139763784,0.14623910177773874,0.020229610638845555,0.9584693627735047,122.75946044921875,54.301903450627115,0
269.22379429133855,0.25494062618017727,0.17120730080655333,0.9742214465066752,112.79193115234375,72.67209743724791,0
238.16037155511813,0.17097307903915676,0.0318280245100187,0.9673450660771837,111.1771240234375,60.855587968906015,0
355.3089320866142,0.15556816527187195,0.0561447057534677,0.9528544945813608,121.296142578125,62.045715762615686,0
456.027436023622,0.20527456875904257,0.12082010824092433,0.9611586926901976,119.9141845703125,77.05682152872947,0
372.23419045275585,0.16064835104118752,0.07077509119635288,0.9574807092634774,125.06494140625,66.76032575649818,0
358.2485851377953,0.13990326159331265,0.03703342551995671,0.9464270456279655,133.05029296875,58.70917306407317,0
214.1398252952756,0.23821344110683132,0.1304080248512773,0.9689682180046092,103.16339111328125,59.20477840727264,0
364.29761318897647,0.18073533440488299,0.08250473917082585,0.953418667939827,114.79949951171875,62.933376558098466,0
239.0125492125985,0.15683134302175603,0.029704718396477488,0.9561759151735796,134.4881591796875,52.89978439366778,0
200.32123523622045,0.15033531197166095,0.01840184764071072,0.9681525641216903,118.03607177734375,56.52445396977122,0
294.3863188976378,0.15253062338214943,0.052410875808170714,0.9555573299459178,123.01513671875,58.28553323219232,0
330.00996555118115,0.19650457169847116,0.09663386855897857,0.964128771849904,118.8302001953125,68.12599161447865,0
287.289185531496,0.1545734563116181,0.029776322771129987,0.957692086655248,127.99139404296875,58.702725632957495,0
318.6769808070866,0.21647219765051834,0.12171913246987683,0.9572891054796522,102.308349609375,61.50329393340672,0
225.87247785433078,0.14675521561157281,0.017435401421605965,0.9683086907271153,127.79510498046875,60.20982555791509,0
280.3087475393701,0.29374537778872795,0.1971484233533324,0.974586909073849,99.1385498046875,74.37887065326245,0
199.2738681102362,0.1525144383653702,0.016742175077435695,0.963475033063405,117.16827392578125,52.62187135146785,0
378.6294906496063,0.12683794340688953,0.028909783764885632,0.9367375512313928,128.3646240234375,55.510584870995274,0
373.7907234251969,0.16096199068913827,0.059519402980981025,0.9639029000798179,130.7315673828125,72.52614924158625,0
301.15797244094495,0.13675515909937716,0.01749822994879615,0.9583984166750684,128.95562744140625,60.74396085692604,0
220.01679379921256,0.12600869952723215,0.017797623275397648,0.9501631490505742,127.03204345703125,47.70770031156022,0
303.9565698818898,0.13143150828249098,0.0273075188928043,0.9502453437707677,127.2259521484375,55.90883055742171,0
475.5086122047244,0.13899701591448824,0.04194160663147689,0.9145018081818403,119.4315185546875,53.32443102444423,0
322.3617741141733,0.16315569523987225,0.06984926959823799,0.9517878820074277,118.5108642578125,58.269394983417556,0
456.99926181102364,0.12926884021474505,0.018825829108864857,0.9407934672353119,114.94244384765625,62.13982484935775,0
333.98142224409446,0.2032057396565022,0.10642617320701885,0.9623467407729667,112.92291259765625,66.99547214916416,0
356.3953617125984,0.1492510096281154,0.05222971392723867,0.9507786444354792,126.00811767578125,60.865960571335016,0
221.25270669291342,0.11946093708292671,0.016099624408386824,0.9484471437876975,144.43304443359375,47.55914578718603,0
428.91381643700794,0.10980380527238871,0.019318442573231107,0.9355453155887574,131.54217529296875,58.536492261859934,0
272.6882381889764,0.14583224554978141,0.016105675761507253,0.9666555789530512,123.14727783203125,64.14572986051253,0
320.7897391732284,0.16012804664082592,0.04721354700958534,0.9430800898299209,121.446533203125,53.877402359909965,0
289.4960014763779,0.14520804012203326,0.0154541100742288,0.9612139772532359,135.8245849609375,61.51968384242464,0
319.2326525590552,0.14486085673980575,0.032227324832706905,0.94953182743273,135.66607666015625,57.031914650133736,0
398.86921751968504,0.19874459376910303,0.11284438993275078,0.9510412331945196,114.5172119140625,64.32742247187443,0
308.24587844488184,0.12488925828312883,0.01922054600580122,0.9426922664722008,124.32220458984375,52.48169212146987,0
225.73277559055123,0.13672224164562238,0.018545901325287977,0.9647476779528537,125.233154296875,57.24427858804788,0
436.39290108267727,0.15503020457575917,0.05759175163403144,0.9417709251844768,113.39788818359375,61.428856946512326,0
353.3176673228347,0.31625997680737966,0.25077779906154685,0.967831957629074,91.44952392578125,74.26099794928523,0
291.98240649606305,0.2318215392213184,0.142572225278168,0.9615610926458954,101.9422607421875,62.04967914343399,0
366.5215305118111,0.21982046927595833,0.1323768157607428,0.9627783366626539,120.15997314453125,70.67126427783916,0
267.41935285433067,0.1501092152333178,0.018834169192677993,0.9698883087008958,130.6170654296875,67.10174281237865,0
233.70546259842519,0.16783225534136714,0.04616143125896949,0.9639309134258215,119.245361328125,57.54363666022756,0
417.529219980315,0.15277221604347013,0.06512558386380361,0.9469068544715988,120.13720703125,63.14218881393763,0
277.7822957677165,0.15661395362712918,0.0275373856406851,0.9621445847528475,117.760009765625,61.08356210930108,0
314.56440698818903,0.1556080215002055,0.03755698893978065,0.9607980500142963,121.26922607421875,63.931609540768676,0
568.6691067913385,0.1608108830762913,0.07966035227606375,0.9461982772115094,131.4095458984375,73.34423929779828,0
275.98849655511816,0.14603330824403563,0.016384047096988655,0.9666218873495359,128.6298828125,64.6358034338024,0
303.804625984252,0.19525085545911808,0.09804253631371584,0.9563973428367225,105.9427490234375,59.41103054526729,0
234.93903789370083,0.1643884564303432,0.04350483555300235,0.9670109303105116,118.87872314453125,60.27198891592477,0
243.53820127952764,0.17565445198497073,0.06460518462834766,0.9656380968663788,114.9246826171875,60.12563093440763,0
353.40686515748035,0.14731150976402205,0.054461868913844386,0.948716320584481,135.12255859375,59.35407418172086,0
278.9578001968504,0.18588955785525904,0.08849051579825055,0.9607831684987003,113.0677490234375,59.98026042406429,0
376.9323326771655,0.13431804732753633,0.037367032126641546,0.9559005410194543,153.7158203125,66.35169765683675,0
295.19660433070874,0.15843893072492862,0.04493206416713842,0.9528792992994743,129.4791259765625,56.609651477879815,0
279.8186515748032,0.1751877858399886,0.06278118348012354,0.9619719756368126,125.99127197265625,61.32493112299033,0
232.97268700787407,0.1648483955642794,0.06280253255909132,0.9681391058814656,125.7049560546875,61.119965082512294,0
280.2300073818898,0.17373580996694102,0.07092061456452087,0.9636966544455954,110.54559326171875,62.512428423372725,0
293.2234251968504,0.16373755427444442,0.05493929750359006,0.9594422073826859,135.60272216796875,60.826081593856244,0
224.36048228346465,0.22514216839712173,0.11749783242331137,0.9716404104887113,110.26007080078125,63.37724433891858,0
271.7605807086614,0.18032935277846396,0.0737291967508929,0.9652691557363278,120.312255859375,63.16470484126825,0
257.31219242125974,0.1617641466421337,0.051203075477300124,0.9645118127462601,136.21319580078125,61.04109398971062,0
265.1652312992125,0.18241744887261074,0.07845070569825228,0.9648901164512597,117.60498046875,62.08877087170428,0
244.5497047244095,0.16586946626514512,0.05615587629285818,0.9667832824989556,128.744140625,61.4439439003952,0
243.3213582677166,0.19166262904656345,0.0771357196665158,0.9703819866734044,126.3828125,64.76242688500143,0
227.2310531496063,0.18888957134203943,0.07102852919933729,0.95916600455525,107.083740234375,53.33774446527955,0
180.38816437007875,0.2267858035307837,0.1072899281112296,0.9764632897453465,127.662109375,62.515673541312616,0
259.36743356299223,0.14179007078223296,0.037476068227213416,0.9598027089548071,134.37451171875,57.77017876421261,0
173.38318159448818,0.17538421332794654,0.05052888714799681,0.9701453234684422,125.145751953125,54.79257759133563,0
230.6716289370079,0.22078557503412877,0.10059438756586117,0.9642439611806469,90.7708740234375,57.19404091963211,0
224.55499507874015,0.14536016824831205,0.015510814971274264,0.9665827912957959,134.22747802734375,58.42357119543057,0
330.8999753937008,0.2206226583307186,0.1248930206582052,0.9653033521613301,108.177734375,69.37125484220802,0
216.14720718503938,0.2081079654057047,0.09265627678361844,0.9759701480954512,135.8846435546875,67.61888581792599,0
309.5273745078741,0.15626323531262346,0.05190822971618728,0.9577717914729627,125.77911376953125,61.12562688037877,0
327.39671505905517,0.15581013144694675,0.05760415251494509,0.9568267051345185,126.64495849609375,62.1941440603035,0
265.8231422244095,0.16582692844337382,0.056443439304082826,0.95446552368316,113.41864013671875,54.569675275506356,0
296.05604084645665,0.1851241450626088,0.08845514309817835,0.962310740654393,120.17144775390625,63.16835676654609,0
221.20423228346462,0.22029235471298445,0.09257667385340647,0.9730134791429479,122.90911865234375,64.44504574252724,0
240.03069635826776,0.17906917162855773,0.060030135703544346,0.9679182485284751,147.5223388671875,61.76580476035071,0
321.3075172244095,0.17748882548639364,0.07020034478849026,0.9617333992695357,133.95635986328125,65.48964640656136,0
250.23560531496057,0.2178099310989326,0.1208174929224942,0.9668819605604401,106.145263671875,61.84106366567097,0
344.89154773622056,0.18277550897014885,0.08287796906337776,0.9577947739397457,126.5380859375,64.48938290501141,0
251.64659202755905,0.13605914359353954,0.01467295667689701,0.9633556409150377,126.02752685546875,59.0710128338226,0
208.5661294291339,0.24630038220478898,0.13826499494694736,0.9695870014112236,107.0777587890625,58.973323124014925,0
302.4002829724409,0.14194353256937045,0.03148608913344896,0.9362728676632702,119.2088623046875,49.39448245548781,0
379.02060777559063,0.14604079279433424,0.06095786957297696,0.9498294672978904,137.774169921875,62.11581060835982,0
395.6056225393702,0.17453215629012003,0.08105701852583103,0.9535962151803943,113.96600341796875,65.62215584606128,0
295.2556594488189,0.14023639478625408,0.031333443449661054,0.9433241694332187,128.20477294921875,51.772871032741286,0
228.91418553149603,0.19384449990838143,0.07349910481915604,0.9670064051335698,128.44866943359375,59.42418133291375,0
253.0199311023622,0.1817145276906795,0.0763500892046818,0.9672259986838999,125.7255859375,62.87488362508208,0
249.21708907480317,0.20068106604602948,0.09830368591331352,0.970223573074277,125.86517333984375,65.37323785413592,0
255.9255659448819,0.1738789096405869,0.06555861729718901,0.9653105883866119,125.80780029296875,61.512298973418915,0
290.40698818897636,0.1975916282523906,0.093932563169054,0.9671670377265993,132.66943359375,66.99500843748405,0
290.64462352362204,0.1716452531429026,0.0644652314274677,0.9605427419448689,131.8817138671875,61.38748260117476,0
298.1032849409449,0.12347188201310477,0.01590048221760057,0.9418740019837454,144.94171142578125,51.46270487989722,0
255.20447834645668,0.1327403280612157,0.014104690440269676,0.96308008636863,139.25048828125,59.43023540775315,0
245.04570620078738,0.18121278978821187,0.06995671372155447,0.967559311005345,130.066650390625,62.16792308147741,0
275.24132627952764,0.24034648959026886,0.14039525848912254,0.9700911970996178,106.82989501953125,68.22424184361057,0
361.38453494094483,0.15562153869157344,0.0669915816566037,0.9605942859785144,124.70318603515625,68.29226241005313,0
317.7917691929135,0.2161256831729182,0.11447168348476983,0.9664321106211506,105.0257568359375,69.12121864419666,0
264.64142470472444,0.14745073115362714,0.032444644201179415,0.9506178906323423,128.43121337890625,52.3890093961523,0
282.61171259842524,0.17394296206638468,0.07106737083453843,0.9654549369535945,124.71307373046875,64.65174800795275,0
327.15243602362216,0.24723762509272812,0.16442403429821664,0.9669608796789173,111.27978515625,70.78002355830903,0
265.9733021653543,0.1365125102834247,0.030129311909772204,0.961168890220455,126.56695556640625,59.179855378136295,0
308.90981791338584,0.23306252660301552,0.12868877622766234,0.9634881515982516,118.482666015625,65.25640022880552,0
239.66129429133863,0.17683523209000088,0.05873180404656798,0.9645544750572876,123.59698486328125,58.81695605454461,0
255.81459153543312,0.17932304896753193,0.06452642774563555,0.9682947628312746,136.0455322265625,64.2539754899996,0
237.7814960629921,0.18054084656963057,0.0654055903284435,0.9656387664907317,123.50506591796875,59.58519823211057,0
291.28340305118104,0.19236720032293295,0.08064871756667953,0.9659136675949601,126.0465087890625,65.88762487255556,0
251.68147145669295,0.1526782990802685,0.04006049852059176,0.9541551689120606,113.692138671875,52.90039788510711,0
323.1301058070867,0.12753808294425215,0.021952978747274154,0.9485765292552264,134.6068115234375,56.848402885519995,0
347.9146161417322,0.23256130986732387,0.14328497425345138,0.9624420634279709,90.12506103515625,68.19186832128624,0
240.36398868110234,0.1870764732835789,0.08344798849330569,0.9701822938618827,121.80621337890625,64.00901431853674,0
308.34159694881896,0.20586243408894667,0.11372019209511616,0.9638602476230368,114.905517578125,65.85005667934932,0
315.3435654527559,0.15552752557411365,0.04881651554976845,0.956811136328713,113.24072265625,60.83663757595484,0
299.0872293307087,0.1711233724287374,0.07266515025391942,0.9577835485839975,118.06134033203125,59.90538874055184,0
230.34516486220474,0.18515399091051676,0.07033023130668364,0.9679117474854347,129.02178955078125,60.76332139437107,0
252.13718011811025,0.23714704640370063,0.1357454506825128,0.9645081805071083,98.36761474609375,60.00405405024615,0
259.31834399606305,0.18475523449017514,0.08154922325049245,0.9654986665467897,116.68255615234375,61.828660033770376,0
234.9709030511811,0.17678251254961475,0.0679878993612295,0.9679858804450431,132.21356201171875,61.31380791607625,0
204.61208169291336,0.19179725070660858,0.06004364010305413,0.9613022792081702,103.98822021484375,51.91739062795402,0
223.71954970472444,0.18328856549395794,0.06704036909528135,0.9704014477944476,132.17803955078125,62.1493354442076,0
284.8520546259843,0.20660066179448466,0.11714224247241221,0.9689496357354873,110.933837890625,68.1633109200477,0
241.49760088582684,0.1801606823023855,0.0712851803365525,0.9661616251143924,122.6380615234375,60.48276025964028,0
206.44328248031502,0.19042500576369326,0.0658664342118064,0.9746958102771358,159.4522705078125,64.82370957050756,0
231.765625,0.1908712023241946,0.07540355390632714,0.9653553801323365,122.3673095703125,58.36586284793744,0
295.9554010826772,0.16730149172967115,0.047691152388857086,0.9342735669301009,100.1905517578125,48.091732805611656,0
263.4924335629922,0.20823457135165627,0.10573616773556357,0.9678059015043402,123.4564208984375,64.56516818423678,0
275.8225885826772,0.2002097340193158,0.08144202981383926,0.9709951698302258,127.2694091796875,69.59300489148829,0
189.60279281496065,0.15167982821217632,0.02124035538165469,0.971446696482543,132.41522216796875,58.42106441020018,0
295.23136072834643,0.14678400861948432,0.03709106298226114,0.9582437146640544,126.30755615234375,59.83002414012288,0
334.83827509842513,0.1948272498628754,0.08511097791979691,0.956866612745476,117.21136474609375,62.84069885714405,0
243.97816190944883,0.1352657648611235,0.025957969238140942,0.9584329029480487,131.06597900390625,54.983715449595955,0
319.9891117125984,0.17362747753907481,0.06558926062081374,0.955143424072009,118.51580810546875,60.2121645100607,0
166.30517962598427,0.1895943940148506,0.06099774211804786,0.9738130116173642,130.90594482421875,56.917932189233014,0
177.30025836614175,0.1558597798652243,0.029571292559664182,0.9680829179361434,149.99359130859375,53.706892647176986,0
350.20127952755905,0.1997048790306079,0.10779742783388732,0.9616179534663717,122.11370849609375,68.11078512510618,0
234.95164862204726,0.15825895678140073,0.03789659671033745,0.9644071793733251,143.41741943359375,58.41462739028098,0
216.9093257874016,0.22213655487532594,0.10244245058223753,0.9643858976714936,93.359375,55.46725680208493,0
244.30604084645668,0.1605349898704312,0.04453087991822643,0.9664234580365904,137.26715087890625,61.21091390824122,0
335.60402312992136,0.1764620257327485,0.06087277783943001,0.9532554228403709,105.21112060546875,60.06047099902816,0
265.2204724409449,0.26074010867329966,0.1549109629893429,0.9757821515963951,129.9765625,74.57523638144002,0
292.2214566929135,0.1575442206144299,0.053146117444364885,0.9632424728372617,129.95050048828125,63.843642380090856,0
221.53260334645674,0.19576225019718593,0.0763147297606587,0.9653962610716051,126.636962890625,57.153650039575595,0
232.94771161417322,0.14477831954786724,0.024217641378659054,0.9636940280001813,144.55755615234375,57.48937450894689,0
200.91898375984252,0.19867789115084447,0.08717403360324348,0.971309267463978,120.95159912109375,59.903296611727285,0
445.1447465551182,0.14812927739827741,0.05757249623339273,0.9516680119271628,135.02484130859375,68.5190015245487,0
270.79761318897647,0.21607065979265883,0.11438870300905471,0.9693290850714057,120.84075927734375,66.87534843155187,0
270.89191683070874,0.14379918048278395,0.03571856699525551,0.95313319847002,130.2152099609375,54.64119198398335,0
241.87149360236225,0.1867909018444979,0.07620100495502055,0.9679362265133307,125.4564208984375,62.17505022429139,0
229.45146407480314,0.15956196343469603,0.043056827164754896,0.965241186639305,135.39422607421875,58.399642386079194,0
249.76168799212596,0.1431977911676387,0.03189302333053274,0.9599656504076849,117.73846435546875,56.53268827621366,0
224.69562007874018,0.18120883110127659,0.07027776435399957,0.9612939612043523,111.06640625,54.41249815478367,0
247.98905019685043,0.23695179188412993,0.12679657410606715,0.9657811091784398,99.03094482421875,60.480974878080545,0
186.2774360236221,0.22668022221078363,0.11657582403179982,0.9803372042434688,126.66107177734375,69.47025367541343,0
330.9293799212598,0.21830287046424526,0.12928746631299806,0.9634083850958559,108.16143798828125,67.66623139984945,0
286.4012672244095,0.22129998354169528,0.1263187203856558,0.9698149319077036,118.2752685546875,69.40429092853779,0
151.091904527559,0.19589098600170343,0.05487909834401401,0.9673974562111418,116.3758544921875,48.668910102334735,0
290.65538877952764,0.200580641445646,0.10075957484842914,0.9648331420210453,115.46441650390625,64.84758989704575,0
235.6741510826772,0.1341455717914451,0.017964810327895417,0.9496469619167188,132.7628173828125,49.376499623902355,0
243.7862327755906,0.1681836409214855,0.053044430632023826,0.9665799545480379,139.908447265625,61.15095760610543,0
283.1377337598426,0.15797802808783504,0.05705745634946843,0.9615907259290953,140.88555908203125,61.709289436745365,0
332.0795398622047,0.14740119303529575,0.04583078047244937,0.9544077173356188,129.95465087890625,61.11317691126591,0
275.87659940944883,0.17804867392903284,0.06255407534786402,0.9613050604959766,121.29217529296875,60.19614969246287,0
296.7095226377954,0.14445738873962474,0.03535092795509577,0.9547943375584963,125.36932373046875,58.11305332437224,0
238.8005659448819,0.27830228566741405,0.17706723837930596,0.9754241173255781,108.2784423828125,70.09085366644507,0
215.9486343503937,0.18587082508621527,0.06137375960813933,0.967768995681784,135.3636474609375,58.65179592985701,0
307.2313607283463,0.20641199698495544,0.10802885232747977,0.9629156522336965,107.39447021484375,64.7287834085454,0
262.7974901574804,0.18017030304019901,0.06729732865857038,0.9672309566228916,131.328125,64.05552458213255,0
344.15668061023626,0.2096224735414782,0.12145105560453599,0.9621244765488745,113.76947021484375,67.87272684141436,0
253.0374015748032,0.14950968342196036,0.03278229563606421,0.9562603484100868,127.7386474609375,54.56060998235999,0
291.9229822834646,0.19028462478472438,0.09222986372215479,0.9642692082031062,120.416015625,64.22268104865975,0
229.3201279527559,0.1778033893242154,0.06875855145614902,0.9686512436205812,138.7125244140625,61.25179564790062,0
348.57443405511816,0.2630745133462744,0.1853039460987092,0.9654543496002922,106.56158447265625,71.38014423866356,0
322.0214074803149,0.21711093606472287,0.11294559377877167,0.9548593967435209,102.77972412109375,60.18457633833982,0
280.3693405511811,0.2322753870506738,0.13588238354377105,0.9725906916469621,119.66204833984375,72.02279122719327,0
217.2496309055118,0.2314884031961068,0.1270118392144437,0.9713004677513033,112.3468017578125,62.08633685952593,0
326.15298966535437,0.17268162273818086,0.07639382896650171,0.9644838794697728,130.89825439453125,68.3074594783788,0
285.1946358267716,0.2086614180424334,0.11030431474413656,0.9685673435903143,119.88409423828125,67.79029774743898,0
312.060346948819,0.18543297847677834,0.08100201601945287,0.9564655088100521,112.48858642578125,60.094336983643984,0
195.572219488189,0.14867895885270627,0.02543956966026861,0.9622837083823045,120.1241455078125,51.539076999982036,0
249.64351624015745,0.23717666687747174,0.13786021570014267,0.9749276992985924,120.45074462890625,71.08934578172769,0
353.1531126968504,0.18126219571345728,0.09258132341007395,0.9626832412853296,126.06634521484375,69.41809124262564,0
237.26525590551182,0.1676294174815876,0.05366754575571893,0.9665724291834155,139.9964599609375,60.42388405122027,0
218.63810285433075,0.21470027681869205,0.10513637941621418,0.9746728903382309,128.934326171875,66.27812517264972,0
280.1379183070866,0.1971288635553331,0.1069049547107789,0.9680870975359863,115.329345703125,66.73191324452657,0
263.0762795275591,0.20579035370293453,0.10638591515582822,0.9671957398049892,112.49932861328125,63.76088869584249,0
274.861281988189,0.1440697237489926,0.037053958614688416,0.9600184907189225,122.01409912109375,59.162290524137426,0
261.09498031496065,0.2100257586644668,0.10613193293546909,0.9683275822275144,116.5775146484375,64.7812667501394,0
249.79792076771653,0.1655366720227828,0.06594921424649829,0.9607083054927268,115.27764892578125,56.96149735649111,0
277.32474163385825,0.1997807555060694,0.09527275183991461,0.9657708713719968,126.271240234375,64.16779390347139,0
287.60390009842524,0.17302677650676512,0.07222423009053826,0.9626362596313864,125.62408447265625,62.63084825266486,0
251.32511072834643,0.2782523250485133,0.18547262761557234,0.977522708017016,117.76617431640625,75.20747556410515,0
307.9400836614173,0.11419128466783422,0.0150589244468367,0.9558193620241394,159.20159912109375,60.37714876223997,0
392.2275467519686,0.21799523492265324,0.12527303365598266,0.9594484865811648,108.50909423828125,69.86592063042623,0
271.11441929133866,0.24935050097364442,0.1626551874915529,0.9717490246463794,106.606201171875,69.64423895871946,0
245.4097563976378,0.19782353512027284,0.09388058964707127,0.9692602437696302,120.92431640625,63.722466553589435,0
317.1850393700788,0.18844522254124746,0.09159114409326291,0.9617516749300267,116.5941162109375,64.92045861534204,0
275.6713213582678,0.15614586264839214,0.05186394139328604,0.9583443080721216,119.84136962890625,58.134537355803694,0
286.99815452755905,0.20870941989531716,0.10678860116767595,0.9627022760994783,112.37139892578125,62.57786606411815,0
247.2455093503937,0.16438367979786137,0.050112874479678396,0.9595235674173433,123.2501220703125,55.77153769163089,0
254.23166830708664,0.17802767636833872,0.06435172074964485,0.9654763296197388,130.61505126953125,61.22001374973612,0
290.69352854330714,0.2612077030666993,0.17160110934903355,0.9719344561984438,108.899658203125,72.33085360132061,0
238.2510457677165,0.21081971216158585,0.09950755533202277,0.9722140280604563,125.19537353515625,66.00769812306727,0
297.60088582677173,0.16247657426668954,0.05267019874092984,0.9602974841136874,130.7740478515625,61.84931083925414,0
297.0930118110236,0.14541060806528278,0.03392321607935831,0.9499068983098023,127.16326904296875,54.984884650210475,0
220.48535925196848,0.19378074956720304,0.08758424389143696,0.9659683740742456,114.73175048828125,57.49498006035717,0
242.3257874015748,0.1983043271942324,0.09161312161231655,0.9699021027294791,121.77703857421875,63.85020106770383,0
211.99434055118115,0.19152017372178373,0.07309806615779943,0.972018109756155,134.26177978515625,62.45079812681432,0
229.63029035433073,0.2565737665053375,0.1552111078509265,0.978143331517078,118.48248291015625,72.94532169250773,0
373.84454970472456,0.14213490277023166,0.049344775897637194,0.9527374111145266,134.974853515625,63.75751987264383,0
338.67310531496065,0.1476894924116186,0.04903316436278813,0.9519068856839945,105.47320556640625,59.739684033852896,0
310.98640501968504,0.1527247944288627,0.04519180647733262,0.9557560928247066,130.7962646484375,59.69822482763274,0
342.4516486220473,0.14691726198156252,0.048523585393577144,0.9552752968527136,135.70050048828125,62.58866335846702,0
235.4518946850393,0.2078605830781043,0.1002042064825876,0.9668609256546934,112.6934814453125,60.20369814229392,0
232.5128567913386,0.19937432441621453,0.09618216877824273,0.9719633242070692,122.41839599609375,65.01274706714241,0
299.03826279527567,0.15609753373563884,0.040461068470738396,0.95721743431942,130.2938232421875,59.65255825183265,0
307.22828494094495,0.21569875713839218,0.12503293322748524,0.9654337761390027,114.8544921875,67.13760188778063,0
209.26851624015748,0.1721646060498605,0.05616879630214109,0.9673729374589262,128.55938720703125,57.44671880516722,0
285.9673966535433,0.1513525717848809,0.03903003331779983,0.9559238085609623,121.29266357421875,57.57429265472987,0
215.7023252952756,0.20096074792208327,0.0947447270419188,0.9711654531522922,114.3636474609375,61.701790286722265,0
345.8029650590551,0.12879053730050513,0.02304743961947785,0.9490118485287694,121.4844970703125,58.76651927738688,0
323.24224901574814,0.16370344124292568,0.06042797481294854,0.9554445281319223,123.7852783203125,60.73761619109557,0
260.58882874015745,0.22026173991508888,0.11521523542866283,0.9704677125354491,116.79681396484375,66.96921781586455,0
270.2140132874016,0.18240221439919949,0.07432573909481398,0.9647906008636464,137.75555419921875,62.60868966948108,0
200.3626353346457,0.1622883761032205,0.04496971587435508,0.9692079488424247,125.250732421875,57.82838463744304,0
165.9858513779528,0.20598860235642485,0.09303658490062731,0.9762618416745193,118.9730224609375,59.72893996449877,0
336.78075787401565,0.143736718748571,0.03760386278772467,0.9541848448959592,134.7662353515625,61.230428095778215,0
275.5348794291339,0.17660612085744715,0.07105745272370093,0.9609532515175948,118.37420654296875,60.039370393894295,0
290.96019931102364,0.16721678465463952,0.05085191041570942,0.9598160892223263,128.54718017578125,60.711002108025696,0
310.4475270669292,0.16311831765542475,0.06010401820007212,0.9593830346684896,126.3214111328125,62.3430996642217,0
252.80062746062998,0.14954266424010967,0.01622908553172735,0.9661816293556393,117.4931640625,61.34235266611241,0
147.18694635826776,0.2143935494746564,0.10213241802088155,0.983806322065906,136.8817138671875,68.23928414038608,0
245.7308070866142,0.17669128294291409,0.07459490261068921,0.9671612297848008,119.224609375,61.78591847279685,0
336.8211737204725,0.12409467479747746,0.018014033689127122,0.9418869706991385,132.4127197265625,54.36146068258738,0
254.98234498031493,0.16158635634370483,0.04040620128441014,0.9625089469220546,129.1593017578125,59.17168325738636,0
228.30893208661416,0.1780919789815221,0.061517332041614005,0.963623644305076,118.2314453125,56.68975259496428,0
219.29250738188975,0.1733865850848131,0.05473118018784327,0.9638983885220447,130.64373779296875,55.734958414328005,0
299.3465797244094,0.20778095294124793,0.11262120630351867,0.9668251955097014,120.34112548828125,67.75278298815131,0
210.80105807086616,0.20815982318822052,0.08502727076489444,0.9726239236818078,133.14019775390625,62.70399568265382,0
145.263656496063,0.1838219336748739,0.05140376049752525,0.9725553176437061,125.609619140625,52.22121333630504,0
240.40692667322833,0.18897341708470697,0.07470528516107507,0.9656125557050146,120.15484619140625,59.84212534267229,0
241.75928887795274,0.14771163131472767,0.04321574338043496,0.9654968779711339,128.822265625,59.76679963995797,0
245.89720718503938,0.18702420804589784,0.05479074760927521,0.9648449089840536,126.97686767578125,59.970978003435505,0
302.2571358267717,0.17375368043571748,0.07038292797674382,0.9617721465595499,118.13629150390625,63.284134126536756,0
204.05056594488195,0.21982846058325625,0.09868678137670553,0.9681750875113536,104.94134521484375,57.01790010316736,0
245.76285679133858,0.17688284688528566,0.07952869295813879,0.9701836011334812,133.5400390625,64.87813082069748,0
242.3129921259842,0.1993809080461374,0.09969695986934742,0.9714171861203456,120.52178955078125,65.58953013775933,0
219.62949064960634,0.18219090104479715,0.06991435939469415,0.9706278852073049,136.427978515625,61.923216010393475,0
300.98880413385825,0.17880606579074315,0.07336376466387072,0.9574615416155337,113.474609375,60.03309097128152,0
285.9974778543307,0.21156682645078823,0.10977948447441745,0.9642707085040539,121.91229248046875,63.676768870733376,0
173.9613681102362,0.15137975523617703,0.021881930668171987,0.9560329114493087,146.2125244140625,45.18106475804109,0
257.80321112204723,0.17241873632830745,0.06525608991961868,0.9614277605372241,122.403564453125,58.49808108155653,0
331.7802657480315,0.13816828170783454,0.04554806024758894,0.9593888218089276,125.248291015625,64.42373570112764,0
226.41147883858275,0.1793525353378759,0.057566383104329454,0.9643859716436588,109.029052734375,56.733807063746724,0
223.6689222440945,0.21348487468365257,0.10252532807987395,0.9658786483548865,106.04620361328125,57.628233593618425,0
222.43996062992127,0.17809895206412896,0.0645602280472951,0.9630283876222143,109.41387939453125,55.4888676567404,0
328.34744094488195,0.17519792997299843,0.08227900896956881,0.9630809614142893,125.92254638671875,67.16117339924587,0
295.6293061023622,0.24427709499904493,0.15858566560675036,0.9700535582070686,106.77764892578125,70.61997051325328,0
323.9965551181102,0.18646948056954132,0.09347508693250423,0.9609929138622862,109.8724365234375,64.9280868118847,0
326.6564345472441,0.18310001276377857,0.08927053148426377,0.9640480064843278,118.278076171875,67.91978529257517,0
381.70558562992125,0.15917311980120535,0.06613530863352089,0.954107338645954,120.49560546875,64.9907904024363,0
249.85094734251973,0.21738112507886592,0.10918198751426511,0.9686933876046152,110.12451171875,63.631716628499866,0
242.25812007874018,0.2535921176550041,0.1549956017061441,0.9740978193694354,108.54302978515625,68.79020116533515,0
227.81674458661422,0.19135953555425,0.08016145190636378,0.9712645821586051,122.40081787109375,63.45708635300803,0
322.63250492125985,0.16946253973763103,0.0687524559624652,0.9598723549632526,128.388916015625,63.7701493447976,0
373.82855561023626,0.11835518774652495,0.022457798050470112,0.9500348767448417,142.7982177734375,61.640569009380755,0
211.4620447834646,0.21322478504116796,0.09433376278478225,0.9698085748672007,125.98980712890625,59.95245476325832,0
222.93860728346456,0.2431263257586321,0.14365324703548785,0.9735213228412682,109.68133544921875,65.35756764679095,0
200.61411171259834,0.19019956970485197,0.07535091572787163,0.9742721791463872,126.77752685546875,62.96401874546183,0
225.01519438976374,0.22175371382999035,0.11397244616274488,0.9714588226871662,115.67974853515625,63.36808405800872,0
260.1656619094488,0.1750688914746279,0.0671096635696053,0.9624143359350082,123.59100341796875,59.53553150301648,0
282.5768946850394,0.16230411949103246,0.05736560371710652,0.9626892108663148,138.77239990234375,62.2030809819318,0
306.17679625984266,0.15306821637757156,0.04808826137724241,0.9571835014477034,125.6568603515625,60.334334044196346,0
225.48283710629926,0.1744779555232717,0.06045006107609291,0.9698578205842957,134.07080078125,61.79750013071422,0
180.8138533464567,0.17202360383485168,0.048220734851505166,0.9684968450690596,121.5494384765625,54.409152099662634,0
322.33144685039383,0.21725007924396245,0.12401918078242612,0.9632941822960284,108.387939453125,66.69627670434757,0
338.23289862204723,0.24759949064108155,0.15766809036836393,0.9644709118109424,110.76373291015625,69.4178668282969,0
279.2495693897638,0.17990107427602006,0.07012885659988752,0.9625796191902948,117.11761474609375,61.70165128869705,0
375.48560531496065,0.15899041267416517,0.04788591059266636,0.9644790757217064,155.7012939453125,73.67052711708067,0
288.2880167322835,0.16216041413527849,0.05696359928508626,0.961691855036527,131.0198974609375,61.95553644100429,0
236.21376722440945,0.1686827292070976,0.04553383037020775,0.9613341362265074,130.42828369140625,55.97674608163884,0
224.34934793307087,0.14359808124300596,0.0155544852760976,0.9638756613087333,134.83782958984375,56.333826489156706,0
250.85199311023626,0.20270157151767917,0.09989282433506964,0.9688006965773217,118.72100830078125,64.0291184602735,0
283.95084891732284,0.15286277248190888,0.03732482902799848,0.9421070562596706,109.40802001953125,50.03280746556521,0
208.66726131889766,0.19069999526679632,0.0882457610410751,0.9723797477738074,115.88739013671875,62.01516697342149,0
279.02460629921256,0.19176554204559115,0.09620897794964942,0.9677217630268958,121.25885009765625,66.22805006399696,0
284.22397883858275,0.18364307652373682,0.08204143856175844,0.9565432555976042,107.14691162109375,57.684326552093474,0
275.8213582677166,0.16920208351790686,0.06269655947278889,0.9617179281476775,132.21728515625,60.89469072464311,0
245.96518208661416,0.16897694246647843,0.05559444675154183,0.9670754494639426,131.2493896484375,61.872269014214396,0
257.3606668307086,0.16280192603873656,0.05296918495068809,0.9621431216424523,126.93115234375,59.05799128161217,0
252.7690083661418,0.170620699635936,0.06231786657982071,0.9586897285378774,111.58404541015625,55.94008934162261,0
282.7551058070867,0.16757331888323787,0.05917640706075426,0.9573060832976446,112.3040771484375,58.17385122027538,0
266.808501476378,0.14057740554766684,0.03032230343272428,0.9599173412969298,129.49951171875,58.38918875136759,0
369.4108636811023,0.1289816365599163,0.029492037976608747,0.9494769451188366,131.0587158203125,61.25365279056278,0
291.88041338582684,0.17138366873376057,0.0551794031006568,0.9576893772580436,142.5948486328125,59.345830933981084,0
211.5317421259843,0.2068398959004584,0.08429206457168686,0.972385539143466,120.47442626953125,62.366096443763,0
185.64622293307085,0.20292656209631785,0.09317568830836773,0.9749249628776593,124.70233154296875,61.5786717689618,0
234.8630659448819,0.17444515326812035,0.0577042964984095,0.9689734546287913,136.89324951171875,62.392791983852455,0
226.10759104330708,0.21563636201829628,0.11142971156425945,0.9743709041781367,123.86865234375,66.91638219301018,0
251.4613681102363,0.2047941457358477,0.10193876859801179,0.9715328665221589,129.04278564453125,67.08300058679893,0
185.9187992125984,0.15498811801077875,0.02809839113561954,0.9601192172257398,129.0625,49.15031576744001,0
206.07154281496068,0.18579333736873876,0.06144972157884064,0.9695940815944157,131.3553466796875,58.48266405815314,0
296.53100393700794,0.13832323848711622,0.03902511250185056,0.9533361685671607,123.14263916015625,56.96713307897773,0
320.35420767716533,0.1626988758104086,0.06699136982812773,0.9569306567782789,117.89532470703125,61.5979372753596,0
248.068220964567,0.22682531142321458,0.12701426739999883,0.9740695038141444,116.81536865234375,69.65800003154246,0
196.16941437007875,0.1517196005387505,0.02754329406639328,0.963403994220515,144.62481689453125,52.70406927186128,0
276.210814468504,0.172167837337896,0.06923031041109864,0.9636200916184265,122.078857421875,62.229185795012135,0
293.9035433070867,0.20194440023278937,0.09782041718393523,0.9581853989577842,112.69720458984375,59.75689010513553,0
310.30142716535437,0.19133607641217665,0.09130007460068605,0.9557739204321399,114.39324951171875,59.53188837286704,0
257.0160556102362,0.16716018811504565,0.05167952600356418,0.9614181267375342,133.43328857421875,58.52778739403977,0
259.2006028543307,0.2128527534122356,0.10852832925840479,0.9659433869151162,113.70794677734375,62.26963381333768,0
273.56311515748024,0.20154360333969892,0.09476284848073324,0.9607391868267808,108.51947021484375,59.5515271553613,0
289.96954970472444,0.19996329667580673,0.09789184238618828,0.9676571349182538,121.87939453125,67.44840497894461,0
296.900221456693,0.22877573632804948,0.1420483473413862,0.9694051245704413,113.96881103515625,70.12154411188612,0
233.96813484251965,0.21292708971215943,0.10509749064646515,0.9712603757630793,118.6591796875,64.41696659016668,0
272.40920275590554,0.17957528011849586,0.07870010198190906,0.9659775644201154,119.0465087890625,63.89108667920532,0
196.81748277559058,0.23714388361837016,0.11041471878788511,0.9561991133451853,91.6314697265625,47.72842435175943,0
275.9411294291338,0.15327209337231376,0.04127158882203493,0.9564534120359116,126.513916015625,56.912686489858714,0
288.8556225393701,0.14072464293212464,0.02847983153620321,0.9534907896853859,131.53704833984375,56.60919468021418,0
200.05191929133858,0.19394824057015694,0.07605329533487293,0.9713566158819037,129.08355712890625,59.856681355335574,0
222.4873277559055,0.18111500478901896,0.06788579843437532,0.9705057887985272,138.205078125,62.24967984036763,0
263.32794045275597,0.14277209440739985,0.03072328271410506,0.9560008287675679,133.297119140625,55.597061992946394,0
291.0549335629921,0.1907619261890033,0.09075096003543104,0.9671192514372202,124.48663330078125,67.14768309308111,0
242.0090428149607,0.1326004705533119,0.016631849329630875,0.9518621688933856,124.251708984375,50.89367839904699,0
271.25664370078744,0.23865258507154274,0.14288883461311586,0.9725967115604721,116.31182861328125,70.83090484925063,0
238.0756643700788,0.17391052401079501,0.0565947389319591,0.9637594226243136,118.9276123046875,57.97624096024976,0
225.10199311023626,0.21486464281990242,0.11148769219454896,0.9751885384743164,126.443603515625,67.9356770691999,0
209.43091781496062,0.18899944610628872,0.0717210969267374,0.9688734046801677,114.32122802734375,58.553720898090496,0
284.40791092519686,0.15939613966714558,0.04903150504906201,0.9600849604286473,123.52044677734375,60.256720659721196,0
250.45607775590548,0.22900935680536663,0.12462310193717874,0.972016501548534,104.25433349609375,67.27259109922282,0
254.32634104330714,0.1368614935260808,0.022294685376993265,0.9570639913661415,125.61724853515625,55.23353228536541,0
228.83033956692913,0.20547015883511763,0.0865328932350318,0.969434552993068,121.49493408203125,61.889165232410434,0
227.27768208661416,0.18493892780375418,0.07234730582853886,0.9736812883716923,137.40875244140625,66.21863090669036,0
242.46924212598432,0.18489624126394755,0.07571632804503853,0.9662824363050639,126.71368408203125,60.71048755424407,0
262.5823080708662,0.18966909009644717,0.08636085860964005,0.9684696966091821,129.49810791015625,65.25696275361156,0
257.3401205708662,0.21424330974823128,0.1204283934091182,0.9716175546782957,113.87457275390625,67.7997896565955,0
220.74095718503943,0.15238558174547778,0.0427499706499221,0.9683776628173848,148.01751708984375,59.969391185726735,0
249.533280019685,0.22025460736972455,0.12403215572264,0.972747045540611,119.91131591796875,68.2220845202339,0
244.34442667322838,0.1468951493302711,0.015634745027473203,0.9632014853445783,146.28997802734375,58.23508000436465,0
179.71825787401576,0.2510331256462689,0.14775867549752744,0.9715141000573062,91.17193603515625,56.52237692087065,0
237.44162155511816,0.19521232443832995,0.08188208226868368,0.9712642009395595,130.9248046875,65.0615944263418,0
238.48646653543307,0.20871725460546792,0.0932424836643874,0.9640318772117606,115.3101806640625,58.04618714991659,0
231.79219980314954,0.2021735225417105,0.085566360121911,0.9728935768672008,135.13433837890625,66.13803431154031,0
302.3494709645669,0.1940145318926636,0.09480424022403988,0.9620960514999531,111.20050048828125,63.664395820267295,0
275.9983390748032,0.2102189865589604,0.11085799189317111,0.9676599735906336,110.20428466796875,65.79722715487733,0
372.10672982283467,0.18806995353442973,0.092334461570386,0.955370746256619,117.51251220703125,64.93296170895209,0
269.16953740157487,0.15231282327777101,0.036326989433105784,0.956571117453394,139.095947265625,56.30907226475616,0
216.42347440944886,0.1664696897234389,0.04964461885370344,0.9577028361625105,102.22198486328125,51.08764396394573,0
270.65292814960634,0.1827925417561231,0.07510210002789586,0.9673977313893206,129.9810791015625,65.06386779908004,0
292.2899237204725,0.16315416989562562,0.029193970240846884,0.962333223599647,139.7535400390625,62.71820736302501,0
251.67925688976382,0.2156454704091935,0.1060375197436263,0.9714645679063278,125.8218994140625,67.03312948199599,0
134.26913139763778,0.24005026375695626,0.09914271941918414,0.9795363494499901,116.03753662109375,57.71482876743568,0
168.10494586614178,0.2185856564450503,0.07475439159126583,0.9771392356366877,129.71295166015625,61.28324044788723,0
334.20515501968504,0.19181556154839782,0.1036538985284967,0.9676149289245141,131.89337158203125,72.34505378151303,0
352.7121678149607,0.14928852754197436,0.05197119663756309,0.95195754626035,129.92578125,61.21432602199544,0
404.63219734251976,0.18919212126901477,0.09887336641660961,0.9507708067982485,119.17230224609375,64.5421442977321,0
316.94801919291336,0.18358831615374246,0.08876094685282819,0.9570349084716993,112.7471923828125,61.2038215146423,0
262.0181471456693,0.21681893620884968,0.11695455812122536,0.9665404684732485,104.38287353515625,62.96539675581975,0
351.5826156496064,0.16026603645782125,0.06170331579048054,0.945835364161416,118.207763671875,57.50331850375375,0
272.48929625984255,0.14022730860946292,0.01821858228550282,0.9634745853242429,121.71795654296875,61.57288423543579,0
215.13718011811028,0.18178293486876118,0.05831431725167798,0.9610783668803219,114.9515380859375,53.144754783639726,0
364.6100516732282,0.1768973537211374,0.09366173138166378,0.9548655982282853,128.3179931640625,64.06231957654434,0
334.48892716535437,0.1663360351838262,0.05245241178926861,0.9515396576326656,125.9837646484375,59.52875327021008,0
459.2526451771654,0.14873751176001285,0.04831965093167959,0.9221828952732097,117.61651611328125,55.27572244103335,0
329.3058562992127,0.17907644251264418,0.08294907644789969,0.9556071370084728,113.943115234375,61.43551355402572,0
391.62272391732284,0.11530323361505648,0.01824146797227563,0.9186809284167069,127.56573486328125,49.63108481884047,0
238.46561269685037,0.1678747756799494,0.055331013144710776,0.9533303290291723,111.90838623046875,50.83222650973262,0
242.78512549212596,0.20791060870641648,0.09490954947251014,0.9616926292249766,95.0411376953125,56.67605802968105,0
320.6611712598426,0.163089977197105,0.06118725345460903,0.9477885744666265,118.603759765625,55.95826343451296,0
400.4580462598425,0.22298799511185652,0.14431422736037544,0.9668014674985741,127.43438720703125,78.17935978584053,0
249.55628690944877,0.17604416649699586,0.06910926747556964,0.964588376560037,130.01092529296875,60.02162037446386,0
328.96407480314963,0.1670135573543685,0.06583882252763427,0.9505275354024756,119.08038330078125,58.127461901404004,0
274.89708415354335,0.20683150626068342,0.1109971345311499,0.9549532504625418,100.9097900390625,55.71968584336473,0
281.7331446850394,0.207352260938605,0.10784122072240826,0.9631008022001952,112.5675048828125,62.29001117289129,0
279.2065083661417,0.13802191763958677,0.02129920037486732,0.9529791112909435,137.0010986328125,55.238393805035585,0
522.1334891732283,0.15488466148931332,0.06238110884956741,0.9384763565152725,135.790771484375,65.75688791593765,0
300.09098179133855,0.1802530865016227,0.08586776560152186,0.9582618751502779,119.3157958984375,60.639995966698045,0
225.22607037401573,0.18176614665695956,0.07096291490065178,0.9659512680701634,122.18096923828125,58.11827205381724,0
290.5021530511812,0.17727343964337375,0.0767809321008505,0.9554928133696708,119.26190185546875,57.80859740794245,0
371.9837598425197,0.12032609658526346,0.017358126560410848,0.9231437648528255,134.7076416015625,50.10168590839771,0
321.65760334645677,0.13479290648651263,0.03927738361013572,0.9537969974118837,116.54803466796875,59.567469807540384,0
268.712967519685,0.19510353570278663,0.09759756959626877,0.9650140138211797,116.96917724609375,62.52675962026327,0
298.65594242125985,0.1896207022713097,0.09146257116260695,0.9640613946909735,120.423828125,64.89804435216892,0
322.16234005905517,0.18049999433168465,0.09052109732807026,0.9571877586936665,112.57684326171875,61.84220902258276,0
266.76131889763775,0.20010401102770115,0.10120042629056661,0.9699799095190583,127.27093505859375,67.34552107557056,0
276.22982283464574,0.18665769028427764,0.07715404095931366,0.9636720172478079,119.51922607421875,61.953740708531434,0
299.51107283464563,0.18489608763189117,0.05324697045254552,0.9648640891405098,118.00115966796875,65.54685962546672,0
310.9663508858268,0.21527087467865655,0.11794833403174923,0.9555749282917565,99.65472412109375,59.477244293651204,0
173.21555118110237,0.19599334611792238,0.075002607511971,0.9647394953139676,116.7523193359375,50.153390757594465,0
315.52866633858264,0.1895833464515702,0.0897619743392247,0.9600481920635575,116.58355712890625,63.41606184589316,0
278.62210875984255,0.17464712443666486,0.06900563138407245,0.9609425363256064,127.31201171875,60.14578287390969,0
337.28912401574814,0.19633602371235348,0.10523209556565265,0.9599806830891874,123.724853515625,65.58727507553589,0
296.48406742125985,0.1961957992142856,0.09348020793951498,0.9570392111687134,110.47698974609375,59.30537618425787,0
282.92082923228344,0.18410545113815546,0.08465135796568936,0.9605484500814796,120.82830810546875,60.41898793786868,0
280.503937007874,0.17606456688248756,0.07655359882701743,0.9614158737457285,121.93853759765625,60.95495298311598,0
265.203125,0.20698839423499765,0.1023484699685872,0.9564332222611506,97.016845703125,55.60887634480363,0
215.99778543307087,0.17440404558026454,0.02501018041824979,0.9638041656741917,99.85357666015625,54.97671389287882,0
269.6678149606299,0.17475484288927381,0.06819502761461395,0.9592685039613854,121.76910400390625,58.255902832854794,0
279.4446973425197,0.15757310079212106,0.052373985486094315,0.9487534698856097,115.47808837890625,52.80701370688058,0
332.81133120078744,0.12043117465862238,0.015853707492391213,0.9306779882988676,121.80780029296875,49.78007894686599,0
370.40797244094495,0.2118271651432518,0.11818572107782889,0.9539087009753558,109.6044921875,63.84891945799133,0
363.755843996063,0.17615314926558479,0.08026333083354065,0.955144968921269,118.709716796875,64.29661841775864,0
360.29096948818903,0.1322706050571639,0.02589246722323163,0.9443739022794434,121.49102783203125,57.69869006759016,0
336.4426058070867,0.13255591184120308,0.02729899509228117,0.9452965166872033,130.52569580078125,56.21122968460581,0
297.7143823818898,0.2267274078515621,0.11916467362636439,0.9669150442305666,104.2799072265625,67.37624666627805,0
369.2146284448819,0.16520530939943007,0.07529226005232109,0.9444832243112721,112.80615234375,58.25649521392103,0
302.6432701771654,0.1882527512435579,0.08056908706125748,0.9558573846228807,108.89300537109375,59.11109289815431,0
305.777066929134,0.2333019980926315,0.13518411400520472,0.9631070032155161,105.00225830078125,64.79608984391136,0
337.7191806102363,0.27418116938906395,0.1964559468871318,0.9638668969846531,97.422119140625,68.63902470108016,0
231.26636318897638,0.21627804091005545,0.11074059766542656,0.9660065284994894,106.9345703125,58.86504270902792,0
336.22010334645665,0.18684917960415198,0.08622359820589989,0.9587529304874418,119.14141845703125,64.39378771154514,0
320.8820127952755,0.19002464344331893,0.09427183517451178,0.9557356480951197,110.13818359375,60.725295155319486,0
338.298658956693,0.1710878153440387,0.06208202389794924,0.9500884645288038,112.70977783203125,58.742443098588225,0
411.6234005905512,0.1518316608321031,0.05529601967644142,0.9496157002669054,126.5045166015625,64.53733025313235,0
326.2766363188977,0.15916952368820028,0.062442378107705816,0.9568231003833505,132.2467041015625,62.18475124559796,0
317.6126353346457,0.14134222320942091,0.04321918017065102,0.9550260056169523,130.1845703125,60.20691751137587,0
383.2046013779528,0.19715578938028036,0.10627728111099743,0.9546468999489272,115.280029296875,65.52771305577095,0
265.87801427165357,0.19713130422761646,0.08173044882420485,0.9659289362485108,128.3924560546875,63.213723861952154,0
273.59565698818903,0.18531855957752705,0.08540783186155919,0.9587058697519386,116.0477294921875,58.233716098541876,0
374.86355807086613,0.17822295798898732,0.09092519713340075,0.9542892506306314,123.29010009765625,64.53410639592106,0
364.81569881889766,0.16901726259845107,0.06998818892274157,0.9519772094591806,108.31903076171875,62.125511576254716,0
330.51021161417333,0.1847582588076328,0.0929725823932231,0.9578329627994171,111.59210205078125,63.07509002038308,0
215.43165600393695,0.1969062528481435,0.07411862696131119,0.9526917244723332,90.5994873046875,48.13465167755923,0
230.42101377952758,0.17331978938317127,0.0566990519460132,0.9626951658128761,135.6082763671875,56.25856592640356,0
243.32498769685037,0.23072634497001926,0.12623990020120404,0.970412237707134,116.99285888671875,64.71040985675117,0
346.81409940944883,0.19057718734897314,0.10239385419407553,0.9560762944363269,105.8255615234375,63.287070264187015,0
250.0135334645669,0.15987384914313876,0.059596728458810644,0.9665679729684024,131.8458251953125,61.741343053448894,0
248.2033095472441,0.1466996274071996,0.028207972308036715,0.9589792050064154,134.956787109375,55.89689376213547,0
252.16455462598424,0.20518107386198586,0.09873947310604847,0.9709222844460601,120.0345458984375,66.31111496358444,0
234.58003198818892,0.20196420212841082,0.09101442543396895,0.9543828349788497,99.64410400390625,51.00452105088144,0
225.0242372047244,0.24512220709280544,0.13677746797711096,0.964370964197623,96.1785888671875,56.621934119202685,0
214.21961122047244,0.2374077372908127,0.13225519588410287,0.9727663498871596,114.28375244140625,63.24286347060949,0
267.716904527559,0.2452667410941013,0.14555194720810405,0.9723700888411008,118.6129150390625,70.12577337195124,0
325.2311146653545,0.1324174491072889,0.027345877711651867,0.94316659001461,132.237060546875,54.448684615871834,0
288.8614665354331,0.1732340146389512,0.06684567087343399,0.9541536074389358,113.25994873046875,56.44909204385396,0
287.5359251968503,0.17725015158808569,0.08240141796429491,0.9653439798339126,120.19805908203125,64.90438538217819,0
370.414185531496,0.3503043257093846,0.2794303509259491,0.9635224122151745,85.767578125,71.33490561003312,0
305.8917322834646,0.19301456852694798,0.09895278941009969,0.9656161695826152,108.39501953125,67.05955542812947,0
345.164000984252,0.14318460137946823,0.035328441072865126,0.9359925883403376,124.214111328125,52.61148232424927,0
204.97281003937013,0.1609707195430683,0.04274049806093096,0.9668160398947668,137.9417724609375,56.45808216872835,0
314.63908710629926,0.14340620808780905,0.03878044677142614,0.9540330974053326,134.55169677734375,59.248095370081515,0
371.300504429134,0.14615010568829492,0.047078601206688865,0.9489090813421502,125.448974609375,60.98999008485029,0
286.61202017716533,0.18044662575866668,0.0772699626903324,0.9561910775449592,112.94757080078125,57.67165590844464,0
340.1772883858267,0.20552074894532962,0.11922677208170536,0.9616174164525898,101.34381103515625,66.91427380313569,0
190.61774114173227,0.1799417387634465,0.0635988348993997,0.9745562717357599,135.10968017578125,61.34099382535057,0
337.89105561023615,0.18014337164301145,0.07946612092794147,0.9564738909415769,85.24114990234375,62.37521635848302,0
381.6325664370078,0.14228185777910213,0.043705066623745244,0.9350311269521309,122.92669677734375,54.7489314355702,0
343.16055610236225,0.1518609555895067,0.05816226955829576,0.9546981609505687,121.0428466796875,62.06519749693797,0
463.5183932086615,0.1103845482024911,0.01555150473801709,0.9131273879267144,119.38818359375,52.06135293812046,0
268.2241018700788,0.1515378861254389,0.047929413886998264,0.9572685880061088,125.0301513671875,56.80469077995227,0
243.27958907480317,0.17088983042858272,0.057350149067798666,0.963245892233859,117.54583740234375,58.19583405262772,0
206.71979576771662,0.1377624755643879,0.015296098252490316,0.9691735025508064,121.74603271484375,58.41692393547365,0
387.78721702755917,0.1688325748440794,0.06690774410603641,0.9448456880770827,119.02911376953125,59.99574117816472,0
215.5864296259843,0.2316555649809013,0.11735302353713782,0.9685076134393885,95.930419921875,58.74942895682777,0
287.51242618110234,0.13078391502606213,0.01503937380269696,0.9592582593719967,129.7431640625,59.92274447012969,0
412.42365895669303,0.13226410331371694,0.029271446335443266,0.9239073482749954,113.51043701171875,52.360237733999774,0
292.87253937007875,0.19629275251425088,0.09599604915278463,0.9621022176233022,117.83367919921875,62.794052297133476,0
240.89560777559052,0.20247706836457535,0.09354908150181888,0.9602820716194082,97.8134765625,55.50651992270041,0
245.58015501968504,0.2516931061565655,0.15778192787949827,0.9703031205636111,95.9093017578125,64.61182508504966,0
430.9803149606299,0.1437213938257682,0.01816486189807063,0.9537404131913789,140.03814697265625,68.98600081170143,0
374.58200049212604,0.1254350976424894,0.024124371387249967,0.9360494014720331,131.5914306640625,54.78390890228039,0
282.1759350393701,0.12860481179023658,0.020326044970142114,0.9524296516140145,132.98028564453125,55.04742641396798,0
275.76513287401576,0.19409923873648915,0.09796567805798442,0.9607565174546403,109.61468505859375,59.78022110714032,0
456.9298720472442,0.15101862354384518,0.024038375608148116,0.9576853429090761,151.80499267578125,74.28303628331115,0
302.27362204724415,0.17491860700024514,0.07011176253226696,0.9585938432645491,118.476318359375,61.011999137786596,0
219.3148375984252,0.13013117271538382,0.01414728468516849,0.9693719569593698,154.80462646484375,60.313505703905506,0
358.2599655511811,0.19299485171497965,0.09897541673393884,0.951175433615448,107.8795166015625,60.82355942569983,0
300.3080708661417,0.1870026836037089,0.08356682862078674,0.9627021703867455,124.65478515625,63.892184741544035,0
300.0379552165355,0.16673527023896667,0.026522955457710145,0.9704615222510928,137.15191650390625,71.84572725903571,0
370.9222440944883,0.13539423636121337,0.03801837465873655,0.9404395494648735,130.65765380859375,56.61386371041945,0
283.02694389763786,0.20401233628951898,0.09565043089976462,0.9677993545876519,122.81072998046875,66.79353978957415,0
267.20466289370086,0.1720813328622728,0.061222341002725326,0.9658229070064394,134.58074951171875,63.323011474903275,0
306.64954478346453,0.2095302703855943,0.11919138532434276,0.9606210220752459,92.68670654296875,62.63697824757453,0
310.9057578740159,0.20213549354546312,0.09774409082603577,0.9591529760591524,103.16656494140625,62.11887527787559,0
318.8850885826772,0.19885896324333538,0.10802624260470839,0.9615003514396739,112.1026611328125,64.86910428825543,0
263.6448080708662,0.20095560165928467,0.10296157783265664,0.9690340758759,124.6917724609375,65.86478303480293,0
180.80253444881893,0.17443555483153936,0.05221003929553444,0.9644047445977408,116.24603271484375,51.23438646150474,0
252.23455954724415,0.129908667962968,0.016841221063848746,0.9532428792581599,136.46124267578125,52.610906031132885,0
306.380905511811,0.14105665503743614,0.04029227493326878,0.9528225646707441,131.604736328125,57.63902725513989,0
263.5035063976378,0.1540940988058384,0.04948711574250161,0.9623000828201266,115.95574951171875,59.705316241518695,0
265.5981176181102,0.1711352808344255,0.06762647243588088,0.9677945030295293,132.25238037109375,64.79625020759066,0
235.77448326771653,0.1298842931925912,0.015074370982830711,0.9388866583311445,125.2120361328125,44.35299120425047,0
271.1630782480315,0.17550748151713474,0.06699919291542891,0.9672947258892177,130.65478515625,65.10587243513275,0
265.97976131889766,0.15353048834542063,0.04753971475035428,0.9641614299617629,127.9085693359375,61.710492444464876,0
335.878937007874,0.19997256713698647,0.11505593620373257,0.9625621401996286,114.96600341796875,67.46510150361124,0
341.3017347440944,0.20578686659637677,0.11089150783697065,0.9596365270577204,106.2930908203125,65.41120988060446,0
280.27171505905517,0.15172253109543707,0.0394425813400007,0.960123604567668,130.4384765625,60.101197406627335,0
222.4616756889764,0.13290418317526184,0.018539268696356026,0.9518287556900626,129.89080810546875,49.003329202524085,0
222.1705216535433,0.18694390067654346,0.07675584167767906,0.9622125573670458,108.43548583984375,54.814460778010734,0
272.0497662401575,0.14234181316336722,0.038963513446053095,0.9562404896437157,113.83441162109375,56.442664707970934,0
180.9108636811024,0.1857082175935869,0.06547479437469901,0.9723693752869548,126.266357421875,57.94162186164784,0
259.2859251968504,0.1964596181410018,0.09582008346226312,0.9682433453915273,117.27569580078125,64.48048930570219,0
326.1120816929133,0.14882143675422607,0.04324953026895371,0.9574812422491858,130.9720458984375,62.58455471660734,0
218.07258858267724,0.15175225195234782,0.022578374653368632,0.9755893548617625,141.03045654296875,67.18049009679137,0
255.8590059055118,0.20971164243904244,0.11064684226943582,0.9683813330252637,108.9295654296875,64.06689805716067,0
313.892531988189,0.1568946055899276,0.060834456281746586,0.9591998465967329,113.72216796875,62.4559001196287,0
285.8207431102362,0.13380624903435498,0.02907769439178096,0.9435650199815957,124.8365478515625,51.02919892346117,0
217.52934301181102,0.14388980131184248,0.02237305006633653,0.9578937103862003,139.6612548828125,51.89243398483619,0
214.89068651574803,0.14835880217138173,0.032260831309746364,0.966041294514487,139.3175048828125,57.08091712498213,0
287.37795275590554,0.20507376504433725,0.10338236210438712,0.9672849048213187,115.68475341796875,66.68421363126255,0
235.54207677165363,0.18288518557878713,0.08195714737127614,0.968588068523957,123.07415771484375,61.9614723344756,0
221.84338090551185,0.19131089103116952,0.07381862850590704,0.9693979156012426,124.13714599609375,60.884507623963536,0
271.4672736220473,0.25388345893314457,0.16888679489334457,0.9712626908005024,100.6400146484375,69.03698836210312,0
326.43085629921256,0.1292284849157276,0.019456294301694526,0.9354998725340589,121.00701904296875,50.95367373641416,0
286.51150344488184,0.1977031074373449,0.0899794991095379,0.9638790997264974,124.8509521484375,63.692028072682554,0
375.6355807086615,0.17900253617702302,0.0843772635302995,0.953844293552489,123.20953369140625,64.46993420527856,0
285.12192421259846,0.16749312837155086,0.06398938957629194,0.96015945100518,128.03216552734375,60.50126813017492,0
187.3738927165354,0.1755573757554734,0.0395152621494038,0.9622448697908184,122.97393798828125,50.578757255567666,0
279.4576156496063,0.23793083360181494,0.1321730159413243,0.9612184618427867,100.9287109375,60.45344340264461,0
269.99852362204723,0.18213367886892173,0.07665710097612397,0.9570310341342153,112.12432861328125,56.528976028005545,0
260.4923105314962,0.16830955275895873,0.06256822949598301,0.9643398418101501,121.739501953125,61.06179740788537,0
275.5500738188977,0.17970522042442957,0.0775330783194758,0.9653857707252557,121.57720947265625,63.74918156357348,0
198.82431102362207,0.20304128246416472,0.08396149215843286,0.9708873274747144,111.470458984375,59.03071839510729,0
243.1313976377953,0.23094523834978645,0.12698610951298886,0.971459654048397,124.6549072265625,65.91596621748005,0
268.72766978346453,0.24975616660288988,0.1556555571163817,0.9702803532422395,106.61492919921875,67.63514736042694,0
291.4752091535433,0.1783302254410781,0.07602454276691993,0.9651818304092771,119.181884765625,65.2537667582122,0
253.1920521653543,0.19546843092150545,0.08957246369019121,0.9638449237305727,112.02508544921875,59.69186558083956,0
238.11534202755908,0.18685480793342898,0.07967512465769808,0.9723140712703299,129.8890380859375,66.31527788532831,0
403.63188976377967,0.1523041213892671,0.061934261636665745,0.9484485902720555,123.44647216796875,63.151092542119855,0
276.67605807086613,0.14732732279635205,0.04216979682890755,0.9590341076098524,137.63983154296875,58.89647198248246,0
301.60353100393706,0.12251217630970777,0.025476247779263595,0.9558887196991547,125.64971923828125,59.12803631845261,0
277.2653174212599,0.17433597990749503,0.06426507241084943,0.9601234285540571,121.60205078125,59.575600365252164,0
241.2250861220473,0.17582359764490424,0.06911234746466158,0.9508601062689297,96.02294921875,49.96891207069323,0
238.6801796259842,0.17738450714810602,0.06163334601092775,0.9665353962550898,129.6981201171875,60.26970272681408,0
218.76630167322833,0.1712521671453771,0.054833051575353446,0.9668049032033089,127.6505126953125,58.102845048796766,0
287.9646284448819,0.19300348495174494,0.09695815705369461,0.9657754350132234,120.4993896484375,65.42820846924252,0
295.00645915354335,0.1621440310457261,0.052759392914815594,0.944028115218768,119.05029296875,51.96735975019663,0
400.38730314960634,0.15249326181975728,0.02215066688196555,0.965217409119427,143.684814453125,76.5303202389977,0
251.32966289370077,0.15739491893311444,0.04263689290726795,0.9627116849957241,143.125244140625,58.957367057149774,0
396.7952140748032,0.1606686627153831,0.06521098726759526,0.9466990771952748,116.46942138671875,61.323279406559564,0
385.12093996062987,0.19810582394893922,0.11125131110005794,0.954313812189183,110.10296630859375,65.40165458048502,0
357.3069020669292,0.16427644427218274,0.06389783801488733,0.9567477327091057,120.279296875,64.6871065137017,0
257.5668676181103,0.2125456716426737,0.11212479966796832,0.9710214601947095,125.1932373046875,67.22369038510541,0
328.60187007874015,0.18240214996703508,0.08198379626135872,0.9592968859794314,112.30364990234375,64.04118754753479,0
260.083722933071,0.16145297400659192,0.05331575595533544,0.9651053776046655,124.8238525390625,61.61868056310221,0
216.14327017716533,0.2319296167172913,0.13037888746879828,0.9770039925851782,125.17572021484375,69.17624131269484,0
298.2269315944881,0.16079116618499578,0.06725033135736265,0.9615304683328556,128.3704833984375,63.017138455516964,0
350.52011564960645,0.11776473131819071,0.01704502474810153,0.9431408998401614,132.78973388671875,56.30897875520896,0
204.22853100393698,0.17725591258479356,0.0597941298224399,0.9608689448105895,107.79132080078125,51.75848261701682,0
296.9678887795275,0.23201854484872603,0.14044770081075514,0.9706633574434029,115.3890380859375,71.60083250754798,0
365.3275713582677,0.21132362335660468,0.1263916756759721,0.9586642096227252,109.96142578125,66.90411877968275,0
230.7432332677166,0.20475272986336926,0.10234609438981256,0.9755182461322438,123.3748779296875,69.24450771974867,0
218.9439591535433,0.17121895489827302,0.05539007213570232,0.9683626123050014,138.65692138671875,59.47128734319205,0
281.15120570866145,0.14095416003440767,0.02720735205547642,0.9514094064553271,127.58575439453125,54.417989648237594,0
347.14234744094483,0.16462895105045794,0.07077545210297155,0.951184556736632,123.96826171875,60.08654316433353,0
284.6945743110237,0.15791977596463105,0.05010756939132603,0.9576670383896546,127.9080810546875,58.80622183654331,0
295.29515255905517,0.20031446300171163,0.1081600803764944,0.9613012394730222,108.648681640625,62.27584011423534,0
303.78832431102364,0.19194199625469707,0.08147564015801002,0.9595408482215942,102.0184326171875,61.684577383625125,0
296.0010457677165,0.14325984153310317,0.035728127210843875,0.9546308928912512,129.0423583984375,57.73514810632975,0
389.2469242125985,0.17988217170868157,0.09033936851155795,0.9498015169772211,119.77520751953125,62.85722962782607,0
254.9177534448819,0.15634874996146558,0.04654264991015421,0.9659515753824757,133.50897216796875,62.08168637978526,0
276.3987450787402,0.1944706753010414,0.09533641088055456,0.9681619847088333,111.16241455078125,66.34740536863829,0
356.1035925196851,0.16081626406971739,0.061225709585637896,0.9559668809817186,105.06842041015625,63.9123699605914,0
302.3979453740158,0.13661537849817687,0.03383413676294572,0.9549531840445561,136.6944580078125,58.76892587902064,0
282.84799458661416,0.20634123462603324,0.11314532186778054,0.969266408563904,122.203125,68.27535729721596,0
289.19746555118115,0.14243129158443502,0.025795717773450036,0.9542240813640867,132.000244140625,57.08117463741676,0
329.0593011811024,0.1491492650794836,0.047387274098417906,0.9539478810372827,125.21923828125,60.13063704738602,0
260.50990403543307,0.1887078045638958,0.08142112959030735,0.9644043095058725,106.06219482421875,60.87230467970376,0
352.49261811023626,0.14337647502775674,0.04180310793338565,0.9476780046197076,126.72711181640625,58.755266405481464,0
360.0458292322835,0.17029477275637872,0.07110817362580098,0.9529910266156838,113.2691650390625,62.43275532042853,0
315.43688484251976,0.14646905140442223,0.03936075415535836,0.9539589107809623,128.18975830078125,59.14936622231998,0
226.62869094488192,0.254283868640297,0.15517400177348875,0.9755120556580936,111.24456787109375,68.47367988822666,0
215.48849655511813,0.15417940863895824,0.01689159042243537,0.9668350653347324,130.2413330078125,57.26221733193682,0
239.1930364173229,0.1676141823354855,0.05476587814286436,0.9613786648260282,122.52294921875,56.181273863304945,0
314.1975270669291,0.16850653761844028,0.0636157903927708,0.9567727111041577,122.4832763671875,61.00664517473777,0
207.64413139763784,0.16564378824773188,0.06216533869853831,0.9734403913533793,139.93402099609375,63.308393906781426,0
250.455031988189,0.22614047095250758,0.12316530463427622,0.9656081426141211,110.3939208984375,60.7103868899365,0
263.788939468504,0.16809497566257414,0.05758435911029479,0.9661417590371989,115.83282470703125,62.860020264364096,0
261.0594857283465,0.18228367538141996,0.06600307237846632,0.9654505730869775,132.181640625,62.108465715386075,0
278.84307332677173,0.16598402473998847,0.05284113238633844,0.9558666929761125,118.14666748046875,56.841336490799804,0
238.16154035433067,0.17723810458391845,0.058875970119942854,0.9638656846252577,128.578857421875,58.2995374481073,0
285.396592027559,0.1333339200318608,0.018494973333861953,0.9681538588688867,132.87518310546875,67.30389887698647,0
269.8111466535433,0.1766257792887791,0.06814051399562097,0.9605277238149991,119.28460693359375,58.89741513957823,0
255.3696481299213,0.18792846119574472,0.08477433656753751,0.9698585014431014,116.277099609375,65.41877006294655,0
237.35476131889766,0.20010001417310047,0.09880227733801712,0.9735808690728852,129.99066162109375,67.51454359526332,0
255.18774606299218,0.159389627008948,0.04305537698494965,0.962295087900271,129.4085693359375,58.89529129499854,0
281.5741264763779,0.19885858748961333,0.10309514490848823,0.9645518312964063,112.70184326171875,63.41836250375024,0
303.96647391732284,0.15818959524506992,0.0581009971313976,0.9570914464810282,133.507080078125,60.004992050380636,0
365.6168184055118,0.14226266288566802,0.021392980314240074,0.9470342786286934,155.0804443359375,59.91807454862903,0
267.17335137795277,0.24102755807267065,0.14950808080611747,0.9712308367175646,115.1048583984375,68.63915951962136,0
245.5212229330709,0.1816796383009893,0.07596939599698997,0.9700655138020657,131.83758544921875,64.82167019361253,0
344.16633858267716,0.16045578577171396,0.05591908383542547,0.9543948573858019,112.42987060546875,61.99272626052005,0
170.2014640748032,0.22822701357665684,0.10283344009074892,0.9761563235374636,120.6517333984375,60.322678054923806,0
170.48191437007873,0.19097949224670158,0.06948147234758545,0.9695895601279699,116.69134521484375,53.68388019207914,0
191.6579724409449,0.15997375617787565,0.03415741884524447,0.9800528265992015,137.5660400390625,69.81231926343519,0
390.8995447834645,0.15344515076174142,0.05983651704557735,0.9513814321868653,116.3248291015625,63.89723025222878,0
345.3192052165354,0.14091233122263408,0.024556767630141526,0.9645856454348428,123.472900390625,70.36649661372446,0
242.06908218503938,0.1734995080517211,0.06353564331158439,0.9656961531845354,125.14654541015625,60.19635896258941,0
275.7814960629921,0.139308959261099,0.024326114579025736,0.9564845207797926,133.4757080078125,57.21670954629745,0
298.75781250000006,0.13409288211463566,0.035660356007583646,0.9525352211532784,134.69464111328125,56.90682986896615,0
491.75935039370086,0.1703310329142154,0.08790558421694128,0.9523622945613757,125.1619873046875,72.30902501073946,0
391.71678149606305,0.13308607660836433,0.03497934404898556,0.9501503208304974,137.55072021484375,63.19330397830281,0
367.3761072834647,0.21058030550331386,0.12157137542358498,0.9569918955232981,99.68798828125,65.69545278671443,0
216.33784448818895,0.21956647884713393,0.11166096204203768,0.9673206189351994,103.4283447265625,58.03388875003532,0
251.47034940944883,0.15573938987242208,0.04202223551681069,0.9598395060230689,130.7308349609375,56.884183765628094,0
222.10494586614172,0.14209675932106935,0.01736373932454982,0.9749418201190054,164.32159423828125,67.02891646213081,0
222.10494586614172,0.14209675932106935,0.01736373932454982,0.9749418201190054,164.32159423828125,67.02891646213081,0
285.6520054133859,0.2637976993662586,0.17005180997841624,0.9668592029525136,93.905517578125,65.79874959352918,0
251.62721456692915,0.1400152372580165,0.03361792011427201,0.9614491999341124,126.529296875,57.83148017061612,0
354.63502706692907,0.16480551305278549,0.07112179595786418,0.9572945230418983,116.874267578125,64.93067168856643,0
304.10051673228344,0.12379630453356161,0.018383176183809736,0.9446916836642452,130.60626220703125,52.88855297218666,0
320.1528051181102,0.18612943043984595,0.0991490552854641,0.9624386110132119,125.5687255859375,65.8761695552375,0
302.90717273622045,0.17820906724682228,0.08182993504950511,0.9658024166358663,121.90447998046875,67.05045594206761,0
299.8657726377953,0.15667520616215416,0.0556666367500374,0.9596778681088908,125.2152099609375,61.59174093870227,0
278.30050442913387,0.15719895587385557,0.05096400594234183,0.9562285514030149,125.76025390625,56.96618413665937,0
248.5911663385827,0.13323183463073374,0.025046656361765434,0.9600825954896088,138.03240966796875,56.69361518580446,0
329.93073326771656,0.12067854822512052,0.014449000342812535,0.9469073709323047,133.9173583984375,56.49395347082844,0
274.51131889763775,0.12833154614012393,0.015168715757075084,0.9655145319475716,152.98699951171875,63.47222736681984,0
240.8308932086614,0.1486669382706164,0.023017414115652852,0.9708099761258919,148.53826904296875,65.16728305367302,0
219.9608144685039,0.1653054415186995,0.03612904775347967,0.9541823571065242,113.3917236328125,49.64645139967077,0
328.22299458661416,0.1752919409641435,0.08447653318118294,0.9571265729105201,112.0126953125,62.42330810276802,0
296.0004306102362,0.1660296566507206,0.0674515057846331,0.9633765227695786,115.34930419921875,64.09771323188431,0
242.0397391732284,0.15962617259399903,0.04306304480633344,0.9619003080676785,122.91168212890625,57.07658686208154,0
410.17452017716533,0.14848875383813287,0.06408141563319959,0.9470105808237146,129.34405517578125,62.714690619447765,0
267.08353838582684,0.22165181063054668,0.1127225182072083,0.966509834363532,110.53076171875,63.519709132267835,0
247.28721702755908,0.15673007798567246,0.04931111724622559,0.9613947214051702,124.4215087890625,57.20538327170458,0
227.21475147637798,0.20011916029030793,0.08256468758083031,0.9658849201449444,118.0826416015625,58.380755633800284,0
262.92488927165357,0.1314308589955683,0.021616024644210266,0.954954079877405,136.18133544921875,54.925311199172555,0
318.18805364173227,0.13038634229722554,0.0298877919370554,0.9468754250599589,132.1270751953125,55.54122874204339,0
343.8869340551182,0.150862904965212,0.05570472619961837,0.9507173902449858,128.00970458984375,59.81524158636977,0
340.10174704724426,0.23598549246795444,0.14100199174034544,0.9636278518701799,106.4390869140625,68.72680859230597,0
315.3423966535434,0.1905432711197724,0.09063413921262302,0.9634305515179291,119.0343017578125,66.21383646050951,0
234.78555610236222,0.21657548111453084,0.11046645812426725,0.9708527457432956,122.00006103515625,63.89715180113317,0
267.26488681102364,0.1944977395222919,0.0887544556695109,0.9687596950178742,115.00335693359375,65.93562960884343,0
327.50707431102364,0.1751539279522676,0.08356760975519326,0.961981603222726,114.3868408203125,66.13465148196275,0
271.29195374015757,0.2009151505857944,0.10356545689213029,0.9624841844503852,110.78076171875,60.69581705532544,0
326.25030757874015,0.16660796962645902,0.0638085718290925,0.9468690063108451,109.6336669921875,55.84320420944152,0
252.00935039370074,0.17794082093028965,0.07142500231022071,0.9683408445046282,126.322265625,63.832418592919,0
337.57098917322844,0.15067248813897652,0.023122598745104635,0.9698490134559582,137.6690673828125,75.41866046216659,0
247.2623031496064,0.177732569826398,0.06650782715699445,0.9692033793468396,130.280517578125,63.91371859113015,0
211.37998277559055,0.2035908170986004,0.08161439443472986,0.9614296352134969,100.947998046875,52.74584579776754,0
321.5140255905511,0.21348189525909284,0.11404877010081936,0.9593464545567706,119.847412109375,63.28723184028471,0
345.20995324803147,0.11507225646273833,0.016717406776006628,0.9265905217038041,126.0435791015625,49.06759955864811,0
274.19685039370086,0.13306203566662847,0.015848813506909924,0.9389811482744139,144.84539794921875,48.07080285345175,0
290.536909448819,0.16765222912410224,0.020547917385636504,0.9579730573327603,132.87908935546875,59.27412559531094,0
252.4135703740157,0.19099101216899877,0.07821230842029879,0.9674683683773516,120.30401611328125,62.746917865694975,0
372.0711122047244,0.16467261670434102,0.07502126058705283,0.9527500941201087,114.29296875,63.28540001341857,0
331.9341781496064,0.19615802174093985,0.03534573582658241,0.9718126890116847,127.41595458984375,77.1720720401532,0
227.3597440944882,0.17745578995015268,0.06647784918204395,0.9676725297395417,115.64166259765625,59.91192836342401,0
190.27202263779532,0.20260895113064464,0.08276456397838414,0.9743333877995013,118.6826171875,61.33695577811873,0
352.14450049212604,0.13006250229418673,0.020651707931454027,0.9295708492837974,114.53851318359375,50.7481849673156,0
272.6315821850394,0.16573840675661516,0.057890633337672116,0.9560021708329737,114.10711669921875,56.35058011272015,0
263.29429133858264,0.16740438157029794,0.053384895861509477,0.9628367783910932,118.32611083984375,60.20564357615783,0
335.37303149606305,0.13541696588840496,0.0203688200508999,0.9577014324220215,156.0933837890625,63.91282969776689,0
248.83526082677164,0.20216063976457768,0.09031391761822305,0.963635194513331,118.34930419921875,59.06706224735948,0
266.9951402559055,0.14697196943320423,0.03394248113888758,0.9652361725737822,129.97052001953125,62.650507627858914,0
243.51716289370077,0.23114262490545168,0.12978759384962707,0.9725224899068345,116.176025390625,67.10062349386166,0
266.6739665354331,0.2238876287693924,0.1206122174063655,0.9643196446154803,111.46429443359375,61.68970494979057,0
227.64080954724412,0.21232362715925582,0.10517587445691522,0.9660793409096494,107.15484619140625,58.359797603061374,0
307.1774729330708,0.18876278657035891,0.09002974212750402,0.9676425062329815,129.72369384765625,69.58109965239093,0
410.8023499015748,0.14151676072583655,0.04389330751439771,0.9372980273917528,128.9000244140625,57.68268482747361,0
202.73406742125988,0.27010860944389686,0.1544384616516888,0.9737855623062769,105.85601806640625,62.48094404155472,0
282.4419906496063,0.13489177193513527,0.02922888255398022,0.9584877753214179,123.6815185546875,58.98002372392912,0
255.29090797244098,0.14979087342596567,0.031628428185177644,0.9621909519685733,132.5753173828125,58.841868963452875,0
327.34048966535437,0.23225071265104244,0.14437500993914293,0.9641317746847523,102.80621337890625,67.90122441688288,0
381.31668307086613,0.11600918392959646,0.017024587460737855,0.9293800755087657,147.05609130859375,52.35105444141867,0
204.51857775590545,0.22070266278460365,0.11333367156942149,0.9680646606397879,99.43707275390625,56.996159539666124,0
210.37493848425197,0.14083831139606748,0.018065008296686773,0.9743228818936444,145.564208984375,64.34906393685984,0
273.2875861220473,0.15925402935902483,0.05339488970819557,0.9630805969265258,134.5841064453125,61.56836112908547,0
259.37610728346453,0.18929826424724389,0.07287728895372937,0.9573662368986138,108.99810791015625,55.4779982064441,0
257.69039124015745,0.1915689034838697,0.08568916270560173,0.9696381041319404,124.5333251953125,65.62434979423212,0
243.01211860236222,0.15875027026195507,0.04452429356280503,0.9602813201532733,122.61370849609375,55.93776304989639,0
247.1486220472441,0.13883899815833217,0.02325978683474694,0.9574545655289499,137.4454345703125,54.81790101451642,0
299.0727731299213,0.16625666349488877,0.06068774071292885,0.9538491021313157,121.4505615234375,57.446603919907965,0
299.28832431102364,0.12758451195439888,0.02200480303493551,0.949264280078107,125.76300048828125,54.89373208258026,0
333.0245447834646,0.18909552215729347,0.08470475028523014,0.9531442513296261,111.0162353515625,60.057060921189645,0
242.5168553149607,0.15642550030081986,0.037817078156593,0.9636891739317116,130.06036376953125,58.597879698339845,0
267.29539862204723,0.21136777930278475,0.10982781913851147,0.964509342759926,107.885986328125,61.87038089532523,0
345.7366510826772,0.1361830325480491,0.024326347918946983,0.9377101627157348,140.34429931640625,53.45522983900526,0
210.42064468503938,0.2069795026170324,0.09160237105057062,0.9677221548588493,108.3133544921875,57.67436158938802,0
288.91529281496065,0.24643023331738376,0.15407076863592403,0.9699558539142022,110.5728759765625,69.75150638655485,0
304.78315698818903,0.16027825907514862,0.059195060823381974,0.9525308333953451,122.5389404296875,57.381669149180915,0
311.6983267716536,0.1990911465241338,0.10024521061639213,0.9590091798496481,97.0174560546875,62.01983670169493,0
281.34670275590554,0.18186115341928435,0.07335843871694292,0.9607234072620695,119.77996826171875,60.1886843292662,0
294.7752214566929,0.18295536746474997,0.07126027903375624,0.9524066027616783,115.46441650390625,56.36999746916954,0
330.74975393700794,0.3298671323595636,0.15727508267855977,0.9712319219269726,100.46881103515625,76.04685736787367,0
203.9786540354331,0.20445389942357498,0.040766611999422185,0.9734939324421688,140.53759765625,62.913682128105044,0
244.95989173228347,0.18218453783328822,0.0744865283659351,0.9681548356387638,130.46551513671875,62.69581362535912,0
361.15778789370074,0.153401980608034,0.020567797483790326,0.9641422126643628,151.39703369140625,71.79698989034495,0
290.06612942913387,0.17908424560747677,0.0717452185418649,0.9627110113913965,121.291748046875,62.91224950643521,0
292.3099163385827,0.14997092251909375,0.0408270431197979,0.9626051592893383,106.89501953125,62.85232599054305,0
315.7835875984253,0.1701240123440877,0.07276349632307579,0.9578642872525388,114.7838134765625,61.8130244519932,0
487.81686761811034,0.13888898989395307,0.018051911293610376,0.9473266774905464,151.78924560546875,69.01422647628779,0
163.20736958661416,0.18441854351763273,0.01827514745882278,0.9714346157077011,102.68267822265625,53.726894359297305,0
131.40477362204723,0.22076529985486504,0.024753802480027676,0.9545963302047703,73.2178955078125,38.123021299380085,0
199.25652066929132,0.15138820626795974,0.015586748022623947,0.9681186389502447,116.8197021484375,56.303825917935825,0
114.2244094488189,0.20120573220276441,0.020475644023374824,0.9804630235906201,124.1148681640625,54.52865313150633,0
152.2384350393701,0.18730084773497596,0.01745270181375512,0.9691124497810849,104.28363037109375,50.04356803588062,0
279.08913631889766,0.20429454293880894,0.1095127873694635,0.9645102928862761,119.96197509765625,63.30235436590773,0
271.8487327755906,0.2550903027265815,0.08757780592269061,0.9724028240078301,140.87469482421875,70.89266365456092,0
183.12266240157476,0.20579377137887464,0.022738495575807524,0.9697714130188735,118.968994140625,55.32427391076969,0
295.005843996063,0.2087256652599672,0.0689098437453186,0.9649029657240011,127.350830078125,65.5092978498451,0
237.6782726377953,0.1997580037873111,0.05608136400252145,0.9679253797810059,138.42364501953125,61.76073259616822,0
232.19894192913384,0.2196623754025505,0.05676805417670317,0.9707030470137291,147.91790771484375,63.98435047784389,0
184.43264025590554,0.20330881454938515,0.03353316470565729,0.9696890278151823,149.5579833984375,56.107174857968865,0
111.38422736220473,0.221577350587417,0.02351040628366381,0.9815406070600563,114.06781005859375,55.19562912541046,0
178.6827632874016,0.15305057616423104,0.01749466127598653,0.9726686160603838,124.68231201171875,57.63294616805626,0
255.13822588582678,0.2493697493605332,0.10147471549245574,0.9724980803403223,140.27606201171875,68.8471651673625,0
177.01205708661413,0.12825601825985694,0.017925587646101658,0.9444428262277186,158.32281494140625,40.60084440491985,0
208.7958292322835,0.2500829421675596,0.03639580674911429,0.9773139463039403,168.3045654296875,68.66638568544411,0
251.6081446850394,0.1418751760362215,0.05799241967631076,0.9610723568346022,126.18878173828125,57.370534604880774,0
214.26021161417322,0.18236761991308115,0.070814980289,0.9709455560731345,124.4464111328125,61.193641835446236,0
320.59239665354335,0.20698371016052383,0.10832347703717791,0.963747398879015,119.35296630859375,66.90451387460129,0
265.47385580708664,0.15967325988275421,0.05587868564581182,0.963822209657704,122.39312744140625,61.074692752872544,0
244.24569389763778,0.16227117438440597,0.05209619394574153,0.9621705791537295,123.559814453125,57.49207941680921,0
256.8791215551181,0.1932574724372818,0.08592265920023391,0.9674935172229585,124.25067138671875,63.48994401866015,0
305.60691437007864,0.187669134205337,0.08987489734659365,0.9615050037875538,125.00274658203125,63.55369346391684,0
246.20306348425203,0.15301554310710516,0.048387346590942834,0.963968185235093,135.108154296875,59.23185167495087,0
312.6308439960631,0.12085056588232836,0.016081456686509843,0.9386282140542543,128.4969482421875,51.38771384525159,0
286.07185039370086,0.1829724984038791,0.07957711736977457,0.9663940086945464,127.846923828125,65.9658707130862,0
273.68405511811034,0.1781653832418672,0.07483946341284002,0.967048356931548,120.7174072265625,64.97387245105018,0
259.99563238188983,0.1695577625003432,0.025948965679621436,0.9734928925613017,113.643798828125,70.40529519452554,0
339.3174212598425,0.18306976794242732,0.08072133163537293,0.9543899266285587,113.5574951171875,61.4323695242678,0
349.3901328740159,0.12711135570134818,0.02658430648783196,0.9478777703626938,136.683837890625,58.71392274527212,0
281.21911909448824,0.16635255134836635,0.05652609417364295,0.9618809081153143,122.99493408203125,61.274697358275006,0
422.5532726377954,0.22338189720141818,0.13740848110528633,0.9596707477436447,116.9041748046875,72.74230604015628,0
191.13502706692915,0.1873861462528711,0.04347960312474539,0.9625951185032158,123.76019287109375,50.898683205104454,0
245.30542568897636,0.12018496026693229,0.01434649590830509,0.959463761304627,146.17144775390625,55.67032662300637,0
250.00768946850388,0.1660870308887714,0.05525509746795311,0.9619600859854821,129.3270263671875,57.9829106865536,0
349.7096456692914,0.1576935568565977,0.02570316851282565,0.9693381437603583,140.3839111328125,76.139100801335,0
301.67365895669303,0.15054335118907397,0.03152044358872276,0.9497348943169608,102.16510009765625,55.10091970918088,0
224.18959153543312,0.2173990832061997,0.10751374275461288,0.9736993927868737,118.92938232421875,65.87905219065009,0
220.31317667322838,0.18904522673095292,0.07454637642012756,0.9695709552746434,118.16162109375,60.822296966733795,0
256.3409817913386,0.20732754342015378,0.10516398252253792,0.9708166572617498,114.53057861328125,66.62029414011617,0
309.59178149606294,0.22992456698169245,0.13402735749661143,0.9653831491966584,107.49981689453125,67.24120128579722,0
365.4924335629922,0.1393607527534562,0.03699342481055868,0.9475177942262922,113.687255859375,59.38267399987931,0
279.02411417322844,0.22885547127017777,0.12950664855715535,0.9713460901366511,116.8023681640625,70.17500796179986,0
277.8741387795276,0.1782672503980231,0.07050107302888708,0.9660182743217111,133.85302734375,64.68693863445456,0
252.9766240157481,0.15359935471271877,0.0408481010943426,0.9643573036482321,134.12750244140625,60.441795231472206,0
309.5248523622048,0.1665393087607582,0.023325949157918035,0.9674433112391303,126.68011474609375,69.54004179027983,0
276.44986466535426,0.14105939325140018,0.0342329748907009,0.9481579076228767,109.1209716796875,52.24351657436393,0
257.3759842519685,0.22283671478321765,0.11925316047983567,0.9719369481351815,122.54852294921875,68.32056104525945,0
279.5590551181102,0.14544361574224607,0.035097200725745174,0.9597898264951134,130.77606201171875,59.777988596347576,0
258.87290846456693,0.15066719423101982,0.04139116259550417,0.965455368617722,137.35076904296875,61.943395126906196,0
239.56225393700785,0.17229193961180775,0.060203178106465,0.9689877897627224,144.564697265625,62.952871670548184,0
416.2941067913386,0.13675448651997957,0.040386084160387095,0.9387514123308235,121.46832275390625,58.9818861020368,0
256.52731299212604,0.1696620612750026,0.04544473543856067,0.9595392562551927,133.6998291015625,57.194912727995145,0
183.73523622047244,0.24688650347508967,0.13889732139987684,0.9704557246464577,91.30322265625,56.01089676144042,0
218.81914370078738,0.18524499319517368,0.07389232117841903,0.9689735271326116,117.2991943359375,60.03564886876041,0
256.8752460629921,0.18190361383794126,0.07351653082123442,0.9680652051923554,118.7261962890625,64.00403568730843,0
254.55745570866142,0.12168312584610654,0.01334331736470612,0.9580392174759919,143.78985595703125,55.79908649643535,0
163.03672490157481,0.20647279337677224,0.091827868541564,0.9748106141689481,116.68182373046875,57.579741723351916,0
315.6240772637796,0.21106357098427478,0.10846428363255589,0.9664290882244945,122.0360107421875,69.14521998928828,0
370.2038631889765,0.14812823221955518,0.04475301321363222,0.9485387634603947,113.49554443359375,60.578617523399835,0
250.74151082677167,0.2778683419551845,0.1795541418224337,0.9761375977821127,104.92828369140625,72.79800634204587,0
361.1844857283466,0.11060588207956938,0.013010980627590924,0.9338959663187184,132.01348876953125,53.12134409466867,0
221.19635826771653,0.24258019084702007,0.13938227139051684,0.97542782820903,112.93951416015625,67.57384517631357,0
338.98234498031496,0.17440885637807854,0.06897326889275693,0.947498910792525,109.25262451171875,57.112831946471736,0
259.550688976378,0.15180037731736398,0.020748049880742355,0.9744049700435323,147.0692138671875,71.59416837821858,0
326.25836614173227,0.14005493910514416,0.039880546057760126,0.9438402496739802,120.503662109375,54.602613684321625,0
321.09042814960634,0.15570063943642565,0.05650223968222624,0.9543537668604878,124.429931640625,60.07073241737102,0
353.20675442913375,0.15338528748951605,0.05850479140714792,0.9555033507802801,104.2552490234375,63.26678294728233,0
249.81895915354335,0.18842956691186363,0.0821159432418198,0.9690433133331825,125.99951171875,64.11941164699574,0
328.5345718503937,0.228401153511394,0.1294200918384917,0.9626537170667481,100.8353271484375,66.66474949502751,0
273.93719242125985,0.22372357087918587,0.1224586349446538,0.9646361998173938,104.4364013671875,62.64382364416127,0
259.5983636811024,0.12020581784408652,0.01615669870954793,0.9495215456925417,162.3740234375,51.650922044720204,0
319.95343257874015,0.12868468834075164,0.020472594363991126,0.9570499591875942,152.97357177734375,62.055848375977654,0
286.4760703740157,0.18126213018459278,0.07756763845149543,0.9626584530287848,141.563720703125,62.72576678350168,0
239.7614419291338,0.19245758370231922,0.08389794122382427,0.9712006049935897,126.71978759765625,65.24210496158264,0
289.55604084645677,0.15134336278832955,0.0434861301563355,0.9490101662815839,122.5157470703125,53.9548501125023,0
245.3757997047244,0.15558745931430218,0.0462696373747822,0.9651230204828649,126.14031982421875,60.10404207964532,0
309.994032972441,0.1373177284008423,0.03436922333119224,0.953445110341448,134.45916748046875,58.63347959472503,0
319.8238188976378,0.15799744523282458,0.05208335351566146,0.9481536260292576,121.041259765625,56.281141611976615,0
386.21604330708675,0.15003529196738757,0.049508350210165426,0.9444406754144776,115.9769287109375,59.546255531256925,0
323.35168553149595,0.17168850428035332,0.08227668633398856,0.9592451078316511,125.49017333984375,63.67177263120016,0
249.8666953740158,0.14754430922823597,0.03337638938087005,0.9593384620541389,122.71026611328125,56.19804438286514,0
415.5684670275591,0.1309135975858316,0.017174795847641464,0.937773069668636,127.572265625,58.30145240793539,0
284.82375738188983,0.2400718982517219,0.15434988896642696,0.9678932725335105,98.81158447265625,66.88797395382558,0
215.27546751968504,0.13970322597457033,0.026470648821794077,0.9588725610750857,141.160400390625,52.08453216133066,0
353.4255044291338,0.1736198503017047,0.07849591438832058,0.9594429846351632,109.7421875,66.39863881014311,0
316.29140009842524,0.18171482296703978,0.09128292396246192,0.9596314030471185,119.55096435546875,63.04299256399187,0
325.5925196850393,0.2509328462502818,0.17028562434523217,0.9705185325761077,112.787353515625,74.69277780272164,0
277.2439714566929,0.16487065479878918,0.061483813068993316,0.9646116792799371,121.16943359375,63.052141998640174,0
319.36208169291336,0.17083376150678745,0.07009046669580757,0.9594052626066528,127.18682861328125,63.43155429226483,0
323.41578494094495,0.16941272565797297,0.06585640799820407,0.9579559548649252,117.230712890625,62.451624787144546,0
222.89837598425197,0.1812324876407377,0.06346301296488124,0.967118776286755,125.967041015625,59.03703785345295,0
259.00338336614175,0.1610159216655633,0.03850505019566589,0.9635527090325522,130.945556640625,60.45196060346953,0
275.81662155511816,0.11672634404992707,0.01817943876998959,0.9653418901261386,160.39990234375,64.20386738277162,0
315.1117125984252,0.2042128737370823,0.1047290479601526,0.9642027069874683,121.405029296875,66.90190765698443,0
391.8303395669291,0.13988352193514003,0.050540325539332125,0.9531990333277767,137.628173828125,65.59402953865711,0
201.98302165354335,0.15394165704199902,0.032088379636062335,0.9640875952359155,169.87353515625,53.727668396924294,0
314.58796751968515,0.17565675196842517,0.0816814246973281,0.9549224051517635,117.65936279296875,59.6923672261598,0
229.07744832677173,0.1316753430454793,0.015774321950880445,0.9673779470502804,155.1358642578125,60.0060928130845,0
242.02036171259846,0.17168153326435778,0.0564295930442264,0.964064356058667,115.29840087890625,58.524950294836856,0
230.59590305118112,0.18017848202918432,0.06581142926096101,0.964258750575731,114.77606201171875,57.467665294616964,0
321.5045521653543,0.16392946604959532,0.06912144974129733,0.9572114117122867,124.978515625,61.984841954881446,0
217.21536663385828,0.1474129444286052,0.025129992475568037,0.949510357342146,136.443115234375,47.44628888097113,0
278.99858513779526,0.19190372843036357,0.08866164058005717,0.9665725252306716,111.74371337890625,65.02681277870022,0
254.67858021653544,0.130849558229618,0.021582868357629317,0.9627547051797058,156.12835693359375,59.547403415275,0
208.71844242125982,0.20738807515439453,0.10606462966472487,0.9766874526026165,127.33489990234375,67.52424577400609,0
363.1556348425197,0.2021379681758217,0.11120987339857272,0.9585688112486758,111.75360107421875,66.68383723518929,0
223.15163631889763,0.2177908877776553,0.10729246756915259,0.9729006873151443,119.7242431640625,64.59675479951274,0
210.08729084645668,0.1814655393902499,0.07173613267461738,0.9673031588436536,122.839111328125,57.49506384715463,0
246.36257381889763,0.18263219920043675,0.0821801584846558,0.9669140212429504,116.38519287109375,61.622981497327984,0
267.9600762795276,0.1367947730301095,0.02079509813805724,0.9577805150180961,128.17022705078125,57.001077333544984,0
284.0514271653544,0.2619986952047531,0.16937444938338203,0.96705833848079,95.0560302734375,65.94615361064014,0
198.37426181102364,0.18946624825267294,0.07283128144912449,0.9660573709160565,113.539306640625,54.78024317125715,0
275.04878198818903,0.1600872779038091,0.04658346784812938,0.9570826614471457,122.96258544921875,57.413348678674424,0
241.1446850393701,0.2133708645838968,0.10007751060633349,0.9733818553857844,132.37908935546875,68.0496359927152,0
300.50350639763786,0.17333090836595375,0.07561611734409517,0.9648530544415206,114.50128173828125,65.78990626179119,0
248.81471456692918,0.2089276249789683,0.10737116097438776,0.9680554014195367,113.36151123046875,62.97010785261598,0
349.7997662401575,0.13266962303321078,0.01726380039520327,0.9573326761747791,141.87677001953125,64.76343774515937,0
379.31809793307093,0.1621038042047544,0.07770833062143387,0.9570836137063462,125.04888916015625,66.97120609841069,0
248.17267470472444,0.17610694769287985,0.06563694281738464,0.9656442142624215,122.7568359375,60.789940149560486,0
339.67587352362204,0.189746905682862,0.1045474571002223,0.9600960129055643,103.0477294921875,65.60334030371435,0
306.4738558070867,0.18109864646654317,0.07435921994161492,0.9589515046345221,120.305419921875,61.7583287250676,0
232.44149852362207,0.18892824778194656,0.07441760673504169,0.9691544419931652,118.95562744140625,61.8564419085657,0
273.97951525590554,0.1800885232412625,0.07844749790559775,0.9625901911965142,112.63128662109375,61.0959856141061,0
365.4517716535433,0.23841607431744277,0.15911640721112622,0.9592722910091904,102.47149658203125,67.32266776340437,0
312.7455708661418,0.125171081762225,0.01934990541728801,0.9383725253839854,121.447265625,50.7351812892482,0
349.0734498031497,0.19645964472761268,0.10699671920675843,0.9582592043167042,115.61767578125,65.21649508012146,0
315.7840182086614,0.17762053699918112,0.08197092877983529,0.9590472445297648,113.79345703125,62.54580599700159,0
396.95410925196865,0.11151116881622958,0.014425934768657556,0.9354679517813751,124.324951171875,55.92839592898246,0
472.036909448819,0.20933186086850566,0.1357992567284278,0.9473040278247555,107.1165771484375,67.33209972894865,0
261.37715305118115,0.2525988374550294,0.1473897104143559,0.9711630956365339,97.96722412109375,67.52236292214171,0
212.49981545275585,0.2264378587224104,0.11109605291476451,0.9659735322890142,101.751708984375,56.31174343111078,0
325.5418307086614,0.16579255264210027,0.06866199200238199,0.9558024540185329,109.3436279296875,61.144393059858224,0
250.16947588582684,0.20747436722399226,0.10715281395807892,0.9723226963577164,125.3028564453125,67.75433548631617,0
489.9723179133859,0.16334498237730793,0.06781004265145431,0.943180400760129,122.67950439453125,66.01644788576249,0
386.3464566929134,0.11127345601336779,0.018095931921110697,0.9328764392569844,135.77197265625,54.4395248943082,0
229.59245816929138,0.15342607665320562,0.03522640107056925,0.9632458769322049,140.33148193359375,56.9543749442842,0
213.88859498031502,0.12676549786917124,0.016786248879571874,0.9572100359778849,137.2034912109375,50.99968259244557,0
271.56926673228344,0.13504806788059961,0.02596911911518025,0.9471581425568284,138.1533203125,51.57215277744885,0
275.47139517716545,0.19096273478170597,0.09195076597029221,0.9641292736367106,116.03814697265625,62.57621776419344,0
238.71825787401582,0.1201116082884851,0.016909838837848745,0.949616978790021,139.11273193359375,49.80579642400186,0
308.6862696850394,0.13081522326322795,0.018560026021055488,0.9537097677814499,157.035888671875,58.86736267053656,0
336.1946358267717,0.16766647030912596,0.058675512128332316,0.95791059402041,134.203125,63.79145691694098,0
295.1906373031497,0.13650776833331008,0.0362048791049025,0.9599772632243521,141.13555908203125,61.43555872763497,0
282.29201525590554,0.19620529066446718,0.10274565495374673,0.9637775600234264,115.13336181640625,63.01032843533089,0
289.1416092519686,0.1748884125857848,0.0810985579749256,0.9583985394714889,121.78692626953125,59.64168990138035,0
277.04742864173227,0.22082550643800833,0.12474431342610671,0.9696466324577817,116.5194091796875,68.07404013768065,0
405.8828740157481,0.18051559924695057,0.08524541315365133,0.9472931931706664,114.133056640625,62.632838293096185,0
320.2335137795276,0.15974369795990423,0.06662874008812666,0.9490976820160091,93.95770263671875,56.41596484463443,0
346.99372539370086,0.1717635434421103,0.07973258502314205,0.9570451504478426,97.041259765625,63.887763843484166,0
286.12623031496065,0.13809948967686758,0.025722227277162127,0.9508275397099212,131.6458740234375,54.674688991132804,0
243.40717273622053,0.21086916206004738,0.10589054701944284,0.9691045900960702,107.16278076171875,63.21375782765288,0
248.7835875984252,0.19711020072840554,0.0844826699721287,0.9639980638693035,103.5035400390625,59.212249083865125,0
279.49815452755905,0.20398897278607073,0.10761264551134882,0.9675422779758331,120.17474365234375,66.01457964636626,0
288.0477362204725,0.1346508767881828,0.024287699646140117,0.9500224240613777,129.74444580078125,53.945530861800016,0
295.15225147637796,0.17782637698006803,0.07654151178151503,0.9620495006875238,131.572509765625,63.08627847160101,0
291.9624753937009,0.21625916068831796,0.12232613377172472,0.970171697571597,119.791015625,70.48966587701264,0
266.0978100393701,0.2090574045193553,0.10638344298580726,0.966551260338001,112.9464111328125,63.61301293262351,0
254.83962844488195,0.1800249830185919,0.06900147721857278,0.9674901158333531,129.6434326171875,63.25651471308569,0
367.826033464567,0.14640034810592564,0.04155788316714481,0.9424575884650592,126.8590087890625,57.33002129932941,0
275.28303395669286,0.14847261311012785,0.03999760843568516,0.9605625667143821,133.497802734375,59.7370386704709,0
413.9758243110236,0.15866900818230015,0.06281620902959593,0.9447835778265551,122.70709228515625,61.49143132548879,0
254.97274852362204,0.16492024469573108,0.057901973551983385,0.9556248202058092,113.7186279296875,54.10559544690639,0
210.51494832677167,0.17534010161416289,0.02837500148726891,0.9814124727370647,143.49407958984375,75.62362288330029,0
352.3337844488189,0.13670494236171737,0.02529243750881766,0.9418409848738163,118.83197021484375,55.78577560313779,0
300.38896407480314,0.21200990496452657,0.11769358116028049,0.9681057588563489,119.04595947265625,69.16557035541712,0
283.4935408464567,0.16522201707884843,0.06456970830115329,0.9601694870239629,105.82464599609375,60.1475365077072,0
260.95540108267716,0.1591770041413794,0.049604794098360355,0.9592857561014445,130.87518310546875,57.56856780706048,0
221.91806102362204,0.1869768239715103,0.06983504682534407,0.9635559217392827,108.68408203125,55.76949106220193,0
333.2728838582677,0.2513234845218847,0.17095022726188486,0.9635300804058368,93.93609619140625,67.81685168060851,0
293.15828001968504,0.13145580748188196,0.018544983102769745,0.9521387997860662,130.81085205078125,55.916308851818,0
305.99311023622056,0.20527320878285502,0.09931668463183839,0.9631580942502822,111.67138671875,64.79424538484164,0
334.3912401574803,0.15482569154078363,0.057642291075760965,0.9571629326339101,130.2845458984375,63.20016190086656,0
348.61171259842524,0.198740149793127,0.1083001035774004,0.9583588888801823,111.1959228515625,65.19634983055741,0
281.96309055118115,0.13433633113067636,0.03359297780571443,0.9608406887923471,149.10833740234375,60.944706455449,0
210.32332677165354,0.13927905465281626,0.02963597376757164,0.9628470395681665,135.64501953125,53.80445973434085,0
323.6101747047245,0.13625886612750868,0.028059847278627564,0.9607498534775274,123.8804931640625,64.67358980384624,0
253.66843011811025,0.14696044175488576,0.023766464159703713,0.9764832222255185,142.89337158203125,73.6934861595863,0
344.3451648622048,0.1487901390999922,0.049290220065548326,0.9538192097082867,113.8773193359375,61.540345103283485,0
223.3406126968504,0.1741547304454426,0.06162028212224745,0.9698156686928303,129.80596923828125,61.57428810056069,0
330.86669537401565,0.17179569051721855,0.0829235477896368,0.9507182579864762,108.6082763671875,58.50505261515236,0
292.26568651574803,0.14813165698394132,0.041621484201284434,0.9597169243596891,130.216064453125,60.849309748066645,0
219.52319143700785,0.17253285774802185,0.06458862069257779,0.9625529259399123,116.428466796875,54.845350405716715,0
273.2605807086614,0.16585046500677303,0.06081484309797162,0.9640585118554387,129.28936767578125,62.46811350070125,0
301.82123523622045,0.3055035578438626,0.23021667301501217,0.9725565201118416,99.460205078125,74.39013684174094,0
307.97877706692907,0.13384932568207372,0.026488583957017645,0.9460082176677725,123.08544921875,54.044902285779486,0
338.87512303149606,0.15138267190140148,0.05837171924804208,0.9580301242820333,129.76751708984375,64.05898498007093,0
214.73105314960634,0.1609955634046312,0.03700066136856429,0.9651476843015852,129.65753173828125,56.257388517891556,0
395.04662893700794,0.19766969309795404,0.11146199465002005,0.9529931389580717,93.407958984375,65.07233580293457,0
264.2775590551181,0.13070595114522932,0.024977022451351808,0.957523320492788,133.34478759765625,56.46885122023996,0
294.5891363188976,0.21099983374990483,0.10672054188527343,0.967796005933455,106.8023681640625,67.8703949236124,0
210.89308562992127,0.21596136794922824,0.10018651213285301,0.9637850929644862,94.07586669921875,54.235086638281665,0
328.2973671259842,0.20584314936200057,0.10508413140545994,0.9635928792193889,108.0439453125,67.56767186105772,0
287.4094488188976,0.1665638479462144,0.06873174375760205,0.9684118320092157,143.8187255859375,68.10390549942277,0
319.5548720472441,0.13945772969850165,0.02587283912963403,0.9566591564319812,131.0623779296875,61.18362267951449,0
290.0474286417324,0.13060707909368666,0.02652520250837374,0.9504240092315951,134.91693115234375,55.00294178439589,0
265.72428641732284,0.15114754636853256,0.01922778007270803,0.9718555519619807,150.2557373046875,69.23503109027695,0
261.26451771653547,0.18073560818339704,0.0713990235186074,0.9682614583906723,129.95648193359375,64.81220993656589,0
245.1501599409449,0.13507388068795903,0.029863313923580524,0.9586706110362614,129.9197998046875,55.37188980189641,0
377.52177657480314,0.18038885712215683,0.08710738528894965,0.959542921529514,127.90496826171875,68.92035580339365,0
253.45792322834643,0.19463893141795963,0.09787527653745884,0.9720380979432668,124.0113525390625,67.80760706013315,0
260.45072588582684,0.1523702609192265,0.038707999302435236,0.9573597833562772,131.238525390625,56.131138437748746,0
382.2072465551181,0.20214339154732022,0.11569673968068711,0.9600448907503879,111.2388916015625,69.49508582799365,0
291.82781742125974,0.18241084532973803,0.08500468118675558,0.9633511639106017,117.14306640625,63.57415941930015,0
308.1105437992127,0.17936614676059667,0.07080606899752047,0.9620024217386325,117.99114990234375,64.20293663497549,0
303.55487204724415,0.19082058466937799,0.09047606270240109,0.9668456010965324,124.0687255859375,68.25645583475576,0
345.380843996063,0.14803193294159883,0.02006177469649795,0.9674489940100112,157.314453125,73.73821738567155,0
350.6069758858268,0.158802467044987,0.06238201877880558,0.9523786066531432,120.8375244140625,61.22380333536979,0
248.29552165354332,0.13235611879848533,0.01613314264341194,0.9714847373514199,154.52020263671875,66.49667892213702,0
281.00276820866145,0.20264270773176968,0.0931670473937042,0.9660026072683752,128.29669189453125,64.68479707361595,0
313.8115157480316,0.1980617984097223,0.09442985916936766,0.9601861622308536,102.0863037109375,63.18710974401576,0
334.0823080708661,0.16633553060460757,0.06583083280475945,0.9520046202688519,119.71234130859375,59.48402678382378,0
275.86977116141736,0.2090751136548767,0.11360414001565167,0.9720057905223126,127.35198974609375,70.6553080169675,0
253.71370570866142,0.13611326671083285,0.031033643182549975,0.9568160990911633,127.43963623046875,55.07590437690586,0
296.67076771653535,0.21150546860927197,0.09865401935332895,0.9630160771401328,103.99688720703125,63.61760476712884,0
334.95300196850405,0.18863574819054194,0.08707576406398394,0.9612254760943775,118.3323974609375,66.1264277980764,0
262.01488681102364,0.20762251311175337,0.10422363590278658,0.9701895884211965,114.58013916015625,66.77049679145355,0
315.9911417322834,0.19250230684504538,0.0995254844586946,0.9477577111069752,99.3238525390625,55.34824588600747,0
209.82806348425197,0.17596782922916623,0.05601224209917779,0.9680996157192095,127.3792724609375,58.18964776898464,0
434.33150836614175,0.14152740417367346,0.019727525893083367,0.9576398038899276,147.666748046875,72.45207385324272,0
268.44389763779526,0.17504030144941793,0.07181544025117165,0.9694394866726144,127.95208740234375,66.920928021173,0
312.4815452755905,0.17322067418142958,0.0791427173976282,0.96063425573798,121.3446044921875,63.51347165545542,0
244.9439591535433,0.17369570321853522,0.0660243396812185,0.9610152550239828,113.5623779296875,56.63598485829383,0
218.77989665354335,0.17599971438523934,0.06324740369917883,0.9622183479448745,114.1629638671875,54.40996815092103,0
328.25639763779526,0.21323216302657108,0.12666037994924573,0.960535986805917,106.65838623046875,64.7990371951558,0
332.67421259842524,0.18055755262233694,0.08248103435406866,0.9555986267777071,109.01312255859375,61.72716229193484,0
314.7613188976379,0.17826165667717667,0.07831654175067772,0.962736427472815,122.73284912109375,65.6340189489885,0
159.48948080708666,0.23381782219382596,0.11146763028579217,0.9713954716693973,98.187255859375,53.30845478213334,0
267.892470472441,0.1910969155110835,0.08649999018438642,0.9666486187671596,112.55340576171875,63.71273673020757,0
206.09338090551182,0.13954300349813475,0.02463204546258065,0.961519865682514,147.6429443359375,52.68959164667521,0
280.14136318897636,0.2081013078104032,0.09925448231216998,0.9646792288928303,125.443359375,63.47458575648042,0
341.17556594488195,0.15606694912067934,0.06057883342650865,0.9563781062631216,128.1302490234375,63.30665676728845,0
263.2033710629922,0.20015361320361716,0.10342143842631246,0.9693893299055631,124.07769775390625,66.09646773869005,0
272.355376476378,0.24557258777546398,0.1139821907239854,0.972482063189068,105.052978515625,70.6550484052759,0
235.52903543307085,0.2002907229730693,0.10046840972342246,0.964114982536167,104.51904296875,57.81087627501986,0
167.96327509842519,0.1830900463730422,0.06398093232199166,0.9695892482550358,116.54803466796875,53.10705475674864,0
248.01507135826776,0.13903001544939306,0.026518746183852287,0.9580568651168417,118.0211181640625,55.056966621440345,0
234.07830954724415,0.1662687918936772,0.04942800881283227,0.9652171026195198,131.61474609375,58.92782485650004,0
313.5871062992126,0.12961956146090114,0.02384582415496415,0.9393904515238906,125.54498291015625,51.433017375441636,0
225.5733267716536,0.13474028595498505,0.026642107568246365,0.9623659236640735,140.131103515625,55.65866607046193,0
285.4180610236221,0.21069667503683387,0.11907470681828562,0.9688295882173306,118.1337890625,68.04866742686951,0
421.36429625984255,0.16228645127564034,0.07176757885293981,0.9435101499930192,122.9273681640625,61.76744695174571,0
300.3248031496062,0.17274819334319044,0.06507411065831911,0.9543631924944321,109.80389404296875,57.93704432780376,0
336.81311515748035,0.20508440789113153,0.10157924684990058,0.9649699315898912,121.03460693359375,69.83442042076871,0
282.34012057086613,0.18156816201976247,0.08032994568569528,0.9669186544083486,130.64727783203125,66.05359698362057,0
255.8230191929134,0.13650247187935177,0.024572827258653337,0.95799300323838,133.43377685546875,56.01665039370942,0
213.03684793307085,0.21038323273389295,0.0893376309990492,0.9596133599733838,90.22576904296875,51.77164961281614,0
192.38441190944877,0.20389617376570437,0.08188352647730172,0.9686915776837203,116.169921875,55.86978538126475,0
267.122908464567,0.13728696430356888,0.020874379081683138,0.9408878626424662,129.89202880859375,48.461163573903896,0
327.2375738188977,0.21880542400112843,0.12799750226682316,0.9588215055224761,100.4527587890625,63.417792233596515,0
289.96382874015745,0.16618157779698878,0.058951186791426524,0.9641773438347985,128.72308349609375,64.20546767571197,0
304.173658956693,0.15173867485118797,0.05306969679342792,0.9600298642082846,120.46185302734375,62.34512752929787,0
243.58021653543307,0.21007287933778707,0.09892840690766376,0.966139974018629,114.73333740234375,60.567292903615005,0
225.9795152559055,0.20497962980735224,0.07559545856475931,0.9742993892880815,123.40118408203125,66.93734408583835,0
231.94894192913387,0.25766680148723753,0.10626094526465824,0.977263299951361,138.839111328125,72.14709108848793,0
183.56213090551182,0.2282305067627398,0.07516647991837665,0.9782558294880713,133.37091064453125,65.55189705135966,0
165.33212352362207,0.23431134480820248,0.028745993773661924,0.9740666617297495,134.6632080078125,56.8751907951959,0
139.7523375984252,0.19621159708612607,0.029343624382833194,0.9781279695827781,116.808349609375,56.998508483525455,0
257.3219119094487,0.3175552347820248,0.16608503510039088,0.9797970601998672,135.8861083984375,80.37792184249801,0
375.82123523622045,0.13557692925241613,0.016846500637297018,0.9637102231990196,143.27655029296875,72.64756498436898,0
469.95330954724415,0.12965673058154492,0.04651015690192559,0.9432046598989876,121.162109375,64.89623790469945,0
265.83138533464563,0.18895395481784186,0.08325201436000762,0.9585279353314787,107.552978515625,57.095615441572065,0
325.6767962598426,0.1676502702814049,0.06760272843039952,0.959769368300567,114.8153076171875,64.04237542175673,0
206.05062746062995,0.18263534284548094,0.06666954908285683,0.9672201380778562,115.56689453125,56.75044024922683,0
244.4729330708661,0.16358802269641873,0.06808255239691031,0.9702680501152061,137.3428955078125,64.94797516731977,0
220.9691806102362,0.17219614263451632,0.04483386137850814,0.9633571555211993,115.6551513671875,55.62553524432212,0
314.9996309055117,0.21564939397637697,0.1303738008189083,0.9669249077420853,108.35443115234375,69.34212200336346,0
355.16879921259857,0.14594662201507078,0.05157234290124176,0.9530584902389868,118.360595703125,62.08301111085424,0
228.900406003937,0.18040485211516852,0.07436564460560784,0.9712948393807704,139.34869384765625,64.09701190812116,0
262.15034448818903,0.2264164285847921,0.1345268679913347,0.9722472158766173,112.45440673828125,69.17826568177942,0
286.7321604330709,0.1678212808227202,0.05810785178510763,0.9629726696711567,133.65423583984375,62.97885030949444,0
316.2630413385827,0.1237056215053566,0.015962417999982666,0.9278495989576723,135.42059326171875,47.876428291761336,0
212.3128075787401,0.22198874586118322,0.11506590965741358,0.9723593651479838,113.5679931640625,62.37241384430763,0
287.26630167322844,0.21886224871965773,0.1299616742382007,0.9667263017883992,109.8682861328125,66.03496839456541,0
331.2135211614174,0.1817521659179125,0.09366288285166399,0.9610123815224988,117.536865234375,65.74343095851236,0
230.46118356299212,0.18627254101178756,0.08160158463834383,0.9686195541181101,123.81292724609375,61.05444688752636,0
353.0818159448819,0.21252663149730036,0.11741118930076827,0.9620707696785131,111.03253173828125,68.62898869745366,0
234.27620570866145,0.15963516886138093,0.05313451001340662,0.9705200403952224,128.60711669921875,63.81339430412953,0
286.3365526574803,0.1328030645470093,0.017274318685898574,0.9446322903662122,149.91949462890625,51.54533024585987,0
306.31600639763786,0.21912953589101278,0.12736751325882278,0.9656408205101997,100.28082275390625,67.09020523215447,0
288.0831692913386,0.11469387701565117,0.01287282253178163,0.9513924381808093,141.3680419921875,55.227997944937755,0
248.47410187007878,0.13609645459566386,0.026092033425321688,0.9609745858284859,124.4080810546875,57.09141174509628,0
274.3393823818898,0.14797250535256407,0.02158383266712776,0.964619548431759,153.52911376953125,63.34042281319291,0
344.3304010826772,0.1455195768928946,0.051773003568321714,0.9496326209874917,122.72003173828125,58.851442084695016,0
232.5988558070866,0.1955605360211388,0.07713701971424532,0.9669847860148513,122.039794921875,59.87452601551801,0
318.91234005905517,0.13444616318020933,0.029027318896160406,0.9560117953160979,145.3779296875,61.15885770030367,0
393.4568774606299,0.1294995562964049,0.029205180410651798,0.9383540777407642,118.17498779296875,57.14786414079133,0
268.56200787401576,0.1389520301744337,0.022614547770902178,0.9504065894351847,151.480712890625,53.312179385022795,0
244.3209891732284,0.15738935407952306,0.04692484404187865,0.964685208451477,128.55230712890625,59.528420809571735,0
339.13828740157487,0.15305511660822155,0.04848428375038121,0.9522798699094813,126.69805908203125,60.1739692340573,0
293.26199557086625,0.15907774030848515,0.06216827574876254,0.9600956907564424,122.85308837890625,61.137000846803026,0
321.3858267716535,0.17885976620390429,0.08578029730923191,0.9623620389270566,124.3355712890625,65.94522643798285,0
281.2194881889764,0.1920503113212876,0.09817101043704961,0.9653593996020035,116.86614990234375,64.19657153270494,0
266.2864173228347,0.1914944398347588,0.09720186056190676,0.9677909267433675,113.50494384765625,64.8096143204916,0
389.632750984252,0.1601967804526112,0.06471930323451264,0.9453996076330081,109.828125,60.132546060375034,0
279.52829724409446,0.29970502663863025,0.21755162356376553,0.9679755122976798,88.9599609375,66.27095580566883,0
303.91147883858264,0.17286424095932418,0.06222329316442858,0.9579362096087556,118.10052490234375,60.74040915578341,0
301.3566067913386,0.15345010743333495,0.04791077727574881,0.956983322329287,130.07672119140625,59.92183861709619,0
346.9596456692914,0.14948161296409862,0.051081967477300545,0.9534940234935763,122.82611083984375,61.69262876318632,0
333.6203248031496,0.10455848540863241,0.014152566529072031,0.9287637954411929,153.4600830078125,49.250271338808226,0
263.0268208661418,0.17675970933689092,0.07409149859242045,0.9678564106651163,114.96337890625,64.52082430694027,0
242.28315698818898,0.19294706247157833,0.08512298175923075,0.9724394983634992,129.99810791015625,66.89788458353543,0
422.15477362204734,0.10860059394149467,0.01474537741352028,0.9314330352043269,146.7952880859375,55.807810223116874,0
276.61134350393706,0.19157204362562655,0.08966878835963804,0.9689076220368606,130.2447509765625,67.16380057517337,0
285.17808809055117,0.12186240483500883,0.019341005108776205,0.9538743438265582,146.25653076171875,56.50535722904133,0
262.1163262795276,0.16253995686724937,0.04377499271599176,0.9568604918845782,141.97283935546875,55.89361216589721,0
289.97994586614175,0.21817500868069292,0.12374794471209216,0.9680445827723082,114.48455810546875,67.85482914074552,0
224.27731299212599,0.14276049317146916,0.022793307187555463,0.9581120641326251,139.21282958984375,52.721893698422086,0
247.2835260826772,0.15730858726346186,0.04843877889192457,0.9616408976631897,121.2928466796875,57.53163135229672,0
337.00547490157487,0.16308406930669078,0.06361455606640536,0.9555307948970335,129.15142822265625,62.197057460143675,0
256.46229084645677,0.14500070651153588,0.029962463717489955,0.9550870788692334,134.09246826171875,54.18580304716973,0
346.5114419291338,0.1788246837836902,0.08643808672195422,0.9563569637737701,109.48907470703125,63.44637986475399,0
375.1071604330709,0.14959377386964895,0.020504547027014618,0.962252189270879,147.09429931640625,71.3089168874304,0
278.04835137795277,0.19596001258882015,0.09774800098842952,0.9679752151966206,116.62786865234375,66.44043059445428,0
298.5757258858267,0.14010819170346805,0.021826650824251757,0.9196059928301806,124.11602783203125,44.11502052677014,0
259.65298966535437,0.21822156717637942,0.11764456997063498,0.9717945728279476,119.89141845703125,68.4112846807427,0
314.3049950787402,0.1405371862845044,0.040330223588451564,0.953925255540808,129.4461669921875,59.145256856724316,0
293.0810777559055,0.16690089152470633,0.06583487089740238,0.9636167706112452,127.62945556640625,64.07635493506274,0
268.5696973425197,0.15742872086116813,0.045999015024084516,0.9623302078272387,124.71075439453125,60.33939565115086,0
287.09657972440954,0.23048027224298043,0.13882184045299492,0.9707378145968143,113.71600341796875,70.49174962628597,0
212.8187130905512,0.20208254251352764,0.08670296074244536,0.9705619499896232,122.23504638671875,60.69942467625308,0
229.6848548228346,0.16619243230920105,0.04778562154562359,0.9670090335435734,132.83428955078125,59.73709035736027,0
213.71592027559055,0.20277315418558686,0.09439907727897337,0.9726988859874315,114.5701904296875,63.14134673912287,0
263.2744217519686,0.14759237424711374,0.029304942785491086,0.9601479940511904,132.702880859375,58.3123595465004,0
344.5621309055118,0.19375244724041016,0.10839587131338013,0.9572089883751915,104.8370361328125,63.88334748082724,0
298.67556594488195,0.1553735916816987,0.05021927300215351,0.9545969153632452,129.162109375,58.00978870660461,0
194.64333169291345,0.1335541187704963,0.017779487909550418,0.9589369092526949,128.2801513671875,49.379374624010154,0
302.6944512795276,0.19412807004060534,0.09382151908715866,0.9657730846324213,124.25115966796875,67.10624514218408,0
364.0718503937008,0.1522114712121003,0.03720352723351691,0.9076169970175044,106.070556640625,44.751170520684724,0
250.47133366141736,0.1508178808224913,0.03631732636823661,0.9550749746507895,126.904052734375,53.7029154071153,0
283.31422244094495,0.15104905119094564,0.04783817541647432,0.9597498448160744,131.241455078125,60.07820160294152,0
242.83593750000006,0.17246600433077172,0.05800201109415588,0.9674668777604235,133.86553955078125,61.874835653008525,0
298.4390994094488,0.16485683638238566,0.06642071559492317,0.9601159080480498,118.3868408203125,61.81700061566591,0
354.91732283464563,0.17225449207012763,0.07422422452121476,0.9522225235815627,118.38336181640625,61.562790045533006,0
286.5852608267716,0.1704259018772543,0.07031660362109736,0.9646260519156898,122.9451904296875,64.13930646340287,0
215.16006397637796,0.21552949779479078,0.11392332055520185,0.976998506492485,131.1014404296875,69.0078524805681,0
272.8459645669292,0.17700930296216486,0.07013839346750494,0.963145270098067,128.8153076171875,61.38152289240565,0
233.66652312992125,0.2283279445480242,0.06105138153598599,0.9733404274605418,143.0047607421875,67.1270238491992,0
328.7159817913386,0.1744324292169697,0.07133852426349134,0.9520226006648815,122.26361083984375,59.11916328756024,0
386.4539862204725,0.19003264788833865,0.10209060579822812,0.9542349598592478,109.7008056640625,65.45170168343337,0
321.90477362204723,0.17254056594807773,0.07523613643547633,0.9547330797111097,112.70355224609375,60.23178048140095,0
361.7380044291339,0.21145855032193822,0.12791416226192975,0.9597158812585769,107.05474853515625,67.41127518907672,0
336.4144315944882,0.17372179983387012,0.07846248657816224,0.9576428775708576,122.04058837890625,63.68741279392874,0
275.2738681102362,0.1539542302074497,0.04830899882243229,0.9616794277165344,130.0567626953125,60.76355342210325,0
233.75338336614172,0.18913288276199822,0.08506039870909769,0.9651780534933315,115.23931884765625,58.60648436140834,0
248.4053887795276,0.16928352497661564,0.061501474722056755,0.9624008685910679,110.09326171875,57.91229746573372,0
310.16886072834654,0.17412033308318114,0.07286270942053415,0.9593785489508972,125.500732421875,62.35016903397392,0
260.4965551181102,0.1481470724317699,0.041764255054109974,0.9625566987411158,137.00286865234375,59.91486109597301,0
240.7143208661418,0.18756721003655608,0.07719169999408274,0.9710632681094004,129.54998779296875,65.09546731149416,0
281.96265994094495,0.138202116112786,0.02880090197188389,0.9550814648121234,141.855224609375,56.92129307663308,0
286.47687007874015,0.24365933243580506,0.1552296727997023,0.9708329470369358,110.9044189453125,70.49141573544246,0
419.9267347440946,0.1791374700505407,0.09049684748244632,0.9510154402915435,114.74822998046875,66.00316656142044,0
312.1117741141732,0.1575407267452265,0.05232616817576169,0.9580475713519474,112.5213623046875,61.43701247342477,0
331.75086122047236,0.16754017538826266,0.06373123531507938,0.9517289307928116,118.92559814453125,59.272043911624635,0
253.31126968503938,0.17240828016953896,0.06286814646437633,0.9655750069171821,123.08465576171875,61.19005635702771,0
275.86663385826773,0.1950683828166536,0.08056784239359972,0.9666395576013955,124.63775634765625,64.91385944610504,0
366.47207185039366,0.22414584007367971,0.14228958870104552,0.9674495046065564,117.34271240234375,75.45622739574993,0
190.88478100393698,0.20441680689370584,0.07315432995522494,0.968185868702199,107.2239990234375,55.36017428353278,0
230.63718011811028,0.18141815672740322,0.06174097548292874,0.9670914391009461,127.21954345703125,59.974581256244555,0
293.5687746062992,0.1835244390901715,0.07827927883569882,0.9627907751554713,127.33447265625,63.57428251717412,0
229.8208046259843,0.21394998077269545,0.10300832672295371,0.971978611730768,126.6011962890625,64.53788944003034,0
374.31723671259834,0.17480250981105272,0.07529976098024632,0.9538059683539193,108.8175048828125,63.97760301636583,0
263.71124507874015,0.1284484558829847,0.02803063460248641,0.9600064680453947,136.34600830078125,58.027117199649716,0
247.4484498031496,0.15405106447214084,0.04372701031999259,0.9669324847393393,131.31512451171875,61.99420927121506,0
236.74187992125985,0.15827081314016814,0.041936711632080584,0.9656547637254502,138.3818359375,59.73017904884815,0
294.7677780511811,0.1881445564636898,0.08565970172366788,0.966402340289926,129.48736572265625,66.79345266484329,0
422.857283464567,0.13294794151875727,0.03853601978195956,0.9458925578359073,113.67901611328125,63.04641174015624,0
368.06649852362204,0.21667472823144343,0.1300256301257506,0.9608030601363134,111.39263916015625,68.91042945103905,0
229.7463090551181,0.1509842731276952,0.023617961860672533,0.9772446593652072,148.93157958984375,71.45418261842343,0
299.09824064960634,0.1503456843546716,0.052183976205385854,0.9596837468125032,132.28521728515625,61.767758518573764,0
280.8298474409449,0.16776502507323013,0.0672306198432108,0.9643148935776115,130.41741943359375,63.36639732031719,0
309.7806348425197,0.15635461322242816,0.023368010127171202,0.9740157815082705,147.27105712890625,77.40875631291188,0
265.30148868110246,0.1491689684343613,0.04042251713457414,0.9586971805369034,130.6014404296875,57.40363411700713,0
258.1801796259843,0.15386577053586536,0.04790544555566586,0.9619638671983484,125.78887939453125,58.816677346199846,0
238.78038877952756,0.2230920644268743,0.12616060334515541,0.9722715296636864,118.1025390625,66.19577109408623,0
220.40157480314969,0.12854772053483265,0.014531720253748121,0.9642143615250414,147.14385986328125,55.883186534501526,0
191.40717273622042,0.2865987957112766,0.13816600656323585,0.9810356877270295,123.10888671875,71.58781951192215,0
184.87376968503935,0.1323035697308716,0.01530586725876882,0.9628194422009807,147.50555419921875,50.65546771653143,0
239.71290600393698,0.1949743968312776,0.08853351500367315,0.97158083445603,119.97711181640625,65.43886848690077,0
265.949249507874,0.13782025940260642,0.03224748570346532,0.9556908367726528,112.22698974609375,55.41179009043348,0
256.74003444881896,0.1466703612327554,0.03287560655467174,0.9606011217473062,142.9769287109375,57.998107499943444,0
245.37450787401582,0.1407766999032432,0.022896215958356343,0.9381177339541157,131.2574462890625,45.12496489483189,0
151.21979576771656,0.2121872586606539,0.08170628779723421,0.9753838714786555,108.76483154296875,55.949308556279085,0
300.31914370078744,0.16222942807108118,0.056623450015248995,0.9606938475979306,126.74224853515625,62.47133840640714,0
284.615157480315,0.17358056731968055,0.07262870019049006,0.9674432563246653,109.72314453125,66.5710951131574,0
279.8738927165354,0.2767573022389573,0.1867812261757027,0.9690847673879283,99.76824951171875,67.48090506977067,0
226.1515132874016,0.2115048215862074,0.11125350503079842,0.9719489551955042,119.30242919921875,64.12209045511045,0
288.74163385826773,0.18591506709939445,0.07789420511929453,0.9577439215437796,117.83367919921875,58.941613108637085,0
373.16344734251976,0.12633603893610482,0.02696534236983947,0.9350401617737739,132.27203369140625,54.326291798547196,0
298.83046259842524,0.18645039159266458,0.0838485483690656,0.9620760057047573,116.52801513671875,63.345789398254816,0
196.04939714566933,0.18720707310602985,0.07052746306504032,0.9672045148221335,116.527099609375,55.33725057991212,0
285.26827017716533,0.18523990694683687,0.08071819063814284,0.9593445589860428,112.2969970703125,59.75706577408002,0
340.1943282480314,0.165471988981436,0.06410258256745462,0.9467671045505678,117.77264404296875,57.26765434834721,0
268.53198818897647,0.19698355866641357,0.0960735082379129,0.9686642236471191,123.441650390625,66.11228418181562,0
352.6603715551182,0.16684020369950184,0.0725775428888083,0.9567180226224716,117.25244140625,64.37447184929344,0
249.20429379921254,0.1907732391628143,0.07860503128889186,0.966438518924101,111.73468017578125,61.45994573783732,0
327.6016855314962,0.1530775799529132,0.0574723365833501,0.9591025282696934,125.3336181640625,63.903951308709544,0
278.09910187007875,0.20561839729033587,0.11062068427644782,0.9680298520235595,100.359375,66.17068973997523,0
211.7611343503937,0.18877003826414596,0.08591769334551144,0.9748306996797981,127.83544921875,65.50705005290759,0
321.6384104330709,0.17630892946600127,0.0752973110105851,0.9603358569515734,123.697021484375,64.05297567092664,0
325.626783956693,0.18369899981772536,0.08489582209065931,0.9631131916253974,128.12579345703125,67.0676164006036,0
261.7685777559056,0.20426295905665795,0.09943638685882408,0.970953613152912,124.8238525390625,67.56371488270678,0
282.56028543307093,0.1661220510321996,0.05624987016018076,0.9551436435758827,107.200439453125,56.68701104738694,0
271.4389148622048,0.15775330351759548,0.0511245091175357,0.9633558326217594,130.99957275390625,61.464944414741844,0
317.41560039370086,0.15999125147618826,0.054688140064498764,0.952869393537774,114.3338623046875,58.653436149080996,0
338.080093503937,0.18262665044154344,0.09217082323312564,0.9595879891723139,114.84381103515625,65.21751246899854,0
348.2495693897639,0.1369707355916199,0.03862718763700316,0.9456686129653105,133.54998779296875,57.320992940538844,0
313.1199557086615,0.2040509463472945,0.11131970227555694,0.9608382347066875,102.55657958984375,63.63459297248196,0
237.7032480314961,0.17581240513005533,0.058773251191020295,0.9630236499246291,134.8809814453125,57.36790826792245,0
387.07627952755917,0.17639405931201746,0.08482515326800996,0.9500089714673108,113.81683349609375,62.79501433649114,0
344.7682701771654,0.1499663666786509,0.04755219049896406,0.9572322862461314,131.9541015625,64.21606854783064,0
244.83261564960625,0.2155463530917727,0.11463970064815113,0.9681512227166548,119.575927734375,62.57218270490262,0
248.25935039370083,0.14146598117189263,0.03170296899450654,0.9582161745490825,145.28564453125,55.37394912919526,0
292.8217888779527,0.12513287228733577,0.013970644873801195,0.9611093552205076,159.37066650390625,61.74351952643168,0
231.46050688976385,0.14191565365233758,0.023777169550650817,0.9599939772346132,135.56536865234375,54.71177697204954,0
283.6471456692914,0.16797087075154943,0.07073781433446596,0.9660786358783046,130.44976806640625,65.41065565515471,0
348.0058439960629,0.19746383369300863,0.10601486484290115,0.9600563326054203,119.61822509765625,66.59333618458736,0
267.83790600393706,0.1694295352029637,0.07432575182320046,0.9654102587833053,139.515380859375,63.16087805246894,0
198.22053395669295,0.21540980968254383,0.10210303173659574,0.9704780421849617,115.08734130859375,58.50252795612795,0
312.2204109251969,0.11913370959032543,0.013542479214026149,0.9447920986142705,144.3133544921875,53.84181114451483,0
206.4279035433071,0.253625256281734,0.14799251365855756,0.9782523197224734,111.91912841796875,69.33632783567673,0
247.8218503937008,0.16272090284549243,0.050950434554074525,0.9657298195851597,126.0274658203125,60.81839704774239,0
294.4018823818898,0.15435021924725695,0.05945150951418095,0.9605563472999622,135.8958740234375,61.79171930585191,0
286.2082923228346,0.14161649979930474,0.034700116877630575,0.962410569244886,121.9537353515625,62.32372158871967,0
243.8802903543307,0.21114187140159404,0.10117532312773406,0.9688698896165077,119.0382080078125,63.21025149185664,0
322.6913139763779,0.17769510239562228,0.07659824749783305,0.9608947197607912,130.196044921875,65.00514942780144,0
182.55075049212599,0.20087521541417291,0.07981539703764218,0.9653840562051766,99.58001708984375,51.73562383912216,0
170.37376968503935,0.19612792891844816,0.07677382233712275,0.9666344556072557,103.904052734375,51.16647226422757,0
402.6968503937008,0.11037346687639131,0.01579440041202538,0.9175087156732028,131.559326171875,50.11504972481775,0
258.1259227362205,0.17395351756919253,0.07435060620424927,0.9665879388189922,130.7005615234375,62.91709116776471,0
356.94168307086613,0.13332129598851614,0.029270088873051985,0.9434840002213768,130.19873046875,56.934324171769205,0
190.1397022637795,0.20748259202279667,0.09054514216077993,0.9700463376877929,110.506591796875,56.858286138802704,0
247.1409325787402,0.1656183989149714,0.05357140514550234,0.9631812941687826,122.6627197265625,58.67896417579056,0
253.62543061023624,0.14610309387445652,0.03032414415923804,0.9568309955619102,137.45587158203125,55.255059386801655,0
289.35519192913387,0.1985688730762168,0.10063108690251002,0.9669107195517391,117.7388916015625,66.59090639563156,0
264.4389763779528,0.21977993729010165,0.12249211242480663,0.9685963225831814,108.94091796875,65.33443150420493,0
231.79103100393698,0.1407690783362053,0.023739101717042462,0.9600529403329148,145.87933349609375,54.66010275912225,0
294.7795890748032,0.2537369660968567,0.15706156527418674,0.969026549503889,105.88470458984375,69.23902479192184,0
302.81754429133855,0.145137810015742,0.04765533325010708,0.955420392538488,119.12481689453125,58.765681993962225,0
255.37026328740157,0.12965480862090467,0.017704890605151027,0.9570898016687458,140.4149169921875,55.31095148911996,0
275.5265748031496,0.2026430826614826,0.10446118481928386,0.9676533501593848,115.70062255859375,65.8011273753743,0
285.2025713582677,0.20367881838046523,0.10930975412538319,0.9699590664328352,120.83721923828125,69.42034820641132,0
254.41147883858264,0.14659291324790688,0.03749065643447314,0.954541410506787,124.49169921875,53.7733114369378,0
263.1266609251969,0.1406353423521068,0.03234073079280869,0.9587114692704943,138.76318359375,57.30661218241459,0
503.13127460629914,0.2000901163478944,0.12084545197243587,0.9491649731370203,108.45733642578125,70.62140139570208,0
246.53377214566936,0.1997580633752554,0.09134442333778259,0.9734855663529275,124.23260498046875,68.80585468239897,0
257.35297736220474,0.17357119607491217,0.06803245428060753,0.9634640292943729,121.610107421875,59.84742123520516,0
285.31237696850394,0.163938603839746,0.054707373102978546,0.9423642515621532,92.3812255859375,50.107820067294654,0
255.51421013779532,0.1487722175207353,0.04050682388335675,0.9630914298012889,139.479248046875,59.575918765052975,0
335.3467642716537,0.14326805355774028,0.04211282026846026,0.9533102703228399,119.619140625,60.573365897045974,0
206.4520177165355,0.15607927639159094,0.029376330045687446,0.9776198140268213,151.227294921875,68.18548040738348,0
322.00522883858275,0.20169101484116483,0.09656995780085043,0.9543936571094176,116.67913818359375,59.93133085707543,0
289.7687007874016,0.13134883245566464,0.024337156882064566,0.9568109333787048,125.7352294921875,58.58516573864981,0
224.51857775590557,0.17037958473277434,0.06192530983057731,0.9677371396535278,127.44720458984375,59.831434525433444,0
243.2869709645669,0.16749631739294735,0.026007596785999856,0.9748891254248067,120.55914306640625,70.06757284091155,0
295.0943036417322,0.19428083414143898,0.09552865858637655,0.9656396788011372,121.7979736328125,66.15593783726607,0
419.75744340551176,0.13520940072561058,0.044641067510772854,0.9517444738006975,137.126953125,66.57647389332146,0
248.22133366141728,0.1358442501597684,0.022029424101757965,0.9603179418324674,127.5487060546875,56.74995866416379,0
322.3269562007874,0.23607029772224628,0.14339347916155576,0.953293323338182,95.9957275390625,59.03510840775028,0
178.99686269685046,0.17122215169387858,0.017636791325114358,0.9673030544718282,102.255615234375,52.589004193118456,0
218.07424950787401,0.21005694025849436,0.09253659623438096,0.9724242813511028,123.50299072265625,63.34714636800651,0
187.0612696850394,0.2127444644714431,0.07192372223858425,0.9710705595043914,106.4857177734375,57.409169862481505,0
282.07695620078744,0.23032850328921195,0.09265375480937836,0.9661369851483085,113.77001953125,65.06666101457455,0
177.42974901574803,0.25887414527957636,0.10263846794702915,0.9830962119994027,128.92572021484375,73.05580100941197,0
326.19844980314963,0.21040113623152898,0.061016567792397045,0.9611367814901689,142.16754150390625,65.5963605190148,0
165.3738927165354,0.27840140466784113,0.13027077702693224,0.983700372916482,124.79083251953125,71.67266790519736,0
152.92642716535437,0.19292049086057678,0.01891741781254579,0.9744849043116921,121.91375732421875,55.014066881813555,0
143.8308316929134,0.20307961310348518,0.02458245030281971,0.9795271146462612,111.72747802734375,59.55535836347359,0
169.65920275590557,0.18853260219704002,0.02287844192578854,0.9732993460635612,136.330322265625,57.01313833551785,0
191.27952755905517,0.2161777490677987,0.06860280238952929,0.974961978774016,134.7659912109375,62.42630753696026,0
266.13133612204723,0.2670309936546813,0.1186328529307133,0.9697235728614951,121.5035400390625,66.89835392575766,0
202.28278789370083,0.12571292354873456,0.015563666609837011,0.9658199647307728,135.81787109375,54.95625286946093,0
127.06852854330705,0.21369098772129674,0.01984476483705404,0.9763242950503441,109.00201416015625,52.24128902178815,0
219.2741756889764,0.18350926904674686,0.03547232415181895,0.9675015108947869,133.89764404296875,58.96470354356678,0
317.8256643700788,0.22675140681996897,0.03843397897675977,0.967260118659886,131.6561279296875,70.33718170305764,0
162.51630167322833,0.23118359989499437,0.08488940312264648,0.9815071572865726,129.43658447265625,67.01384175869903,0
265.9147391732283,0.16072171755069828,0.05713854418242224,0.9634957050928362,133.78253173828125,61.12645392280039,0
274.7736835629921,0.2131862520886553,0.10596103222877981,0.9665676507948443,121.187255859375,64.6968203105068,0
350.2312376968503,0.17613658891477058,0.07744538285246251,0.9530714742614467,117.3988037109375,61.69086504986085,0
244.3044414370079,0.17746723595630243,0.06327592193903916,0.9583629100280219,115.73785400390625,54.90235755344165,0
266.0751722440945,0.1674186947457422,0.05938965566300424,0.9663895225091335,125.95635986328125,63.57266321412155,0
182.30431840551182,0.17091004044532387,0.0385535688047106,0.9625388995591571,121.7191162109375,50.07350393850878,0
286.59682578740166,0.14417358269769673,0.033230263894247755,0.9457662064074344,117.11962890625,52.16943194395044,0
267.56046998031496,0.192493502481204,0.08628673002550781,0.965614915531156,111.0093994140625,62.8772494280355,0
271.7349286417322,0.19060232443695302,0.08349736903349592,0.9627638940476847,105.6339111328125,60.857539786481645,0
273.40465059055117,0.1315152985065043,0.02147868833404213,0.9414520348488179,134.09503173828125,49.266525074278384,0
255.5656988188977,0.15529774890933098,0.04396226709747961,0.9615718936087967,126.32281494140625,58.097587638725464,0
281.0201156496063,0.1515203981937636,0.04687358721546757,0.954792612006291,129.86016845703125,56.3252982592641,0
269.64247047244095,0.175527424754456,0.06922406512788094,0.9627568298159904,102.67578125,60.45635458689618,0
327.5409079724409,0.1943809250993516,0.09723831281663937,0.962683767647971,108.872314453125,66.68129752460716,0
283.18239419291336,0.16815924412138625,0.060243220371892114,0.9593759024441838,109.75604248046875,59.57711790112413,0
271.8375984251968,0.19003386758482038,0.09193177120933912,0.9676123492331261,119.662109375,65.35645829198835,0
315.77725147637796,0.21617075822691909,0.1178083591936508,0.9570907573684055,104.10791015625,61.10980508292575,0
324.08193897637807,0.16290781030855475,0.07170542474000464,0.9578789328378399,118.0469970703125,62.504006615841796,0
200.673781988189,0.17370205934964428,0.04626695882083219,0.962789163586463,113.4659423828125,52.22545576370922,0
259.6755044291339,0.16352477850316482,0.05266119915555902,0.9676719389236271,130.765625,64.05928726700174,0
286.2145054133859,0.20295483360967734,0.09050445761630911,0.9538496371707752,99.08038330078125,56.11092351968542,0
181.0551796259843,0.20241978938278316,0.022854652723583765,0.9683681079907832,73.38714599609375,53.43492280252028,1
209.48991141732287,0.19544131148186716,0.02141711207997748,0.9650774613866855,137.4017333984375,55.099927971141824,1
155.47846948818898,0.17390598056144355,0.023632938147192594,0.9766584617416945,90.795654296875,57.873731219738644,1
152.08113927165354,0.20626376321841616,0.029082021243275465,0.9800710097547817,134.90667724609375,62.27176016154923,1
91.80167322834647,0.24872828260844362,0.02348516256955063,0.9751136212070243,116.9404296875,43.17407184524273,1
132.41553887795274,0.3027987126344016,0.15140215364849982,0.9867812111759806,124.93524169921875,71.3028100149668,1
168.58101624015754,0.23300642399088434,0.022266024181704723,0.9622230950414723,123.25677490234375,47.75091184245852,1
223.8601747047244,0.21414282085819825,0.10873691087254339,0.9622618748416573,89.7620849609375,54.70327261787966,1
310.55431840551194,0.1861668200970117,0.04242943647419873,0.9579194381609664,137.28955078125,61.65010738371185,1
144.1980191929134,0.26927649896500905,0.03292868523301147,0.9688645294056927,151.42218017578125,48.721188388433305,1
141.8580216535433,0.21415835943583625,0.03318382626925063,0.9819685179440931,115.47100830078125,63.065138419696176,1
198.49907726377953,0.1963908059026032,0.027961022215658677,0.9772564487242921,131.86810302734375,66.53561754074616,1
320.4518946850394,0.24392780817653476,0.09580854104548304,0.9667815774605093,108.71490478515625,69.84830597218028,1
123.21450541338582,0.26385339876889097,0.02500204640471253,0.9759585783199544,125.9130859375,51.193044425080245,1
95.3890255905512,0.2521147864011616,0.03306284042939847,0.9428390282354056,162.8084716796875,29.397708750736737,1
123.73843503937009,0.2005257959545865,0.02585872109149132,0.9828597861624692,115.68048095703125,60.55104638746003,1
209.9396530511811,0.22525549756727822,0.027559638687666296,0.9645513893436627,148.0155029296875,54.87985927455635,1
174.85863681102362,0.19763326571022505,0.019282954847963565,0.9642526848292355,106.3165283203125,49.69609821692748,1
252.3471948818898,0.25595257911461644,0.10319800741167195,0.9726823397365538,122.32659912109375,68.53646497846653,1
203.96468996062993,0.17951768919553626,0.029343398699970102,0.9723561200289017,125.74090576171875,61.0498639254209,1
180.42919537401576,0.23955404631170515,0.02490381315849871,0.9676401232955835,140.343994140625,53.03548021084827,1
199.24347933070865,0.16752214615515656,0.020436796214781266,0.9685065458711144,130.71380615234375,57.12224495728849,1
104.96868848425196,0.29471213226402976,0.03517832254221657,0.9723894215657545,157.4095458984375,44.37311281956336,1
200.3726624015748,0.2793430551197752,0.10090282656669008,0.9805881115019026,98.26165771484375,72.08874098459599,1
217.63853346456693,0.21839241137644663,0.07267152941353563,0.9711163875387863,119.45074462890625,62.04271690834756,1
136.32363435039375,0.2621122490595221,0.02539699095147492,0.9762326433354621,121.60162353515625,53.90983615608428,1
226.61583415354326,0.23263490708847584,0.08514653993013195,0.9676019122747114,101.87359619140625,59.57818709106246,1
111.74895423228347,0.2749213450551007,0.02747327329244432,0.9808478469189148,125.08184814453125,54.24372918468738,1
157.55597933070868,0.1795902246238516,0.021604423542591965,0.9654252398883154,146.8056640625,48.91954144614613,1
184.76587106299218,0.2657101413031431,0.03007789838038948,0.9734508937127999,108.22216796875,59.12418514722506,1
246.13275098425197,0.16847208658028123,0.044276854382008735,0.9357078180067082,92.4840087890625,44.088014699911476,1
292.5143331692914,0.16515599912518727,0.06368126458957937,0.9523184356017887,111.87579345703125,55.90997284436239,1
169.38281250000006,0.19122480105057962,0.03497063419426513,0.9735377213860864,127.3739013671875,57.330699021612126,1
179.84627214566936,0.19556105151456285,0.021560984481753524,0.9711350080337451,114.5030517578125,56.179576058185056,1
231.81200787401576,0.22493409163248704,0.0258577698584625,0.9629358763598777,140.36553955078125,56.34775673389566,1
202.19334399606302,0.25535888670256385,0.056772603573990985,0.9687999010981723,114.6768798828125,57.339325975728094,1
190.2960752952756,0.18964948157899153,0.0203460023664263,0.9674889331847569,104.8468017578125,54.1535278819063,1
123.39025590551182,0.21397793079741764,0.023544183193952718,0.9755746982344231,147.51080322265625,51.046925270572785,1
264.8972071850394,0.18010672472175351,0.06184119742107266,0.9618825325320512,116.70172119140625,59.620403280017115,1
164.67858021653544,0.21599141374118472,0.023558443401641024,0.9629990850626032,92.1298828125,47.169737194704794,1
277.2869094488189,0.22892522560761686,0.12931390134054555,0.959548936340313,95.23065185546875,58.92425815101409,1
343.46825787401576,0.18852710963045277,0.09049183991616797,0.9533605823787313,114.944091796875,61.113052811017376,1
115.02036171259844,0.22475936241243977,0.02497410577630321,0.9813669503290932,125.723876953125,56.07904186705624,1
117.78512549212597,0.2027056756884225,0.01790721206317584,0.9727787293575514,92.603271484375,46.71978290079471,1
355.9045275590552,0.16468345587397873,0.07544908376894845,0.9503150265389898,102.93743896484375,60.30493439177085,1
292.6039616141732,0.16112861310910032,0.05680573818546416,0.9566074304406172,108.02545166015625,58.6270917567768,1
246.23185285433073,0.1404800116126472,0.01538760828373585,0.9501996630157064,126.22711181640625,50.19142672029699,1
232.64782234251976,0.17968218939048416,0.06906720161831378,0.9623827193943799,113.12957763671875,56.15720530948116,1
89.5519192913386,0.23070339302098133,0.021649873022425072,0.9746840450125708,121.9022216796875,42.62485062228315,1
319.40434301181097,0.17730912848292135,0.0779075273505492,0.9590621432174854,121.00469970703125,62.895899739068625,1
203.24169537401576,0.20761932343795528,0.10003256027940889,0.9664271480650775,88.6588134765625,55.358407396624045,1
214.61392716535437,0.18124058681066169,0.06520293512144194,0.9594147595120449,115.111328125,52.07459538925707,1
325.2760211614173,0.14769908675503182,0.04692161818793298,0.9501209302492266,129.46356201171875,57.75603251947105,1
268.51144192913387,0.20637466368608545,0.10478531018201927,0.968245605961511,115.20654296875,65.5560654772801,1
242.50442913385825,0.296212774416247,0.07142582351516828,0.9808671282214733,121.05194091796875,80.02029954791907,1
347.73634350393706,0.2560907467350059,0.12784092138378353,0.9652683429659237,126.80364990234375,71.32439207687118,1
415.7552288385827,0.11001510849768142,0.023589986034329952,0.9403323449201263,130.7042236328125,59.64340785304767,1
130.24710875984252,0.2566665903873799,0.03117543824351591,0.9795115526411234,156.3577880859375,56.86733113124132,1
99.93583907480314,0.2597547027699763,0.030330819755269207,0.9681218739296836,148.8583984375,40.15346649853609,1
131.8954232283465,0.17652246378543449,0.02135345328315108,0.9742135203495892,138.7239990234375,50.95394309202183,1
212.64382381889766,0.19058843579020246,0.022079055201313265,0.9629662746207456,136.72381591796875,53.86605910429174,1
126.45724655511813,0.23339842787840953,0.024764348468343265,0.9818423270614135,126.03839111328125,59.29738906438369,1
119.12899852362204,0.24843565631765271,0.021276268852802472,0.9667536162545561,104.628173828125,42.597097862113465,1
167.22114911417327,0.24145445473657112,0.02384316588367409,0.9682930553519219,129.8314208984375,51.56079683771035,1
129.3230807086614,0.22375653726850964,0.02443379647802229,0.9771368785256156,130.04718017578125,53.40230847900194,1
232.5636687992126,0.23442957799038658,0.023211539213261183,0.9613313095147167,126.9267578125,55.029641842238945,1
71.33181594488191,0.25184641669352076,0.023862520844345713,0.9824582228065946,122.3717041015625,45.37901389923685,1
61.37143208661417,0.2650374451714543,0.02789974849298143,0.9719932741012851,131.23968505859375,33.373926273084514,1
187.00338336614178,0.22297830110016334,0.02067203739491793,0.9728154144668868,106.3157958984375,58.77077636705565,1
173.8140378937008,0.23144499091405468,0.02923059794661495,0.9571618764649411,157.740966796875,46.21782866985346,1
81.58033956692915,0.23416256362341453,0.019913247203019863,0.9837148085858903,105.29937744140625,50.36345837078254,1
254.6293061023622,0.2767391068724422,0.08144594437877738,0.9765384351307103,132.3587646484375,74.31062536295386,1
257.33519931102364,0.14931105135928568,0.045513797138071466,0.9608718924464027,134.3731689453125,57.973759704492096,1
127.83187746062993,0.21987331755396847,0.020339305563666664,0.9616513628249123,90.0750732421875,41.067258913072195,1
122.92624261811022,0.19260588780142526,0.019864253263885936,0.9770839535544511,126.02435302734375,52.337936526014786,1
190.93854576771656,0.1632235497988427,0.017016472388207665,0.9633734548146273,126.8739013671875,51.29528146810986,1
299.83193897637796,0.16368885904603006,0.06017367526069109,0.948327740017099,108.58868408203125,54.43857025154161,1
315.5821850393702,0.15271034424401783,0.018614283164001724,0.9337994097215756,147.10064697265625,48.87327102491889,1
216.50289124015754,0.17073969542263534,0.02042489587396024,0.9631501707917928,140.71435546875,54.78724340587202,1
180.88718011811022,0.15986686621689428,0.02031328802715564,0.9486147556711516,151.21826171875,43.021936895088075,1
263.2858021653543,0.14799497747545529,0.04704267764769903,0.9599092865699894,120.3748779296875,58.06950869915528,1
174.66646161417322,0.24185421336529464,0.027736713379910176,0.9636978765544807,141.94805908203125,49.592201012479116,1
220.82369586614175,0.18004619454099652,0.018971999236500094,0.9534610472697677,127.5504150390625,49.096539966113184,1
101.71751968503936,0.25510777213857194,0.02164677027271147,0.9790634362372338,100.83416748046875,49.53955743686362,1
400.54318405511816,0.26902053317934194,0.1911196332869674,0.9502261971898477,85.21429443359375,63.63471433441871,1
188.24354084645668,0.23305280814684146,0.021271955321850944,0.9586273942226337,97.95660400390625,47.75213979059464,1
296.48849655511805,0.22180634673931632,0.10238006824096534,0.9716012111101878,116.763671875,72.67254392963572,1
131.87543061023626,0.2189499907980443,0.020861776051363506,0.9711957817226757,112.77203369140625,48.2446131385618,1
219.9331938976378,0.28864904295951305,0.07565780561355107,0.9826129013666688,117.78753662109375,79.90269786685846,1
128.90606545275594,0.21872142165665434,0.020171678829029947,0.9699472687993962,104.69964599609375,46.56045963306063,1
119.36940206692915,0.19771769720727195,0.03128839348406774,0.9704230692860554,143.928466796875,46.18275712701022,1
177.91683070866137,0.1519341504315939,0.01673324462052398,0.9682969057794164,126.593994140625,53.21801212480217,1
117.37253937007874,0.19874720708305404,0.021788344763435826,0.9664981674246043,137.95489501953125,42.38069455207781,1
46.71825787401575,0.2789200791545444,0.030691026028830906,0.9696951787268517,136.20587158203125,28.31753822096155,1
282.77823572834643,0.2074172311836083,0.08827026491266463,0.9671898376284465,132.919677734375,66.3504675156444,1
131.509719488189,0.26162298971844794,0.031836256911661115,0.9718473656141023,146.407470703125,48.876427187533686,1
228.36189714566925,0.12851096012986754,0.014655860699075068,0.9713370395077572,162.46453857421875,64.26566270290482,1
131.00086122047244,0.1481959374570798,0.019426903083169914,0.9613599887242733,143.1905517578125,41.801554277653295,1
112.27651328740157,0.2628256783038079,0.024083945656664926,0.9792256028222258,121.84967041015625,52.14890550949882,1
142.34067421259846,0.25059768216007644,0.02179490017568697,0.9684449605899681,105.91180419921875,47.7739450587995,1
207.77214566929138,0.23382434735549557,0.07274641012538802,0.9717897925534449,115.20318603515625,61.28648197726772,1
63.032849409448815,0.2338857461807527,0.024161910531361724,0.9765605237076811,106.9615478515625,37.1121444485886,1
211.8620816929134,0.19454508940450227,0.04708677918147531,0.966447672621093,111.5826416015625,56.822048938427095,1
350.1782726377953,0.2049642329172843,0.04838017064614978,0.9556008451054621,141.486572265625,63.769465589504115,1
234.16166338582676,0.2093350030975233,0.08010552742614417,0.9717876820556801,108.0423583984375,64.88052543534216,1
361.7085999015748,0.2506248698893662,0.08961648503409124,0.9637243364991054,145.29681396484375,71.28226448481807,1
196.10014763779526,0.23032074386104914,0.06634545435591299,0.9776361576284165,116.481201171875,66.75997071279174,1
306.26839320866145,0.2580854596754111,0.10591823940343532,0.9670199464254006,131.817138671875,68.74018224797398,1
272.7325295275591,0.19511335762406676,0.053312863568068934,0.9604512108935209,135.6060791015625,59.400550441321876,1
262.80745570866145,0.24956178505079604,0.13769499452055056,0.9764011708862832,128.819580078125,74.79094426573049,1
158.03924704724412,0.2029307695374658,0.06047179509616501,0.9776964274149594,137.645751953125,60.307941833269645,1
275.6188484251969,0.2920905501175089,0.14915212087548618,0.9738552386156096,115.33319091796875,73.03531915228045,1
289.34774852362204,0.11491274486432257,0.013140705489677402,0.9572688377520023,156.1070556640625,59.219033549971115,1
283.9339936023622,0.20146645278979405,0.02563310362816027,0.9591257422612899,104.852294921875,59.08623167078474,1
229.24187992125988,0.25324437791693954,0.034638856232943147,0.9671269367116838,152.00469970703125,59.74262048998529,1
145.0304502952756,0.23969625371400854,0.06826984347846643,0.9780946778567406,148.2669677734375,58.177358119282076,1
146.24587844488192,0.24491354828921022,0.0239938230381324,0.9775018851484786,120.78411865234375,57.383260521817924,1
234.00688976377955,0.2766196227692769,0.13660622813652093,0.9775150369954386,128.7039794921875,72.68765882790828,1
188.26421013779526,0.19634907353421083,0.030663795590711,0.9640352106979275,141.24932861328125,52.43902738006129,1
139.3159448818898,0.23263552995541537,0.02098791655308332,0.9725866082276933,99.48126220703125,50.51880031263536,1
236.37936761811022,0.22171092352794278,0.11515850721589801,0.9563309642361899,88.18426513671875,52.309939350523855,1
246.52583661417324,0.3028750999477971,0.16868790839610562,0.9749661126011382,114.902099609375,70.61880113480149,1
151.64277805118112,0.23616254626470265,0.09035995439983131,0.9762538404352227,123.3890380859375,57.29072409506132,1
194.56822096456696,0.21193158103967838,0.020217307584719235,0.9715314836972241,117.7158203125,58.649104508753155,1
164.55456446850394,0.23367237209754826,0.07633288868900016,0.9799637683741425,140.0628662109375,64.68157678186239,1
109.15926427165354,0.264740672449932,0.040224244035721064,0.9426681770274487,185.10516357421875,31.455057499276865,1
237.5781865157481,0.23743790513050864,0.09975347116232043,0.9757518446184681,120.3846435546875,70.52402383590795,1
102.04515255905515,0.24920187381756412,0.023563904180795743,0.9822262677354578,130.3143310546875,54.018354444452456,1
121.96118356299215,0.16918802507231814,0.018916767680480236,0.9813793562377179,154.38311767578125,57.81617818237414,1
199.65428149606305,0.23963465499265602,0.023701451726578174,0.9642561254401427,134.60491943359375,53.20705613889141,1
254.39339320866145,0.18730148317550385,0.016810184152435723,0.9465550708589147,101.01617431640625,48.84641077218553,1
196.33476870078744,0.19876368238767653,0.02659213440168221,0.9552529219631946,89.5977783203125,46.87504645774447,1
109.02479084645672,0.2626046329842432,0.027673336324806175,0.9743900940929512,149.436767578125,46.643591883239424,1
286.96056840551176,0.14872628884656883,0.01729812552822234,0.9494853610229423,129.7501220703125,54.100676887920656,1
221.80413385826773,0.28011386390264825,0.09541508961502218,0.9791558782206183,106.8304443359375,73.27237793373628,1
228.33790600393695,0.3632469162167059,0.24940789847885475,0.9815826038595529,100.61517333984375,78.9182024780558,1
188.95091043307087,0.19531699772388442,0.04595251083006038,0.9715029467554241,130.92742919921875,58.390834430504526,1
207.98363681102364,0.3127210095651422,0.17401145374959173,0.9811131624644285,108.70233154296875,74.53906424859447,1
347.2934301181103,0.20976477302556468,0.06276205806338,0.9537207433807416,123.84967041015625,61.97070444266296,1
171.71702755905514,0.25932739587741366,0.023094596352515134,0.9646988110259604,93.5074462890625,49.35251112870579,1
56.650775098425214,0.2185430019406182,0.03519311052435673,0.986819302700739,132.557861328125,47.15445419580432,1
345.001906988189,0.3275146485669038,0.21259403307658953,0.9666168355278916,99.17218017578125,72.1328980794112,1
132.1785187007874,0.3092758857732142,0.0373507999638288,0.9757362499834632,170.00335693359375,52.74573535930917,1
214.21493602362204,0.3477334836135442,0.23377040922942,0.9781432678443303,88.3006591796875,70.15386225443272,1
79.32910925196849,0.2767837912048147,0.024853618373277885,0.9810173949258253,119.8720703125,46.087442536779946,1
63.24489419291341,0.23435237146973076,0.021939831068669372,0.9850766926224717,112.2288818359375,46.533584570587195,1
295.13564222440954,0.15979163517727052,0.02229757068440006,0.9362094117626159,109.727294921875,48.42202093503071,1
215.33999753937002,0.23687248027017224,0.12885835760317224,0.9749198237481697,113.06964111328125,65.99981390700941,1
372.31692913385825,0.17698202712096053,0.07522366162889636,0.9411441063038904,91.187744140625,56.40429494697887,1
229.87561515748033,0.247031015088853,0.14709769230221778,0.9691911112972931,101.96875,61.370343748400785,1
186.01347194881888,0.1960775744218662,0.025692271442689582,0.9217797502811549,171.41094970703125,36.17123723420495,1
259.58741387795277,0.23703974704231823,0.12466027840107725,0.9697772646861927,121.09259033203125,65.99332581058583,1
243.87862942913384,0.2343001851956653,0.09619531859746046,0.9654510802179741,104.59307861328125,59.89134247747801,1
281.0095964566929,0.2443944150240934,0.13997068021486897,0.9714965695639808,108.801025390625,70.45430636985895,1
371.1480684055118,0.22876087890480715,0.0911366550998852,0.9611276791048887,130.919677734375,69.78475394593423,1
215.09602608267718,0.21845285021470137,0.022967050963736284,0.9604536812869546,112.11712646484375,52.46450287721167,1
235.47410187007875,0.2614015295200842,0.12336468325222018,0.9708080892339839,101.62615966796875,63.855527523164476,1
112.2802657480315,0.25887242482117884,0.025913905878229226,0.979644373732299,118.7073974609375,52.81967133230357,1
173.69076033464566,0.27132764128227754,0.1270744730468723,0.9803448841402036,112.1729736328125,66.91493760041672,1
165.89210137795274,0.20894591944136343,0.07391440313391447,0.9720575646055801,103.48712158203125,54.83262400647459,1
122.15434301181101,0.2555273097604896,0.03066968780264715,0.9604661690514652,161.8609619140625,39.73016382339867,1
321.41541584645677,0.21827218460732148,0.06273366815394808,0.9626016644035627,140.22076416015625,66.34385878613641,1
227.93559301181102,0.16166677802007068,0.016897414143489994,0.9605728641724967,130.025390625,54.05635771505258,1
232.0608390748031,0.20822863258947621,0.0597443180777526,0.9692955233868521,111.06646728515625,62.00964901424241,1
202.92722687007873,0.23157136614427498,0.0207052358120058,0.9592309938911351,100.82183837890625,50.062345740820895,1
179.96278297244095,0.21305866684195554,0.08818933124277745,0.9781847467057336,124.5947265625,64.83329969648781,1
30.292322834645667,0.3041734430263581,0.031197340291676225,0.9894685712827402,138.98138427734375,38.06683040121299,1
61.29718257874017,0.22915780616726011,0.023471220601471828,0.9779627090434593,103.39190673828125,37.586296024676116,1
24.52958907480315,0.38052340883432406,0.054936318387659944,0.977857481336457,173.26849365234375,24.13891313765483,1
170.11694143700788,0.26745616282804124,0.12437102961147549,0.9826801758009159,117.89666748046875,70.48021060234258,1
245.12081692913387,0.20694750274219453,0.021212008985280466,0.9637598567379294,110.67938232421875,58.22160193052711,1
108.6505290354331,0.23205913157418193,0.024242551633026653,0.9657988102032921,157.77496337890625,40.83287806747246,1
195.10377706692918,0.16148772676220977,0.02003364959688561,0.9582639301679589,141.1513671875,48.731266814215886,1
155.46044537401573,0.15465434532169248,0.026160579915318952,0.9726035534633637,123.073486328125,53.83730165023437,1
159.6622170275591,0.21211742097340858,0.020455073123984015,0.9637168390555161,120.010009765625,47.109695245593734,1
258.31791338582684,0.20662787126545584,0.02498648982835158,0.968151410826946,111.73822021484375,63.97741120648699,1
318.9645669291339,0.1710958605871172,0.06929187214672575,0.9526071394626747,120.14453125,58.40643274596043,1
189.93239419291336,0.2036341040223827,0.06667783557967498,0.973776057989679,130.6578369140625,60.55432607062797,1
255.06809793307087,0.19561111021045874,0.018381735173356385,0.949124520903191,117.59197998046875,50.34242206732874,1
289.8844119094487,0.20396026831835307,0.07068286601636524,0.9657580674948729,127.58734130859375,65.77595037597709,1
291.3512549212599,0.16029536544999895,0.018410328406645558,0.9473085768780756,136.77484130859375,52.82388490775057,1
236.27891240157481,0.17947577008637847,0.024145303328541624,0.9668726896106868,133.30352783203125,60.59320584025666,1
94.30567175196849,0.24619696716762285,0.0273932672053649,0.9750079298908032,151.1934814453125,43.98756417710587,1
189.11663385826765,0.24817955498592342,0.11475698905115528,0.975234646878109,106.1177978515625,62.253087787641945,1
118.80394931102363,0.2416764771198041,0.021933189574319722,0.9748876854693167,114.38055419921875,49.041852395801826,1
241.50141486220474,0.20940094858337072,0.06361394633008619,0.969658112069517,114.67376708984375,63.63943924839415,1
218.14573080708666,0.2150290641800981,0.02153609144518512,0.944309981833468,140.36456298828125,44.777108764589265,1
341.8760457677166,0.30987351913100036,0.18253316245010115,0.9691227641688476,117.73431396484375,74.8353655552386,1
225.25387549212596,0.2553437102628471,0.02912194105085429,0.9613620193117168,162.15301513671875,54.44611537505997,1
110.14892962598427,0.22710569564176375,0.023967785925920956,0.9815510643617662,131.43023681640625,54.79428985287635,1
184.7431717519685,0.16859855793038106,0.020161639783141557,0.9719518175371141,120.5543212890625,57.77832797825825,1
179.07652559055114,0.2245227295082604,0.020088871491676905,0.9626918803795717,114.6572265625,49.24372815120642,1
233.17396653543307,0.2555011506096533,0.10710254778577612,0.9761468004334469,131.1224365234375,70.58892814652914,1
194.78063484251967,0.22629004478719744,0.022894439176046447,0.971682614166484,129.39666748046875,58.969288767144775,1
375.68454724409446,0.2581815389725358,0.1179406578210549,0.9642073558361479,139.495361328125,73.20171241944394,1
122.00775098425197,0.19181293685611858,0.0212654611411355,0.9630989183460211,140.3447265625,41.3093374891491,1
261.3331692913386,0.21877326623094878,0.10380186899654334,0.9650898227192553,114.920166015625,61.5891239508644,1
299.3977608267717,0.2529183769965407,0.07751507850471907,0.9638110194789092,102.273681640625,64.70418659869428,1
191.69112942913384,0.1892493711810102,0.02539181262484062,0.9604329827681554,153.7974853515625,49.704022690384235,1
195.84793307086616,0.2952410759483332,0.11261204125275252,0.9830961345499248,115.32904052734375,76.50140784171857,1
181.17544291338584,0.29898174290278284,0.17388254550953905,0.9802966720752713,94.52069091796875,67.99963512806504,1
176.02958907480314,0.17878195804941766,0.022871245717284782,0.9653341537879375,153.95843505859375,51.278236727742765,1
202.30413385826776,0.1980838479231595,0.022981833947343922,0.9676810548890542,133.097412109375,56.73895050179382,1
162.9629675196851,0.36766473453184206,0.23563827899215145,0.9835293814949878,92.2349853515625,70.52329915898265,1
164.23831200787401,0.17694837750821832,0.01750601361885022,0.970351738818277,91.3143310546875,52.72893328119235,1
393.6450541338583,0.1687846527803567,0.021939141136874583,0.9424459708262941,141.91754150390625,58.480591564694166,1
231.28358759842527,0.2259099188993551,0.06863000507376292,0.9746167678198014,136.2998046875,68.24975467819448,1
614.1958661417325,0.21960225747550013,0.04375659739522438,0.9252148456881023,123.3792724609375,64.74989310634564,1
179.68220964566927,0.26644174596883435,0.11742785113695733,0.9796144316433077,112.470458984375,66.85484039296647,1
180.81200787401573,0.12970572670079988,0.01698753789847447,0.9715471320345324,154.24041748046875,57.554356099065636,1
204.7854330708662,0.25650738791656597,0.11134883970553458,0.9807854952360334,129.94500732421875,73.61133906531795,1
159.67790354330705,0.18996255025290212,0.020901327655305366,0.9744308325239843,144.84161376953125,56.24072948114675,1
146.60125492125982,0.21482409874541808,0.05730689679872663,0.9782231054547771,131.91705322265625,58.81300762108326,1
244.72213336614178,0.1649542202128168,0.020473518551169464,0.958161330008556,142.92108154296875,54.452446282554504,1
214.45484744094483,0.16876955975345387,0.020590369382445007,0.9508449573975268,120.39569091796875,47.54221482960663,1
150.93799212598427,0.23022185807005174,0.02434403634721177,0.9667020577140456,131.27569580078125,48.34877438468542,1
281.29250738188983,0.2155588528533721,0.07226081871780496,0.9629114466415826,123.40875244140625,62.28959779304236,1
148.02368356299212,0.20955574311418446,0.022100297668178483,0.9599253032942425,136.8056640625,43.77253551462759,1
239.7619955708661,0.18696716882503275,0.021740835062044096,0.9502028436586512,150.88507080078125,50.13564643764527,1
117.45896899606299,0.26490604632556897,0.02867693027140899,0.9744671834180905,135.96942138671875,48.68961960853865,1
175.1149729330709,0.16602300821127483,0.019690181030649245,0.9622399067675812,135.39215087890625,49.217659605111045,1
177.63176673228344,0.20595447659574365,0.01982874045366951,0.968165898645623,127.39129638671875,53.245647928898464,1
155.54638287401573,0.20814463365958905,0.05093715671594809,0.9744690847889765,138.5859375,55.9115987301257,1
230.8369217519686,0.2045300610054481,0.019629597121239305,0.9598397686634678,101.1151123046875,53.831067872539315,1
326.82763287401576,0.271463936216306,0.1335889289558176,0.9679693901941172,125.34765625,71.95098469519648,1
148.82234251968504,0.1377514575647262,0.017615912801338493,0.9753255421316194,144.7369384765625,56.06123720708966,1
100.54176919291338,0.1687306453722831,0.024827911370988873,0.987093573909729,162.9716796875,63.7037424371517,1
256.6065452755906,0.22098891580295843,0.08526444396293581,0.9721784367170344,122.78546142578125,68.49740657910672,1
173.52466781496065,0.22949309902709256,0.02201245441272008,0.9632715392679595,95.97650146484375,48.593144560803296,1
270.18387057086613,0.21035416234467655,0.04003663980848189,0.9688251146380237,136.093994140625,66.66159421016415,1
307.6239542322835,0.23032434909191374,0.023317836207336854,0.9324702879063276,94.35028076171875,47.817444302864004,1
187.337782972441,0.20957466205186226,0.06654920785104766,0.9639265359455794,105.95025634765625,51.50871393287033,1
288.67285925196853,0.22646119927471767,0.12463171772350794,0.9610824935833447,104.2314453125,61.21789674032839,1
315.46216781496065,0.2390811552541691,0.10977518415720612,0.9648696036649542,128.52337646484375,67.69162751746161,1
144.11331200787404,0.25827334675833286,0.02730505904467669,0.9747229455516017,131.213623046875,53.75424011217714,1
248.10377706692915,0.1658244217021558,0.019206118955378146,0.9600004801475825,132.016845703125,55.76654510668873,1
251.00935039370077,0.1890695432028281,0.024405864271188425,0.9584460269367134,152.7208251953125,55.589776118359794,1
419.3291707677167,0.16470708994552427,0.01752480988216111,0.9335162895752089,127.9942626953125,56.450847728540225,1
83.13588828740157,0.22697193584464537,0.030087395753980985,0.9671789606165054,158.3055419921875,36.57625647391621,1
213.0112573818898,0.18280656746333077,0.018591601973783164,0.9646050221080633,130.6951904296875,55.07198202722593,1
183.12143208661416,0.16070939572479573,0.01864323016747801,0.9731765177196856,124.6292724609375,58.78336413461215,1
96.43768454724412,0.2781063335762309,0.036448093686665024,0.971965798784686,148.80999755859375,41.80760049477671,1
127.7355437992126,0.2355028313010722,0.024622172844983848,0.9721379274879365,116.5892333984375,48.31844715274039,1
426.31754429133866,0.17791955610087684,0.0898802971573408,0.94171972808343,96.216552734375,60.842402595114926,1
191.30893208661416,0.2357254846751595,0.08481517083131045,0.9744667290541025,109.76202392578125,61.71435166847948,1
296.587844488189,0.15280725982149343,0.05282584049413966,0.9553219230136457,117.01678466796875,58.308782236904094,1
329.93909940944883,0.26127405863697933,0.11664330749550243,0.9696073963896704,135.056396484375,74.35201682115994,1
131.5200541338583,0.2386203923311495,0.023901975363979,0.9724187501877284,115.54449462890625,49.00114692648337,1
240.03654035433073,0.24025003385967816,0.10883331997170148,0.9735650494804181,114.76318359375,67.87797150509125,1
437.69340551181097,0.18296791183934347,0.01891101553883473,0.9293548845410728,108.29742431640625,56.05865657295304,1
255.57855561023632,0.20101879724153887,0.025078703762245844,0.9666967840265912,138.0224609375,62.75019829555351,1
346.56034694881896,0.2117072325758721,0.020840042878301906,0.9308899403416204,88.58636474609375,50.18676410300461,1
253.13250492125982,0.21225163389486318,0.06547564686150999,0.9701548258558106,129.82061767578125,65.86048977562848,1
375.55173474409446,0.14313866563187566,0.04514061470403349,0.9495418573860896,117.7615966796875,61.31376563415166,1
158.20177165354335,0.27988460483283545,0.13825013273165235,0.9831020408080243,107.1246337890625,68.75462852752305,1
187.59270423228352,0.1800811387931202,0.02163011270352749,0.9738731872253088,125.33734130859375,60.04125194984526,1
361.0143331692913,0.18627084362844812,0.030584866532478574,0.9484117657758664,149.360107421875,60.38024013546639,1
168.53321850393695,0.28199909839320697,0.15433453446785764,0.9831625712463072,117.180908203125,71.22323278560852,1
256.24477116141736,0.17138768422279815,0.019169831100402893,0.9550284935481911,129.146240234375,53.86656238782414,1
213.0420767716535,0.23564622874448393,0.08405158484225078,0.9743157431030374,128.90557861328125,65.06702942726407,1
363.44451279527567,0.2735450773572814,0.08637062954100984,0.9585414157459083,102.44647216796875,66.57041337941033,1
162.90065206692918,0.22868296219732837,0.02490255952193854,0.9753402557581695,134.6068115234375,57.94461945107337,1
262.23966535433067,0.24406863580446908,0.0808490479479761,0.9744827276784693,109.711181640625,72.06320354146361,1
406.3284940944883,0.2480444434715332,0.1312160466192299,0.9554910617656124,115.39910888671875,67.9460869306422,1
248.61454232283464,0.27405936419139815,0.07344805142399978,0.9757179948310172,109.63604736328125,71.93030003677566,1
124.38804133858267,0.22727430126473588,0.02295201114927977,0.9684199382694055,120.4248046875,44.63970165479425,1
343.74390994094483,0.1865463988290408,0.032834920101034205,0.9396139931558615,134.8206787109375,54.34120557341513,1
187.13853346456693,0.2062886491421713,0.01920483821576764,0.9592828293167454,122.67156982421875,48.26985208632861,1
381.43140994094483,0.15900037547907295,0.018061080192980337,0.9266536104559288,111.87786865234375,51.34279935258401,1
60.68762303149606,0.2566933742340961,0.027440747238669756,0.9738986746114842,133.1297607421875,34.491530225070825,1
177.56982037401573,0.2101839986885131,0.021939098015417012,0.9629820800705599,119.46563720703125,49.42136041325549,1
167.98166830708666,0.22752186004609268,0.020794552205996086,0.9686583274687345,120.0054931640625,52.06699428287822,1
159.61005167322836,0.23511296848407162,0.022067225941230763,0.9686215548866792,118.1021728515625,50.877227187173624,1
203.54712106299212,0.21478887658914914,0.03494365233632644,0.9745347733357037,148.5179443359375,64.21334979783114,1
163.0836614173229,0.17999205417103215,0.024333969125992002,0.9638977870850524,153.4976806640625,48.30109441989636,1
162.43343996062993,0.21897237944233316,0.02310250104979539,0.9687767367150413,111.12371826171875,51.31469943275268,1
265.18953001968504,0.19508777561776877,0.04650385087298764,0.9617132024831195,119.13897705078125,59.509103568675314,1
276.05450295275597,0.20869813491352837,0.11384436968284097,0.9657649862980322,110.3272705078125,64.00079782729541,1
168.57609498031496,0.23647081775941609,0.08940329395104174,0.9758485027071552,111.77911376953125,59.64776860541575,1
381.03254183070874,0.19683727032064446,0.019338608171994655,0.9253088110686661,111.8551025390625,50.656825941737004,1
221.0970718503937,0.17483974290439336,0.021827561022019767,0.9555082954782889,143.77020263671875,50.48396745529513,1
168.97268700787404,0.22304191583530153,0.020541562744014575,0.9662602963124712,92.79998779296875,50.10228037260387,1
365.78561761811017,0.1700536017206717,0.024650397246794905,0.9387611575331233,131.20501708984375,55.54103583694248,1
252.72422490157481,0.2336893624387467,0.02299471497733411,0.9564372899744914,104.82421875,53.94331026221786,1
208.61269685039372,0.2492401532629783,0.12016934873334835,0.9764622887205573,118.30694580078125,67.11177935592492,1
384.29047736220485,0.2007105907743398,0.01952240813719971,0.9268359559085266,115.087646484375,51.38881028956196,1
240.71407480314954,0.2554738316765394,0.10109703793103525,0.9762519232517114,132.0595703125,71.85981491229595,1
384.1972810039371,0.16726744074923391,0.06915044584625825,0.9478374542799748,101.96600341796875,60.941937971359806,1
219.57455708661416,0.20240481039743677,0.039624928721796494,0.9648785667218344,129.3070068359375,56.666415332942144,1
300.537093996063,0.1642469088709793,0.01845974751193103,0.9513658890901768,147.81866455078125,56.085914240085835,1
154.68171751968507,0.22244295927547647,0.061186882377446676,0.977834970521096,142.67620849609375,60.04053566734856,1
204.92993356299212,0.2382933443543999,0.08735866517545254,0.9769780865059559,134.302490234375,67.45645787927977,1
110.19562007874013,0.2563587536550296,0.02717046901739135,0.9807810211884959,131.6278076171875,53.98432433226729,1
134.73658956692918,0.2394245862562168,0.027868365207987675,0.976170275142411,136.802490234375,53.65888833650647,1
249.24292568897638,0.2209996075538041,0.10589847135405121,0.9717685427797081,123.2921142578125,66.80769737856565,1
141.16904527559058,0.21585337042828803,0.02385784219075013,0.9690791276096992,135.2442626953125,48.48989131116393,1
432.55321112204723,0.18564234239263763,0.0688953446477563,0.9436361444703991,112.1932373046875,62.17166992433141,1
187.11478838582678,0.21278953689220514,0.024053011468587526,0.9633069385274098,99.3800048828125,50.61331853653963,1
166.8728469488189,0.2409084938341454,0.02523086984654151,0.9596077004294106,144.319091796875,45.72633744664602,1
180.93848425196853,0.22454440304758425,0.09848236106040183,0.9792449940655809,125.06256103515625,66.52295208413389,1
232.50055364173232,0.1822106211316783,0.017606619540011886,0.9331158172105086,114.98284912109375,41.993814779954604,1
238.16516978346462,0.2543472190217362,0.13803671934160164,0.9741988683066488,103.2801513671875,68.28097473182885,1
266.7977362204725,0.19689128059026625,0.08513457274947861,0.9579637045554712,128.5594482421875,56.79790023222085,1
67.95896899606299,0.25198725288725615,0.027273789267002867,0.9794815724205482,127.00140380859375,41.49761218283502,1
192.35912893700785,0.23122234536103822,0.02791171573053654,0.9748164276755427,148.69879150390625,62.103640918519524,1
166.55450295275594,0.17311407610894497,0.018500496877978227,0.9572047702807501,131.21075439453125,44.51936468658223,1
166.55450295275594,0.17311407610894497,0.018500496877978227,0.9572047702807501,131.21075439453125,44.51936468658223,1
124.0286663385827,0.2627806135718324,0.04093009825093317,0.973555496615319,175.08758544921875,49.79516349800441,1
264.0163016732283,0.16799246109077584,0.05774831597424288,0.9672673219623344,131.76129150390625,64.13950374470615,1
201.55167322834646,0.2249294361324598,0.08919175710696226,0.9777743128956251,121.88836669921875,67.58340334457168,1
133.00867372047242,0.20568076936966967,0.01911640842852479,0.9656972516452174,99.95111083984375,44.305463673398826,1
401.2452017716536,0.20098673763057628,0.05760354485186499,0.9512186470223689,143.4609375,65.09949707212006,1
275.4427288385827,0.19871685522381005,0.09442190413461286,0.9720157263985258,133.37335205078125,70.76400055642759,1
425.07781742125985,0.22101419099904146,0.13466692269888797,0.9432742733277761,94.63494873046875,61.469056635072654,1
438.85266978346453,0.1578462062698715,0.033413557053138004,0.962471187751649,137.49774169921875,77.05090627621466,1
168.54207677165354,0.2638901242430681,0.07977405514198112,0.9791612533505389,94.45196533203125,63.8953135682969,1
160.08913631889766,0.2028449207300729,0.017627831080702004,0.968791275753499,111.70916748046875,50.90844717806959,1
137.33993602362202,0.2268058652260841,0.020843628824321083,0.9713237219649996,116.733642578125,49.315249903653026,1
276.2064468503937,0.2949855785367154,0.1774195438704146,0.9773747534341113,120.98236083984375,78.54854483313487,1
392.0529650590553,0.14234393723100952,0.021669004104853676,0.9502512380168274,133.2657470703125,63.11802779857844,1
230.88262795275594,0.22096724250373165,0.1100197330142687,0.9766402341236958,113.2689208984375,70.71192932687177,1
90.93651574803151,0.2642730221756722,0.032829013065390385,0.9706942511578645,140.94879150390625,39.99001800809277,1
439.24827755905505,0.24095683782614885,0.12050675973328022,0.9636068335431831,122.86846923828125,78.13399540057054,1
185.01943897637793,0.17701127609119974,0.018563287960230664,0.9661961563409651,125.51751708984375,52.82739421805994,1
291.7095841535434,0.20134210402579347,0.09519876537964701,0.9635430912346273,127.47540283203125,63.79918928311278,1
144.71438238188975,0.19399137653397114,0.018909814871197923,0.9553566798113377,97.77764892578125,40.30383489648442,1
191.5242987204725,0.2532286342884575,0.05620009857718894,0.9777443292372553,129.18017578125,65.92686160898094,1
210.15237450787401,0.17223683127770595,0.024135976353647556,0.950947388637094,134.1927490234375,46.831965466073775,1
256.80044291338584,0.16250815960794007,0.018381323435334673,0.947080774201029,113.19598388671875,49.877235577870245,1
202.2328371062992,0.16997874438007846,0.02082605633172198,0.9607278478984506,122.71343994140625,51.38434159892948,1
202.2328371062992,0.16997874438007846,0.02082605633172198,0.9607278478984506,122.71343994140625,51.38434159892948,1
196.44906496062995,0.17343586220992652,0.02476835935003505,0.9541291499081372,133.46466064453125,47.233419773638744,1
166.2854945866142,0.1775333099489215,0.018401487764214474,0.9649378063053257,115.07769775390625,48.94997801160264,1
212.51931594488192,0.1906203972714908,0.02211976626510341,0.9677220240521043,117.88360595703125,57.63025489347516,1
250.3627583661418,0.22786520764978002,0.0368049034065875,0.9655611340723664,101.3828125,60.51626595242158,1
268.09467273622056,0.21898018980232456,0.04453997173735362,0.9670786922793708,121.00994873046875,64.18578237681257,1
190.66270915354332,0.30560925631125446,0.07379473593672271,0.9821259267967629,136.23095703125,73.57078250063653,1
248.36515748031502,0.22704168718341622,0.03876753969833833,0.9662274614510111,111.125244140625,61.00114114614416,1
184.72773129921262,0.21384539319452373,0.027419053268203646,0.9694026671813325,79.11578369140625,55.03024700867717,1
162.27854330708666,0.25408166191883697,0.04055880266510215,0.9762581957373423,79.485595703125,58.5195324758162,1
244.84171998031496,0.2383380399591505,0.049204696861972486,0.9698977726561752,127.24237060546875,64.22148172524282,1
380.9765625,0.27498617487338745,0.13029324420278107,0.9676203576439909,122.6126708984375,77.15606726888987,1
379.86958661417316,0.22196527327559845,0.09744021670980305,0.9612448486303539,142.91033935546875,70.65227163260731,1
93.01193405511813,0.2605628911093644,0.026156167649011224,0.9736113097943867,112.71527099609375,42.284253013734215,1
194.76894685039375,0.2086105448489972,0.08652944933450468,0.9769795325903489,119.94805908203125,65.61152056426006,1
101.84596456692914,0.2517398411249983,0.024195950941879388,0.9779571992697599,98.7135009765625,48.17046551973205,1
232.80130413385825,0.1556824060404489,0.035291145551098434,0.9713490137156835,134.87066650390625,64.59862693169313,1
269.9835752952756,0.20662734953765208,0.020064981094926184,0.9241274494847412,102.53948974609375,42.50211567727339,1
199.7985359251968,0.2416543764848304,0.024775424561723186,0.9657023334156126,130.2158203125,54.30580910051394,1
224.88914862204723,0.23899102273231157,0.10695998393829091,0.9785012416476493,137.44793701171875,72.8656121632806,1
283.93085629921256,0.15700523287953633,0.055520816787605155,0.9696730111269145,155.58355712890625,69.2790156357899,1
342.1957431102362,0.1854142646942078,0.021497839735170377,0.9662562904320012,141.521240234375,71.65696489657081,1
204.9387303149606,0.26221838702379885,0.07135961998956268,0.9794960742177969,107.5478515625,71.060399322193,1
216.41572342519683,0.2354488054584287,0.12061201346982835,0.9742985106871724,99.62744140625,65.21535084799464,1
182.68294783464566,0.25669992774745787,0.0918826918155333,0.9801820914815164,126.74005126953125,68.50273800838772,1
227.09793307086616,0.26251352801835004,0.08505463728716618,0.9780804998861669,107.59466552734375,72.32534321962372,1
228.66190944881885,0.2183601848505196,0.11485025577580563,0.9711078845412616,91.064697265625,63.15114200958984,1
265.855499507874,0.19470389645418065,0.02291331560411233,0.9578605398487855,125.8255615234375,56.5834288017958,1
52.83138533464567,0.24168240294198184,0.0260477610178307,0.9767367104508365,125.28314208984375,34.26370255081247,1
203.11761811023624,0.20684814015117087,0.06510835315501831,0.9739142332600925,117.29180908203125,63.00250232427122,1
324.65926427165357,0.160705411527251,0.04014393947883475,0.9542921944399352,156.52728271484375,60.61552751214284,1
93.77165354330714,0.25486951750566145,0.02565748770827085,0.9773055588754908,133.71636962890625,45.96777606255073,1
340.42704232283467,0.22412650471399384,0.0976368100574678,0.9686869668434175,127.522216796875,74.29409412229884,1
100.1310285433071,0.2584118929901947,0.024513774740859813,0.9754515109087849,119.48675537109375,45.709946823884025,1
262.92648868110234,0.18853974685899555,0.07463411914861337,0.9684538098027929,126.37811279296875,65.26832321715546,1
174.00768946850397,0.2306962458361876,0.021918130947389137,0.9461303565764293,104.9549560546875,40.41618868667669,1
464.3631274606299,0.18828075163281363,0.044161002558482806,0.9527773230416723,150.0513916015625,71.06538184375428,1
118.04176919291338,0.18697967466771875,0.018145373095065573,0.9731797311398459,120.54876708984375,47.41537939134976,1
282.76353346456693,0.2211470929315602,0.09714957159875029,0.9730222380498024,141.3970947265625,73.18342788866855,1
190.7290231299213,0.22512848559147144,0.025489686910665395,0.9620316062177524,170.9195556640625,51.16486114525772,1
546.2659940944881,0.21339587639525642,0.07477442240762104,0.9548785586180948,125.7635498046875,78.2720327314086,1
227.76857775590557,0.1434552322691008,0.015713450994766495,0.9552310363605595,120.96051025390625,50.730535643853564,1
206.57474163385834,0.20878574271687522,0.01873338863710777,0.9618833723323391,109.81451416015625,52.31370482654616,1
312.17175196850394,0.19815324682326452,0.09415707179546642,0.9716909074112721,132.15167236328125,74.86859341647995,1
139.5577632874016,0.20055111832768177,0.018375455166084975,0.9736614000373758,116.328125,51.68477688942243,1
223.13127460629926,0.20975224546693996,0.09430858734033425,0.9745799184269553,115.09259033203125,66.67670867891628,1
338.77202263779526,0.1596206745749824,0.02563827011948962,0.9614758195147001,155.096435546875,67.24125376580808,1
139.18522391732282,0.2250957262387167,0.023104138990685506,0.9618409743199521,135.6517333984375,43.15164257880847,1
310.25326033464574,0.14976826995387635,0.030479671962517593,0.9577295361585766,151.8408203125,61.77055324943391,1
92.92734990157481,0.24915065158019387,0.02436524551066993,0.9806675215258831,109.53167724609375,49.269048926267644,1
196.88902559055117,0.16695926662467578,0.029312689643422533,0.9704714798006898,125.09521484375,58.55707261697315,1
399.794968011811,0.21198965436605285,0.04061246204255793,0.9638849135594233,143.3128662109375,75.10884852301228,1
217.19285187007873,0.19969889338096025,0.08260782807895947,0.9758061301580006,115.124267578125,67.48841905102331,1
284.0752952755905,0.16961469953627173,0.017200170568068253,0.9511208807386166,117.2100830078125,54.12611350338569,1
404.4148006889764,0.15050668225374272,0.03426082019223007,0.9528757424650048,138.335205078125,66.31692570246236,1
279.42175196850394,0.2566391515619931,0.06691501145097123,0.9708132185448636,98.190673828125,69.46442115628119,1
239.72102608267718,0.24980140048525148,0.12582130858380733,0.9796491273820324,135.2696533203125,77.36816402542436,1
275.0076894685039,0.18547516829911848,0.04963192568068744,0.9641596667174521,106.95306396484375,62.39185218738008,1
311.43393208661416,0.18829871493812983,0.09345910475283137,0.9511930242852052,108.03900146484375,56.96809971069299,1
229.0437376968504,0.2039458276835024,0.056833943180121034,0.9803859756762947,112.53619384765625,76.73924772991867,1
180.5769562007874,0.2542901084944579,0.14161847101379746,0.9810702378629303,113.38507080078125,69.4520430123107,1
217.23351377952756,0.21244703442804883,0.021876439241246225,0.9547073341883553,87.5343017578125,49.272717636357584,1
204.56329970472444,0.17265555963186274,0.044442605522650606,0.9722536612698749,128.41192626953125,61.216755421903805,1
139.09454970472441,0.24080175129903938,0.023761328636599372,0.9645828230755404,94.49566650390625,44.35466199613209,1
315.76605561023626,0.1897596621073619,0.047178067102255,0.9439967810745418,142.83099365234375,53.97442191929822,1
374.4830831692913,0.17276675560417953,0.01690799250154482,0.9422695335625508,113.339599609375,57.20118116094173,1
160.1510211614173,0.21270756433429402,0.02173352335599344,0.9636979815177213,133.657470703125,47.142368813548785,1
268.5553641732283,0.1603398634891762,0.04570924335603878,0.9695876456210946,127.17266845703125,67.12025455728259,1
208.8777682086614,0.1747413015104103,0.06033486079841,0.9652202270548509,122.55120849609375,55.461443750810375,1
307.1194020669292,0.20343543601874886,0.023740376941577452,0.9417695054433896,93.747314453125,51.49931609465824,1
170.85888287401573,0.21819982642383368,0.028044131537084252,0.969269341469152,152.83831787109375,53.32001127664487,1
167.4825910433071,0.19649118198373702,0.022930361240983445,0.9663419700429469,151.50360107421875,50.528628726857804,1
80.72231791338584,0.2322243426192369,0.025692934234340492,0.9789568530036471,142.22119140625,44.276343071747846,1
413.0210383858269,0.21167448984294773,0.08403037671044351,0.9621069983189462,132.67401123046875,74.4498457657556,1
254.04133858267716,0.2728737563670079,0.09518674012970123,0.9740962423133636,89.358154296875,70.20060904065802,1
146.74470964566927,0.21263332357232798,0.019252611090616677,0.967711711517545,120.5321044921875,47.979870143927485,1
426.2241018700788,0.2778850727726169,0.16689070521524424,0.9452006308461822,91.2049560546875,62.6281283123348,1
305.2197342519685,0.1947500913282403,0.10037807562687778,0.94565505851968,91.72894287109375,53.40765410315642,1
173.43097933070874,0.18152261039540993,0.0426312566669614,0.975561118352757,145.52777099609375,60.33732152175976,1
164.6374876968504,0.24653575557016227,0.04519218328837396,0.9772289782642707,166.60015869140625,60.67832185097573,1
160.6976500984252,0.16402104488943808,0.017217212799849516,0.9669128145764047,127.66888427734375,49.75633173212032,1
279.92322834645665,0.2763259562745576,0.09363262681175218,0.973374258432713,116.09356689453125,72.94987441637686,1
266.23683562992125,0.22736132071455675,0.1296164327861347,0.9749547540339204,120.5950927734375,73.3933651642836,1
250.289000984252,0.2137363922117052,0.06561765495000899,0.9717450147813443,146.73809814453125,67.48631642044285,1
111.6946973425197,0.2400543591040492,0.03153436689507522,0.9728709467618473,157.8314208984375,46.01223484999619,1
336.71069143700794,0.2261689389419973,0.14269879552214387,0.9610975293941231,100.48455810546875,66.12963347590298,1
113.93922244094489,0.21378504642746013,0.019969417944047742,0.9703375335760744,110.59210205078125,44.281695907085066,1
210.56748277559058,0.2355478618437256,0.023298434810905978,0.9628384788429801,127.024658203125,53.48158705285183,1
134.67132135826773,0.23883032745249247,0.022332927808765165,0.9693859025350543,99.77703857421875,46.988372352605964,1
197.74975393700794,0.2102762446775163,0.10982501096835312,0.9763695855204166,121.93798828125,65.33436900063244,1
182.15046751968504,0.239948222883702,0.024008249629097037,0.9715771211916079,128.03369140625,57.027343296385745,1
156.8921628937008,0.1940781153302242,0.01852752822859166,0.9626808283026299,105.28240966796875,46.39210135906657,1
306.8184055118111,0.23294882932295508,0.02332692252237418,0.9560954666088076,128.1641845703125,59.48895127416778,1
88.92039862204726,0.22232409940774,0.030189256815617863,0.9672729042043847,163.079345703125,37.57257207103119,1
304.33569143700794,0.19009469544299162,0.02115985254755308,0.9460068995589647,118.01300048828125,53.507548564203404,1
264.18325541338584,0.23008205863875433,0.02495955519180687,0.9531882776575686,113.29779052734375,53.37138984425357,1
66.61786417322834,0.2284699963267261,0.02527455191261148,0.9760813884480217,145.00799560546875,38.02566621442367,1
99.26931594488192,0.2808728605191028,0.027469726241039556,0.9848022180947914,113.2852783203125,57.433754409552876,1
131.0757874015748,0.220271546122415,0.025497665362416082,0.9730849771201476,137.1785888671875,50.18601230049955,1
178.80880905511805,0.1895888150110452,0.042799225262598106,0.9724572563032587,135.91900634765625,57.85341748873558,1
381.3235113188978,0.17272213907863654,0.06778694910849593,0.9486682460645598,125.38238525390625,61.139291967115966,1
133.35672982283467,0.23635948580880778,0.028283633805373673,0.9635242603674672,161.3458251953125,43.73824657582923,1
175.26267224409452,0.23522690878538385,0.025194660602241865,0.9733031265610602,134.34259033203125,57.51127184464466,1
146.90255905511816,0.20925274662781607,0.019946190792889926,0.9730645133248668,113.993896484375,52.52150170604449,1
130.21678149606296,0.2427620193617312,0.02622212937668858,0.9780289017620015,125.95391845703125,54.603565168660154,1
102.52183809055116,0.19872264103588075,0.019174222819996128,0.9691473809626846,119.80682373046875,41.17268410992425,1
112.15483513779523,0.23570292705762477,0.020359342896219476,0.9727376081056583,112.069580078125,45.638713076389195,1
78.58919783464567,0.22472890232891718,0.023740894981978785,0.9740102701749302,119.55621337890625,39.6949859354479,1
158.4321481299213,0.173031552464486,0.04386504200165842,0.9644404452745318,108.57110595703125,47.88453848555006,1
342.5573941929134,0.15333455706219334,0.05334006000520772,0.9468545809676717,121.79632568359375,57.5176822648522,1
393.654281496063,0.20117730332037717,0.11368545465121507,0.9507322309495476,115.6072998046875,63.580286584920835,1
184.52780511811025,0.18224370968171127,0.020343909852370255,0.9694972275882026,127.11962890625,55.69279440898113,1
173.4097563976378,0.18518366784782506,0.025142977033830827,0.9579009692525182,166.0908203125,46.67007737070965,1
85.41135580708662,0.22965106141527875,0.022426814407293005,0.9818275114113979,122.613525390625,48.83392643208967,1
322.9344242125984,0.19282651090389802,0.09522548382431353,0.9601819328619065,122.82666015625,64.36019043985823,1
170.87063238188978,0.22268790668454186,0.02141781882789105,0.9576107771022064,127.7821044921875,45.33745548859671,1
96.2077386811024,0.2220129553342029,0.02096369688201455,0.9781871741104566,126.06805419921875,47.290438424483604,1
106.58310777559056,0.1893273297548358,0.023696781194770884,0.9694991848651023,143.71588134765625,42.40236115101651,1
171.23794291338587,0.16203700243414346,0.022227794328019683,0.9638917634582211,152.59619140625,49.62631010300812,1
214.96038385826776,0.25792889185806306,0.14455596088039668,0.9716857713051354,105.32098388671875,61.97202331644748,1
160.90877214566927,0.22321924651095928,0.02011588475686678,0.9646554687496653,120.08673095703125,48.08597605813725,1
396.55038139763786,0.1297947227130996,0.028700541263691464,0.9347699193736575,118.1434326171875,55.62949800400932,1
120.35137795275587,0.218780789350148,0.021942849265209497,0.9694215347526859,131.20050048828125,44.58036104674462,1
365.75055364173244,0.13952814089497662,0.05156366542476637,0.9467406107576603,120.7646484375,59.24518316945821,1
288.5107037401575,0.22655299982274849,0.13986619604815378,0.9718829101243773,122.958984375,72.17677241951314,1
214.04084645669286,0.15575509618132297,0.026054043567931135,0.9589068123412582,120.25836181640625,51.819896935541124,1
108.41664616141735,0.2175523379896364,0.02083981589893064,0.9812148364882899,130.94305419921875,54.11409087202927,1
310.17390501968504,0.2161028462063972,0.11522030979278032,0.9613365333120695,123.00341796875,63.71053360951921,1
497.64037893700794,0.17819774218958798,0.09599340796039882,0.9440833520474533,118.99798583984375,67.1595712907899,1
144.85962106299212,0.2210559089537927,0.024269385449491383,0.9801282498902337,134.96258544921875,61.02806074500419,1
169.89751476377958,0.20500188132817887,0.022031614172142267,0.9723191454114516,136.05035400390625,56.32361906493533,1
135.32258858267716,0.20056541744542197,0.020266194904568748,0.9659034078350044,85.28155517578125,44.70408495368485,1
211.02577509842519,0.159756605451203,0.017325121674676296,0.9635083732624931,120.27581787109375,54.12305054938715,1
222.5244832677166,0.168941567069958,0.018742476535451424,0.9312453005223491,74.91168212890625,40.870335829701126,1
140.8226500984252,0.2078415782994118,0.020007707434112915,0.9590938978562092,112.955078125,42.057141579123,1
219.01710137795283,0.16490077433395567,0.018047718245311314,0.9487394231997823,132.364013671875,46.75156209689483,1
124.91258612204727,0.20604727160996783,0.022478514260080545,0.9552548202186296,74.5386962890625,37.48754795422942,1
170.00012303149606,0.2115657627384833,0.022174102072407425,0.9691265540782991,128.6607666015625,52.763233157573346,1
308.1496062992127,0.23956616815166573,0.09440261490113633,0.9634486875648329,117.6258544921875,65.44922259122131,1
276.57394192913387,0.13829695720176313,0.023968062225515226,0.9396754961052637,117.21807861328125,48.316016889900474,1
323.7751599409449,0.14072059740235124,0.042029619133894955,0.9485529813292967,112.55224609375,56.612452733699634,1
284.0388164370079,0.16167045387097545,0.057280427674855236,0.9513197818600818,117.0150146484375,54.793099110263945,1
67.24821604330708,0.30145840644127736,0.03429716734006342,0.9793806059328141,155.70098876953125,41.086321619459284,1
44.39000984251968,0.24344954545370484,0.024714597735985683,0.9766187329215251,137.97686767578125,31.084108736938155,1
47.43571604330708,0.24724786340053737,0.025524588124152665,0.9777935350018372,144.241943359375,32.945912684726224,1
182.78155757874023,0.16849925255799342,0.016738614770193765,0.9553303290224714,102.02880859375,45.218723276021,1
45.06003937007874,0.26945692834968754,0.03152263451656115,0.9820553788752319,127.22613525390625,36.303024904840534,1
124.2079847440945,0.23539881032517115,0.021535608226968386,0.9724400634121205,114.41888427734375,47.71643241266747,1
120.74827755905511,0.17933528323969963,0.018883781659838443,0.9642038873013707,100.93060302734375,41.46444620161084,1
157.08187746062995,0.2150233771622034,0.022055862167005048,0.9750404616347742,133.3992919921875,56.474827292013806,1
167.18774606299218,0.21500376035666194,0.024113153175235602,0.9742785868457835,130.7584228515625,57.452387640197145,1
168.88232037401573,0.2242698301133375,0.02680068251066642,0.9629186753735168,146.4049072265625,48.15450207061773,1
87.16966043307086,0.29921907489371624,0.042368678390636544,0.9722026011980401,166.602294921875,40.43240899181956,1
306.37383120078744,0.1937120524975655,0.10707067324153174,0.9636120618075895,105.549072265625,65.30200673869254,1
344.14197834645677,0.15162030621039319,0.061195261988309484,0.9415934490337804,118.1898193359375,54.8842452336707,1
443.503937007874,0.1639275353544098,0.08541788901808876,0.9498410435165472,118.21112060546875,67.04621806850231,1
232.61823326771653,0.20369527159152978,0.09456845376198009,0.9705449268473567,117.43890380859375,63.43140790228712,1
173.82800196850394,0.2007301524225465,0.01970708618687129,0.9675777865269363,108.6531982421875,51.938845237032396,1
175.06982037401573,0.19152891750591944,0.017957120160192137,0.958984064156476,106.49749755859375,46.30600355696305,1
256.2423720472441,0.21122426003645628,0.09171564811771782,0.9609508952281254,114.04034423828125,57.76481792764114,1
78.64111712598425,0.21006256009667376,0.02689518875463916,0.9830532396494205,136.43505859375,48.60299154883953,1
65.20933809055119,0.20865082427941306,0.02246276831389657,0.975828996521274,113.243896484375,37.226008644266905,1
135.94555856299212,0.21987990651350464,0.022472242464651397,0.9699453402585119,142.02716064453125,48.04886486829236,1
183.71432086614178,0.24487208550735334,0.04477167531345023,0.9817922628993176,130.49224853515625,71.25983733810972,1
121.45909202755905,0.2147356194115659,0.02018475961966675,0.976505446136898,117.87646484375,51.063312778517734,1
116.10685285433074,0.20679535326791132,0.019805491621825107,0.9656608919503634,116.99481201171875,41.50649757279646,1
63.20810777559057,0.1948247066682154,0.02272971511690201,0.9763098857759049,137.41827392578125,36.96091732784754,1
135.64671505905514,0.2420471781093246,0.028208408302279823,0.9740336608047923,138.98431396484375,51.69580954161705,1
223.00264517716536,0.21883858084102994,0.02291818707973548,0.9685632973232055,127.6610107421875,59.88869235527918,1
61.22619340551182,0.2412972976391724,0.025574501776537015,0.9736734776245745,142.54071044921875,34.62970343848543,1
81.54386072834646,0.2060633103810229,0.023107987694776465,0.9665178279425827,123.9019775390625,35.642598257456825,1
152.6157726377953,0.21298669128325787,0.09086807835492987,0.9636897281171255,97.27423095703125,46.28926547971719,1
310.8947465551181,0.205620773830784,0.10377759566421041,0.9569363488948998,110.5516357421875,60.482772677692104,1
210.76015009842524,0.18791506726145366,0.022870501152688256,0.9652444232904702,146.6202392578125,55.54308901075649,1
145.4375,0.2704297763162955,0.02980214203526363,0.9779946830078066,128.7904052734375,57.78255889144046,1
189.55025836614175,0.19585171666500706,0.019080743271530566,0.9628730524991793,110.752197265625,50.854123145278486,1
113.71069143700788,0.23654522183618926,0.021592903833981072,0.9711393646429854,103.73309326171875,44.65688268831123,1
201.96721210629917,0.232727059899593,0.13046193650849974,0.9612159382945032,88.43194580078125,51.425939024615474,1
324.01783956692924,0.19468218962417785,0.11421869321999031,0.9662672915315808,123.3250732421875,69.89248974879669,1
252.50670521653544,0.11466361806127093,0.014894816086483074,0.9418801759905052,138.4976806640625,47.42796752967263,1
212.90729576771656,0.19081240056268475,0.043595855179074466,0.9302151825108861,97.7513427734375,39.31370707672997,1
256.04496801181097,0.17972089816070372,0.06717487293427284,0.957512205078376,111.62548828125,55.317037241130166,1
258.1436392716535,0.21163075092927958,0.11166533376328305,0.9681218824831787,108.994140625,64.10241298448405,1
177.35131643700785,0.1751323824107394,0.055881445227953894,0.9636867233731191,109.3338623046875,50.076730536597,1
251.14597687007878,0.17294201975240336,0.016518839751635928,0.9508875853847011,112.73663330078125,50.845932707002476,1
296.12014025590554,0.20280114280617412,0.0715244980605683,0.9652663275771975,128.05303955078125,65.95843903897664,1
285.9762549212599,0.1732969462666523,0.02693466167026871,0.9521010103572211,154.91680908203125,55.90166428643984,1
165.39708415354335,0.2225603790350884,0.030519096545340088,0.9635719385399464,149.251953125,48.58596070100899,1
231.81200787401576,0.22493409163248704,0.0258577698584625,0.9629358763598777,140.36553955078125,56.34775673389566,1
361.0107652559055,0.15876852208339978,0.03280355743168878,0.9578179873592213,142.4090576171875,66.23875130026944,1
387.1632012795276,0.18051700685301691,0.0315299865176555,0.9416760124925648,161.39453125,58.58892779636054,1
327.9016363188976,0.1633356825435715,0.02664817899385223,0.9469868504894294,153.63262939453125,56.479683953460366,1
213.16400098425194,0.19481542938853916,0.02506176036026878,0.959558611866771,93.80999755859375,51.64027959557325,1
226.54084645669292,0.15348223930145566,0.016944936834357407,0.9339374538760598,138.9962158203125,41.734089646351116,1
395.38748769685037,0.18653405999148026,0.07371868710748039,0.9602035130574831,130.09185791015625,71.13162399209826,1
292.10611466535437,0.18294670091399004,0.04347022424064234,0.9637892634392597,157.54742431640625,64.42219577561293,1
411.1788877952756,0.24690043449414828,0.08873961689606898,0.9662171787641883,125.01153564453125,78.38419613260498,1
374.00073818897647,0.21009976293296245,0.047360894108917355,0.962131515346734,132.058349609375,70.71730012330318,1
281.8135457677165,0.18482637876703975,0.023289784213154162,0.9648085660359038,142.334228515625,63.52894029626601,1
171.7202878937008,0.21493003818517484,0.026853649801594996,0.9709073787108324,150.96124267578125,54.94332817420238,1
179.46751968503938,0.2073467738049715,0.021726122101027673,0.9633234724503354,138.81182861328125,49.84932427907124,1
291.70374015748035,0.1631792934615073,0.02072797753418023,0.9630193809357845,133.15509033203125,63.168922739083136,1
201.81483759842519,0.23006187963195018,0.111419769240722,0.9768075875922656,129.7996826171875,66.54465657179878,1
300.5195004921259,0.1880661005380024,0.07817310794050229,0.9698069654326649,125.59423828125,71.13077611380743,1
357.0311884842521,0.1960687110867016,0.030821231497612726,0.9558359791698484,144.472412109375,64.54974270168397,1
275.7385580708661,0.18403763007901114,0.021426386291397436,0.9657698352110674,128.19989013671875,63.68540421821274,1
181.1089443897638,0.20189809963399552,0.02504801609459261,0.9633406795333429,149.808349609375,50.42882649449765,1
197.34362696850397,0.2238644755511966,0.033966776878404305,0.9758330111331751,145.42462158203125,64.44372796443017,1
197.34362696850397,0.2238644755511966,0.033966776878404305,0.9758330111331751,145.42462158203125,64.44372796443017,1
225.0684670275591,0.21856251263349194,0.034161434626571424,0.9725196965231853,140.47357177734375,64.36535527558418,1
153.96819635826773,0.2317873843909707,0.03270590484328554,0.9715092744649395,143.486572265625,52.456654729023775,1
147.1604945866142,0.2583144885230717,0.03716248769381795,0.9772668524628445,151.66717529296875,57.479439740233275,1
386.2493848425197,0.2185660850888763,0.10084193098717091,0.963576773155451,123.95635986328125,73.22243183452133,1
236.46708907480314,0.16270372738939595,0.03877578705724076,0.9679889893356313,114.007568359375,61.271255012173626,1
374.94039124015745,0.2469402792319681,0.13477278427275075,0.9635239465566853,107.0947265625,72.01442530951425,1
288.474532480315,0.1993140215278916,0.060509017385734,0.9658303566599254,149.8980712890625,65.78246815373578,1
337.4487573818898,0.17573598414155173,0.054316193547180695,0.9560845501689548,147.107421875,62.91711250130372,1
219.14339320866137,0.19759987001536913,0.024254373091243318,0.9722334577052404,134.2464599609375,63.22684621034331,1
112.8671875,0.23938191147485816,0.023101272517914655,0.9749727794194997,119.7830810546875,47.92618420753526,1
184.13348917322836,0.2183515210258119,0.03908477494354679,0.973357061728195,163.71759033203125,59.210398018835924,1
178.13336614173232,0.18809819815556406,0.02251089770387125,0.971318833933322,136.6458740234375,56.42603172056514,1
397.7331446850394,0.18531699926322395,0.0684527525381906,0.9598877202560494,128.21502685546875,71.02486337237622,1
195.45693897637798,0.29024517125572097,0.1390984104808466,0.9837841675297623,121.60272216796875,78.06270137904342,1
203.07720226377955,0.27307589317214154,0.14764341488853774,0.9779797014159144,105.6361083984375,68.26653627862217,1
203.57215797244098,0.23727243547660887,0.04163091598768113,0.9774094539473626,126.1192626953125,67.45019907688241,1
431.6467765748032,0.182277286802684,0.06986793090128425,0.9539476661865719,130.46142578125,69.14551784466012,1
364.88232037401576,0.14941509546906595,0.02285523223304471,0.954162716329126,139.02099609375,64.00613792423776,1
237.60937500000006,0.20842048666409,0.0826873715783944,0.9749720225776702,127.00006103515625,69.52460247363784,1
103.18467027559056,0.21914180823051613,0.02483747367479815,0.9763851689847245,134.927734375,47.26390391849729,1
105.91301673228351,0.22339275079692883,0.032007938898528446,0.9635635973822244,164.20526123046875,39.35174219056553,1
117.81846702755904,0.277070631311004,0.040292791481329936,0.9832925093093895,133.37823486328125,59.91062836446399,1
117.04835137795276,0.29234864415228895,0.040722124238800526,0.9828033704322383,155.94793701171875,59.00854047108166,1
181.85057824803152,0.19788975427303976,0.02462420915624583,0.975995510779092,149.9095458984375,62.12655714919153,1
181.85057824803152,0.19788975427303976,0.02462420915624583,0.975995510779092,149.9095458984375,62.12655714919153,1
207.58544537401576,0.23481294346542306,0.03384025973597474,0.9721746821728471,169.0384521484375,61.54395529653303,1
121.09971702755905,0.24830973595779315,0.02812911420383815,0.9782481180609438,132.4857177734375,53.261896605381786,1
341.2667937992127,0.230984418467618,0.11726692688791739,0.9661352787489423,120.71722412109375,71.34720398730573,1
197.45066437007878,0.2114847708160959,0.039690697629793256,0.9764771387755656,121.296875,65.34115885883587,1
232.867064468504,0.26428593123214655,0.13819569957019834,0.9740915746236584,101.10791015625,67.363353265783,1
257.3014271653543,0.2799065578280783,0.04605884570565006,0.9801195438043905,129.7451171875,80.77246749034262,1
186.6068528543307,0.16871387904193225,0.026983825200749108,0.9721331806953146,144.9217529296875,58.61005694295925,1
196.22594734251973,0.2027636808795255,0.05862747707942134,0.9760672863854322,111.99853515625,64.414247727923,1
148.06305364173227,0.272198193259451,0.03479546268130745,0.9712195692843807,143.7708740234375,51.243943681006606,1
334.83667568897636,0.2249539972113581,0.10271544018637664,0.963999181496816,133.70379638671875,68.72756359920494,1
150.97194881889763,0.19307093287607713,0.02120844071829384,0.9669570319557029,122.7374267578125,47.98284377257589,1
169.10439222440942,0.3052751276729795,0.07222505530679481,0.9850144112824307,114.76458740234375,75.3709766387771,1
241.66879921259846,0.29567310273863584,0.18572455017578673,0.9771448609061028,105.224609375,73.02113409991684,1
377.9173228346457,0.26271881002051356,0.09041830445830834,0.9719228769643897,135.7655029296875,82.55040817012174,1
361.28770915354323,0.25695426378531894,0.11660841048870768,0.9725733295563894,140.56085205078125,81.76336815605892,1
262.20146407480314,0.21655973898556136,0.027406042451015376,0.9701996648230433,168.05987548828125,66.89327120717746,1
329.7529527559055,0.21058501610908067,0.09481595478808753,0.967923130676315,140.1773681640625,72.34497019426698,1
192.9554625984252,0.3376478321105541,0.07816804916294728,0.9837615726550211,147.13873291015625,77.71719331947715,1
272.8956077755906,0.1880960833818784,0.024477354999151192,0.9685257077440927,160.849853515625,66.2854124103942,1
178.2248400590551,0.19252305642779513,0.025892686447487285,0.9681277302508745,141.9410400390625,53.63312206567942,1
111.8269562007874,0.22572446291081102,0.026696523505941105,0.9827717069703023,129.49566650390625,57.34988881284611,1
119.07332677165356,0.21320816280116728,0.022037109860744353,0.9729826376027545,120.53619384765625,47.331268038644566,1
159.16996801181102,0.18259477806892985,0.023223315174781475,0.9614768952470778,156.60302734375,46.5697457199535,1
426.45263287401576,0.20670244349311342,0.07975396333217627,0.9599034200800443,141.2669677734375,73.66396526126348,1
200.13410433070868,0.22661342879659802,0.09156893400609616,0.9700487884893894,87.47064208984375,58.04315047293736,1
224.64400836614175,0.21537606122986383,0.09327852576324099,0.9755438056090484,106.02459716796875,68.08089306799933,1
193.19149852362204,0.26663662251484976,0.03733243214763403,0.9772642316131246,140.115234375,65.5255219043962,1
165.2192421259843,0.19744008634424323,0.0201960519772569,0.954224266344688,89.895263671875,42.84396530795654,1
123.5588090551181,0.20529932151215619,0.020540733732780446,0.9744169620168271,129.01751708984375,49.33964936340658,1
249.61564960629926,0.14015395424305752,0.01724011077801276,0.9634590651222634,125.2818603515625,58.807618214102625,1
117.36829478346455,0.23386748873606888,0.025939776642213606,0.9810173850570815,138.8189697265625,56.070538952213234,1
240.69235974409446,0.24150316910369388,0.12639790307627163,0.9742976166857554,108.18585205078125,68.81675163219074,1
408.77202263779526,0.19644102786385972,0.09516384820347555,0.9637588472087263,120.26544189453125,75.52463259744819,1
210.07209645669292,0.20316119142366743,0.023172583007383563,0.9646656384505259,132.5789794921875,54.89058041143195,1
100.95177165354332,0.235415642494721,0.029351747810224916,0.9734453147536966,147.1783447265625,44.2281039112054,1
288.8424581692913,0.26644911289265505,0.1572335961360979,0.9740469029690698,116.820068359375,75.01044912624059,1
192.72902312992127,0.17650243072230484,0.05563040891041048,0.9771462830889194,111.6085205078125,65.32168140204298,1
320.08532234251965,0.26038715817911356,0.13731241661896185,0.9712845656443746,126.7998046875,75.0919485840483,1
346.81834399606305,0.17804110252496141,0.0471574283773164,0.9559848702383313,137.9581298828125,63.60548363664173,1
228.53949311023626,0.22953734475512105,0.09623781454670957,0.9762753185631327,115.03076171875,69.825727582515,1
198.15575787401576,0.22006691428735922,0.0983834245603667,0.9792903330419073,123.9835205078125,69.64965583208506,1
122.52442175196853,0.21447566899598036,0.03180860900874649,0.9676602118034795,163.43634033203125,44.36585898571585,1
143.24360236220474,0.227575173174354,0.030843415743435965,0.9665273301616416,158.68414306640625,46.81123165132389,1
254.71173720472444,0.16223704466103744,0.02291649456577094,0.9594539499587987,158.63702392578125,56.94706671164855,1
94.3056102362205,0.2351260830752186,0.0307208500099561,0.9815661773975213,131.4312744140625,51.249300094657634,1
496.57246555118127,0.2032726243807304,0.03599349446493995,0.9587991670067885,117.1517333984375,77.82622274466596,1
188.8362450787402,0.25458563019643754,0.1351118661740642,0.98223075873833,127.87762451171875,73.41904922686336,1
163.5837844488189,0.27256096582859235,0.06846159704518025,0.9866746155135341,143.8248291015625,78.82055497422867,1
228.8243110236221,0.2823449359594497,0.14945846949697816,0.9809666771056181,119.68719482421875,77.94494010881358,1
176.46530511811028,0.24977136998658514,0.03879705617121023,0.9689504371033332,152.25628662109375,53.793715673640186,1
207.3292937992126,0.2609326696605656,0.03511940466369935,0.955415941468842,152.01971435546875,48.87981428611375,1
143.3745078740157,0.2452671774800931,0.03455567409717712,0.9777594818483748,152.23760986328125,57.16520547366064,1
146.84578001968504,0.1986964819649065,0.017883792841519225,0.9756792855227622,141.53546142578125,55.459559866385696,1
181.98966535433078,0.209111260451762,0.02888221692491284,0.9767641451535565,140.092041015625,63.06377619755411,1
209.81945127952758,0.19577462642489635,0.02676758657982008,0.9702161240131358,162.58544921875,60.006550937895646,1
166.17882627952758,0.2405567743726336,0.030720449673093266,0.9700604877933112,144.4254150390625,53.180280783689355,1
203.747969980315,0.21963682630661197,0.03782110558109006,0.9731613485023819,151.952880859375,62.29387867842403,1
173.34565698818903,0.23587480017327858,0.059222399462376486,0.9778978981149461,122.56805419921875,63.019825613720805,1
145.52399114173227,0.22289275801308273,0.02705654635998113,0.9761274673417084,137.0301513671875,55.685844480131294,1
101.3409817913386,0.20333332011741745,0.02027086246987932,0.9723114804445611,153.10552978515625,43.21415612659787,1
121.51488681102364,0.22370807586912272,0.0285762334905587,0.9789303586586195,134.73895263671875,54.09914677618163,1
375.6929133858267,0.20158274848329072,0.08254298280283309,0.9629516925157898,126.77606201171875,71.7591259285082,1
190.1392101377953,0.2659551244637882,0.13386381560963215,0.9782022839879608,107.78875732421875,66.45846930711849,1
180.1399483267717,0.2610145848412023,0.12817690720550248,0.9834431261622978,120.1875,74.15610431796689,1
209.0835999015748,0.15489233995407428,0.02688868053338617,0.9741883057577042,128.15960693359375,64.34195982925696,1
155.33261564960628,0.23045880074901776,0.027449399347110933,0.9679542826022961,152.02679443359375,49.36774894667808,1
459.5778789370079,0.21153539157195295,0.028239815698362945,0.9505487776993606,184.0162353515625,68.6754610489114,1
246.8976377952756,0.1831171830741242,0.04626327811207885,0.9721938839843156,133.40325927734375,67.3937879041423,1
108.76722440944884,0.20106752463638183,0.025943897525774497,0.9629232081510776,133.06402587890625,38.88673883008415,1
268.84491879921256,0.16137546616984363,0.039481322749691614,0.9668660405289715,124.68035888671875,64.37571157804622,1
226.61534202755908,0.1780320244433462,0.01727431868589857,0.9579318605101926,90.0499267578125,52.13928299792398,1
137.87752214566927,0.1980918780283543,0.026800788408523075,0.9663687183456864,152.7152099609375,46.045824641320905,1
242.5767101377953,0.24785676234410536,0.07717402509241686,0.9763032125440675,114.204833984375,71.9130141393695,1
157.93177903543307,0.23442483089608857,0.024672608427877458,0.9789182422399644,128.54022216796875,61.5917371353421,1
103.59596456692914,0.21992128089514115,0.027035453916517876,0.981735033287475,153.41845703125,53.81600975925575,1
137.86281988188978,0.22276423082485194,0.023976586476598467,0.9757233747077212,138.62103271484375,53.82058863704658,1
462.61312746063,0.19032746102591028,0.06575283896479496,0.9527131071397771,132.47576904296875,70.63871737477196,1
239.57917076771653,0.21917926887743885,0.09566123090130271,0.9755870638354741,115.13818359375,70.50156228891123,1
438.8532234251968,0.21958308484208663,0.09041130443964546,0.9589619614126994,136.412109375,73.82403817950264,1
152.5847071850394,0.22645207161029168,0.02507130894156522,0.9722497403507342,134.55072021484375,52.9024023604475,1
161.91166338582678,0.22688149382622153,0.024194034996132107,0.9755587363657527,128.2884521484375,57.837950888116595,1
161.91166338582678,0.22688149382622153,0.024194034996132107,0.9755587363657527,128.2884521484375,57.837950888116595,1
167.61534202755905,0.21826226358506068,0.023533854214897013,0.9717174030583343,133.71417236328125,54.79855157047715,1
178.7654404527559,0.20859190245923215,0.022835852088514918,0.9702414209937802,139.10870361328125,55.204828443052,1
151.5217150590551,0.2206408718753055,0.030297676867934276,0.9671962048659827,160.93853759765625,48.8378134809059,1
460.4844365157481,0.16753882888707314,0.029980392612548794,0.9361768710608405,122.38323974609375,60.72635627579918,1
386.4576156496064,0.22734784931038804,0.09091440684872572,0.964374209780025,137.4376220703125,74.14547791421066,1
171.25467519685043,0.25147811646106066,0.036283889516042396,0.969057151930607,139.342041015625,53.65286076160867,1
251.86866387795277,0.22045083809430688,0.09505506861277317,0.973657640514943,113.4127197265625,69.58741025039654,1
479.99557086614175,0.1762050026883288,0.07650719295522905,0.9419454116014369,118.58636474609375,64.83744970987549,1
403.1873154527559,0.2344087931367259,0.12861254134932773,0.9588102990078036,115.97979736328125,70.41597867870084,1
171.14782234251967,0.1938252832889552,0.020700254873438694,0.9708772317523924,131.9306640625,54.7554038442322,1
178.88865649606302,0.19742750993647334,0.03043491245305009,0.9717235697891334,152.6417236328125,56.922944527059144,1
146.13379675196853,0.2524971915401357,0.04664118985441471,0.974212537646913,172.6495361328125,54.271628368613754,1
140.20035679133858,0.24879350643954481,0.042079694449414166,0.9738331736525929,170.35528564453125,52.532974718316886,1
293.2325910433071,0.17215627786574936,0.035913634453183275,0.9492420246196438,142.59185791015625,54.63449984984846,1
277.8113312007874,0.2011527889657077,0.09712627540404649,0.9658096868535844,112.50860595703125,64.26080530006222,1
491.87469242125985,0.20931922852634766,0.06426424802896674,0.9559731004962454,140.3114013671875,74.95265564196016,1
212.60100885826773,0.250971206504258,0.09347893277427721,0.9791245903779062,123.30548095703125,71.89038900633761,1
283.1827017716536,0.2976598203245925,0.19758347385464708,0.967773420804512,88.52972412109375,66.48380835005337,1
262.785187007874,0.19990282483615288,0.03993696454038059,0.9703138304486321,147.59027099609375,67.52894818768291,1
171.17833415354326,0.25234491533689685,0.030976951096276784,0.9744947587415529,135.26666259765625,58.42848461494492,1
137.24144931102362,0.26755281932875447,0.04522315478755693,0.9732600182580888,158.172119140625,51.423563184471845,1
313.46770423228355,0.19723131428948762,0.028550564757028492,0.9713151979364272,145.234375,74.52509228362493,1
163.0329109251969,0.20418794212920618,0.02107401500528698,0.967885851582026,122.1002197265625,50.719407920395426,1
322.9151697834646,0.1982577749485824,0.027311710517831798,0.9619772997824524,141.11572265625,65.64595581978675,1
263.8831200787401,0.2194292483800835,0.035624443685607306,0.9490996387858289,160.3468017578125,51.99058299107364,1
375.7492002952756,0.22454285323367615,0.11121262108038099,0.965227463129543,135.41400146484375,74.14146009641645,1
397.33870570866145,0.1782237751290025,0.022520687672659224,0.9570861875738269,132.7225341796875,68.65865497767604,1
323.3576525590551,0.2441108754071174,0.120382633240066,0.9723053592843515,136.76287841796875,76.62033202553349,1
234.8088090551182,0.20297263034397536,0.04236235883508479,0.9702824062052318,149.863525390625,63.35223104510159,1
109.70226377952758,0.2081303463955486,0.022908773465085047,0.9833834828247592,117.64837646484375,57.75850587598543,1
152.40077509842524,0.2282423933436888,0.034754437788796555,0.9755047704886446,130.11279296875,56.33580237565362,1
326.4380536417324,0.24030171193049163,0.03992644546073208,0.9584735225405592,144.3997802734375,63.11424598952855,1
197.58562992125988,0.1728241757486906,0.021252244251787778,0.97288129195728,128.81268310546875,60.65589988772417,1
186.44918799212599,0.1755944724547164,0.04963903501979568,0.972241170809773,131.3372802734375,58.471945369873424,1
116.71222933070865,0.29004099272069755,0.038411597556964695,0.9850963315800735,133.1502685546875,62.851133776708615,1
510.3590674212598,0.12441714105719505,0.01488770068760875,0.9252209703840258,143.488525390625,58.85048019110774,1
76.30665600393701,0.2267723699804274,0.03633425457326974,0.9253066398433151,147.41009521484375,23.256931471403178,1
163.92839566929132,0.26658096824675204,0.024453883268763556,0.9686105843343698,125.86114501953125,51.36314747950548,1
207.34430364173232,0.19823701394014792,0.0662501187633976,0.9755143838642253,108.774169921875,65.4826359587329,1
367.9447588582678,0.2018804109124161,0.08251064424584498,0.9640328780752524,132.51446533203125,72.13388353634801,1
144.7469857283465,0.21187621807988666,0.026458744903502987,0.9674529212407508,150.918701171875,47.675830832599765,1
368.6729207677166,0.17937712371050107,0.07438537312418686,0.9479763922240155,127.3673095703125,59.89380532000623,1
202.54004675196856,0.15760173803036093,0.016606118926579906,0.9495122813591632,118.7283935546875,45.45307085182188,1
361.95343257874015,0.16068022769422108,0.06587062810629313,0.9468216450199641,120.20330810546875,58.95715006049442,1
131.02436023622047,0.26158820400531596,0.03709690340978422,0.9566725670399062,171.13507080078125,40.242080639780795,1
299.81311515748035,0.27137881561689337,0.0681134074968041,0.9712019504100229,122.7352294921875,72.39891737051006,1
89.83347687007873,0.28992285163144765,0.03492063228262492,0.9835583715237078,147.8729248046875,52.94525626048557,1
146.91566190944886,0.22573301251679775,0.02079650839621637,0.9655968501090293,103.81024169921875,46.46202130682856,1
394.45140255905517,0.30301614829898854,0.2060701902477718,0.9690166358116211,106.88201904296875,80.01786869489993,1
845.9891732283465,0.2008014080739604,0.023756391118320414,0.9226258360844712,155.7884521484375,74.64966385012184,1
139.53131151574806,0.22784225655260784,0.027234807872219467,0.9696110758486095,139.81854248046875,48.30674989456067,1
171.5012303149606,0.22155264142169565,0.026337542049685674,0.9782735027486531,142.3912353515625,63.41617954022311,1
171.06170029527564,0.2118371715690384,0.05189623603558631,0.9804408523857687,150.68798828125,66.73705243147954,1
180.14634596456693,0.220268264922792,0.021700241425702354,0.9604079379570504,121.63037109375,48.041105806672626,1
413.53690944881885,0.19047635243327515,0.05273372691891135,0.9597174318246183,141.80877685546875,72.39807283898405,1
470.1165108267717,0.23220809938839446,0.10385593719553893,0.9579275416356429,131.20318603515625,75.35176645647333,1
133.11005167322836,0.1683989825185648,0.021686896903052304,0.9677679078850928,161.48297119140625,45.801730733070315,1
208.58612204724412,0.20888709025624908,0.08261709244259283,0.9785308330335649,124.699462890625,70.29248246101304,1
322.4714566929135,0.17895871767927127,0.04221092114968565,0.9560696992042125,154.9718017578125,61.518242822567075,1
234.31114665354337,0.20729883961969808,0.030540756824114845,0.9657692837393403,162.02996826171875,59.30410667240409,1
214.54047736220474,0.18792017928210025,0.06415296245347324,0.9621131838124625,110.457763671875,53.84775969253583,1
332.8011811023622,0.18912511921893463,0.04238035480663893,0.9589762570628457,137.6639404296875,64.57621752339838,1
134.35174704724412,0.2258727074652642,0.020806604871033144,0.9745402377583541,115.02374267578125,51.57813077719025,1
459.0436146653544,0.2823738360097553,0.10591847163152311,0.9669547954807207,121.8433837890625,83.68427929572725,1
128.19192913385828,0.22704092393727365,0.024694301602369365,0.9736255132890008,142.1744384765625,49.58450745758845,1
283.3148991141732,0.16279808464557816,0.03293425841488719,0.963202763188181,144.98651123046875,62.56232245218915,1
45.550935039370074,0.3693054748124523,0.05182640620623373,0.969717945093422,167.12384033203125,28.09942383955819,1
193.96333661417327,0.17739736888169932,0.0421369627715818,0.9750280474336952,141.66845703125,63.187252264923835,1
262.1568036417323,0.2183722437980223,0.02534516007537664,0.9435154507602357,144.5789794921875,48.44472211817301,1
212.14320866141733,0.21129192128946298,0.07447861527766912,0.9759062603712326,107.022216796875,66.7184288602332,1
296.42261318897647,0.2093791793654991,0.05528484652161344,0.9729223707932607,134.12835693359375,74.61596709480949,1
316.673966535433,0.2274668025660367,0.1329193260476066,0.9660108888900772,93.0927734375,68.485809408628,1
267.7189960629921,0.19451560862931006,0.07379756909724339,0.9736381382787382,135.78082275390625,71.98567054338585,1
190.36737204724412,0.16801612247309303,0.025453622844126122,0.9495278793180801,161.3990478515625,44.49961117359595,1
97.68380905511809,0.21140121365814196,0.020201859693551146,0.9764183758514545,119.4161376953125,45.932335735702466,1
382.67648868110246,0.237234544928912,0.044306544032551666,0.9681243757908903,129.56011962890625,77.81571309182738,1
293.8585752952756,0.21534488375126867,0.12038402421577536,0.9634489006261117,101.7164306640625,63.7872270560653,1
276.46653543307093,0.23707777376689976,0.13144901327283148,0.9553262646228059,77.44879150390625,55.82955007762122,1
298.2416338582676,0.19868472062504783,0.09798359966409739,0.9583835711713289,104.08966064453125,60.320821604768376,1
236.7132135826772,0.19600596198610798,0.022286791304365037,0.9750527956440843,144.418701171875,69.40950969433769,1
79.7554749015748,0.2748231764720664,0.03379642389785132,0.967209859876939,146.20452880859375,35.81005904227172,1
345.08753690944894,0.19329055571329573,0.035150827261907665,0.9442706987517527,107.86712646484375,55.99067922915049,1
262.6739050196851,0.1578095066895658,0.0164974065756827,0.9454771246743076,112.76971435546875,49.35902390135546,1
220.22680856299215,0.1986691279118379,0.020336747175068712,0.9559939957954058,120.981689453125,50.19302615587957,1
285.95103346456693,0.28166949169419286,0.18086414543883159,0.9759025719191196,110.3734130859375,77.34196867374992,1
232.6009473425197,0.16427659945279013,0.022283055499752773,0.9649334503427013,144.17578125,57.894998016133364,1
160.15483513779532,0.2230312386638948,0.020840542224216947,0.9728104479192531,105.12982177734375,54.39517679098519,1
421.8518085629921,0.1564648144416691,0.0304187132411065,0.949755372652731,138.29608154296875,65.06663722344632,1
220.7204724409449,0.15402733261890197,0.0158442762681382,0.9538058377151882,110.0799560546875,48.94801609749757,1
182.5671136811024,0.18243183406139254,0.018070296793793506,0.9627268274801445,109.24884033203125,49.73553132366988,1
497.1042076771655,0.2099422559968309,0.09845295191834645,0.9515096872269356,122.627685546875,72.12285342691442,1
262.98868110236214,0.1954683917609329,0.09115668732187093,0.968947103049442,125.46148681640625,65.59110531781587,1
210.6807332677166,0.18030462367091166,0.018112862568598172,0.9698579210716837,143.635498046875,59.71454577565968,1
295.5832308070866,0.15942180199676428,0.05326226577031726,0.9629392872153428,132.0634765625,63.97963485206944,1
517.1008858267717,0.22400402710861905,0.10511214424894068,0.9550948838783853,126.7938232421875,76.40817815136128,1
176.61060531496065,0.3126397210852492,0.040974290938847094,0.9566297187604322,164.63311767578125,45.75631364815975,1
179.00018454724412,0.160486549773056,0.020790684776830274,0.9640462125981644,150.062744140625,50.430873884078984,1
489.1970964566929,0.20151982248580766,0.08724874201657598,0.9516849325366457,125.05224609375,71.72415185834416,1
191.8338459645669,0.21724892027564774,0.022514931854714496,0.9653133976037203,142.754638671875,52.89032822079133,1
413.1448695866143,0.18879839213193467,0.05146910920102463,0.95620764712841,138.19781494140625,69.40007723571478,1
187.6294291338583,0.165967403323833,0.02451605159012489,0.9732103599951624,145.36248779296875,59.68749293653711,1
287.6614173228347,0.14094978175701817,0.018624140352603066,0.9585129453718771,167.11962890625,59.77893005870757,1
334.05702509842524,0.1256997105966496,0.018563797586451006,0.9480662818645004,154.95562744140625,57.8312832351732,1
239.42814960629923,0.20252968720378778,0.05037245865917947,0.960575975982537,141.55322265625,55.67001535594969,1
279.80228838582684,0.19460068966264701,0.03489827476789158,0.9633947354498392,145.7156982421875,62.546580163016344,1
345.73597440944883,0.17938264055854905,0.031843120572163514,0.9522103826970879,141.30181884765625,61.024469442308394,1
181.32252706692913,0.20773151570890228,0.05055722565734491,0.9753268324755533,132.34503173828125,61.45054289542565,1
213.1223548228347,0.1622347406377641,0.018696183271426196,0.9639231172162325,121.51483154296875,54.67100219675151,1
198.58710629921262,0.29656938859109483,0.13955050480756478,0.9771664068373852,111.802490234375,66.41662825997517,1
189.99163385826776,0.21569614885100633,0.056957636730287996,0.9634143315801782,112.25775146484375,51.44928534131052,1
382.5633612204724,0.22638112789105694,0.029688758076188215,0.9397837343156119,170.16192626953125,57.03410492084115,1
227.02503690944883,0.2503057980278521,0.07467541813892217,0.9768470034776567,118.3218994140625,70.46508457003752,1
277.0059670275591,0.261016815831564,0.06726088118584254,0.973188080193547,154.9420166015625,72.55929136852198,1
231.9742249015748,0.21617126205054807,0.02989250790454485,0.9584817785792876,174.4552001953125,53.703512053167316,1
291.4697342519684,0.369168039430044,0.26176562363644384,0.9686191660098794,83.7449951171875,68.27566061111926,1
301.4490649606299,0.2206965703405453,0.043847051254577635,0.9670884524924597,163.5396728515625,68.74409874026806,1
160.2767593503937,0.22954901701558963,0.028910569132749964,0.9605940722549923,159.24530029296875,46.04975332593597,1
186.11011318897636,0.17660975917908336,0.02706486687965151,0.9767072666388374,144.38836669921875,64.18389214329719,1
137.07388041338584,0.169051425637988,0.04286784830126907,0.979219897456748,117.05010986328125,58.01688000458527,1
336.2156126968504,0.24919306985303802,0.09626670146992351,0.9653848919011522,120.91583251953125,70.2011248693714,1
382.5712352362205,0.24102512358139627,0.06609568700600145,0.9572429523851622,145.38604736328125,67.84429304503777,1
143.04195374015745,0.18802419519480223,0.023362179603392163,0.9787126086236354,124.5244140625,58.20357499531109,1
144.49717027559058,0.27049779539285845,0.0522459589337343,0.9853480258598935,139.01458740234375,70.66390638526617,1
144.49717027559058,0.27049779539285845,0.0522459589337343,0.9853480258598935,139.01458740234375,70.66390638526617,1
195.4739788385827,0.2227990033949577,0.10557051404292014,0.9775104298241234,109.96075439453125,66.275271457423,1
198.78278789370086,0.22752617316191026,0.12664142926922933,0.9797740204617766,111.3388671875,70.50964056207702,1
237.09756397637793,0.21108020418933973,0.032427552643934654,0.9725712987333549,87.55694580078125,65.7589902906878,1
206.15508120078738,0.22663115104789167,0.04190100822644829,0.9732398153473587,158.8082275390625,63.113602898140456,1
238.75258366141736,0.20554805559812203,0.03982939231392969,0.969826845694205,162.94012451171875,63.92400533745468,1
124.98714320866142,0.2627455896205786,0.03734707646087772,0.9721498911752546,169.1871337890625,48.12326133717707,1
256.52805118110234,0.20809174486413204,0.027173149943176895,0.9717397480893629,157.3385009765625,68.22901976279589,1
251.5173474409449,0.2562369941582826,0.12355889359702395,0.9742179809411792,122.38397216796875,70.27876509782315,1
305.95620078740154,0.24982391048796262,0.08166623908224901,0.9696006905842024,142.76385498046875,71.77662737946912,1
215.2414493110236,0.2312132026571341,0.10788589027183428,0.9627453760192375,92.816162109375,54.08446552974137,1
171.19285187007875,0.2145265071576531,0.0766994568917432,0.9825566208468515,121.86480712890625,70.60089966102557,1
210.10906742125988,0.20785421527769976,0.029124994547131827,0.9670899013051463,132.069580078125,57.03526777302665,1
229.99040354330717,0.22361832789843178,0.07628211961004289,0.9663480694472758,109.74365234375,59.029690446744766,1
251.85285433070865,0.20814876984089828,0.07127135030329156,0.9703161228534235,126.96282958984375,65.84052794309484,1
101.41363188976378,0.18032902047650556,0.023421267784036994,0.9799321991543101,109.41290283203125,50.66979819616002,1
239.95466289370086,0.16615645538509732,0.03443816184285403,0.9721701837617879,138.742431640625,66.53227795666363,1
296.7836491141733,0.28744176704511104,0.08665596370904963,0.9633441652120831,108.41552734375,64.00008348928907,1
295.85882135826773,0.17321720298610285,0.04529031933830779,0.9599550809909759,113.45184326171875,61.35925762554698,1
182.85236220472447,0.21400242795497387,0.025382831871378787,0.9751637191281698,124.3935546875,61.02775785628831,1
86.6460999015748,0.29053684366380117,0.0314224163092075,0.986028587516383,176.283447265625,56.106734695180954,1
315.24163385826773,0.24675012417240366,0.08694731446805096,0.9661319158215278,144.457763671875,69.09194294814989,1
206.64068651574806,0.2233045279756719,0.02788431572355521,0.954992138159367,71.33001708984375,47.93684721228551,1
187.17901082677164,0.19450220217573622,0.02871586482009287,0.9706360969090122,156.188232421875,57.67706448644994,1
376.6548966535433,0.19239750799820085,0.052713773784885204,0.960800974382397,135.1597900390625,70.0495716241116,1
381.9739173228347,0.13314005853276764,0.016528286728782173,0.9451050432223705,143.276123046875,60.038391454516805,1
287.91633858267716,0.1977621714626352,0.02645953151377514,0.9625992179073958,164.09454345703125,62.378751801240995,1
299.27866633858275,0.14849065019550428,0.015407576679113943,0.932286298471863,113.906982421875,47.2175208732697,1
184.50289124015754,0.20913658036360402,0.029947019855702514,0.9444576449060414,187.45440673828125,40.97184563967888,1
346.1860236220473,0.21697922214616208,0.08988160232606977,0.9639548971937729,139.02197265625,69.91096811312855,1
256.62912155511816,0.23957336556125372,0.06819161485348095,0.9712472977040213,121.40203857421875,67.37729043129997,1
292.1424704724409,0.2021639633821591,0.045465132033638146,0.9579463561248336,126.57354736328125,59.694095970330615,1
379.47213336614175,0.17412521548021895,0.0307981404734316,0.9508520599028402,141.52008056640625,63.06852429641194,1
189.59331938976376,0.24398194717137117,0.083438816385624,0.9795688528573803,133.6435546875,68.83163315733823,1
184.02177657480317,0.21792096713699716,0.02517306038260136,0.9730293116528297,126.30413818359375,58.729655656904384,1
213.64566929133858,0.19358695228802217,0.02705140593696567,0.9697711891817998,167.68914794921875,60.01570525579268,1
280.48455954724415,0.23242091870965026,0.030535676249834973,0.9638058137483088,135.4271240234375,62.726273501095434,1
214.12942913385828,0.17041794020993245,0.0247174302098753,0.9406345513200451,77.5772705078125,42.751629126157255,1
172.93639271653544,0.15178760149254156,0.01902040667378369,0.9239243873492085,77.71630859375,33.777064707293725,1
313.88951771653547,0.15785517523126041,0.01687612541900538,0.9438626589741809,134.893798828125,53.142745892902965,1
102.75209153543307,0.22532301919058637,0.03306286904298376,0.8720658292048028,221.501708984375,20.161451533526733,1
190.3420275590551,0.22277399909423276,0.044313248148918294,0.9667325594904821,156.68011474609375,54.46094841653274,1
178.60457677165354,0.23265521796164015,0.09675295921217707,0.9829832837614655,133.45050048828125,73.11676630323643,1
252.92679625984258,0.23411879500276206,0.0746483653828215,0.971905285691012,127.52294921875,67.68932206756226,1
298.9579847440945,0.22163816799631791,0.06666427016087302,0.9683062437736584,139.76544189453125,69.3377009428921,1
213.43848425196853,0.17297755102034099,0.022917196355023095,0.9586298258408249,143.363525390625,51.63044697045045,1
470.4082185039372,0.17219293334868885,0.022027620350885426,0.93020205769565,131.65423583984375,58.47317293847844,1
220.67581200787407,0.2121718315399008,0.030686216972712982,0.950129899245174,161.17388916015625,48.0391657876331,1
209.08396899606296,0.18612748252981304,0.027139636765518782,0.95514049403402,151.88818359375,49.25884970677902,1
213.73658956692918,0.21839938741512022,0.03322357290356925,0.933515775884861,169.47576904296875,41.20335192354769,1
381.15065206692924,0.23374533234877862,0.033483106982094814,0.9424958137983371,176.86199951171875,58.344823832729716,1
283.6650467519685,0.22630862804849758,0.03833211078223774,0.9463049616328376,180.58935546875,52.13320012850992,1
319.88398129921256,0.2308554531035847,0.05759194875500826,0.970705230694028,162.181884765625,74.82527498332679,1
259.4703494094489,0.28067711503184173,0.12123271351168263,0.9758854171782879,104.47686767578125,73.5600395659917,1
338.00104576771656,0.19893425679600302,0.029858371554596877,0.9680673000913537,152.6392822265625,73.4209772627631,1
206.44457431102364,0.29462595513040096,0.14150811036161157,0.9818967400762502,135.40606689453125,75.9792947921904,1
132.7748523622047,0.193374798964493,0.02190681938795264,0.9686252504957145,131.07977294921875,46.17071351169393,1
229.1505905511811,0.16317402698632485,0.02007700052833762,0.9506101787981146,135.73199462890625,49.12024877405418,1
280.5957800196851,0.1768705605725064,0.053183770734378556,0.9660800391266208,138.3623046875,64.87645511796086,1
396.99034202755917,0.1546903371687412,0.05108780099832828,0.9540057246489236,124.6546630859375,66.33976271015162,1
204.7704232283465,0.26437394373066386,0.04545108433951045,0.9757617579793072,156.144775390625,66.03751698437237,1
301.06649852362204,0.20032661821599457,0.04567706880573403,0.962881128008678,149.22882080078125,64.65174753177384,1
355.69156003937013,0.22297692364215013,0.09848859532349864,0.9662877780734282,140.5404052734375,73.3836202162764,1
208.08021653543307,0.234730193097089,0.09036488552108252,0.9760584080609789,126.9600830078125,66.50973916430621,1
375.47496309055117,0.31262251409725855,0.1820061219378816,0.9661660660188227,115.17572021484375,74.88578261809155,1
170.57111220472441,0.19226760852529096,0.016824866349415463,0.9698437596622874,115.33685302734375,53.41453951409497,1
423.572281003937,0.1533629678411558,0.01585072353468145,0.9201247144320134,123.9676513671875,51.697389173109656,1
262.7391117125984,0.3012831440051539,0.16365583521363547,0.9732822174061376,108.5068359375,70.3641074645702,1
728.5374630905515,0.19784328965386133,0.029062203539561685,0.9185249807718282,103.79168701171875,67.03428115768692,1
177.80985482283464,0.179136846397922,0.01713227387771462,0.9690810578625153,111.88775634765625,53.90337548038077,1
277.37352362204723,0.15922850234914754,0.017015805223823486,0.9555193173174528,115.11700439453125,55.88209475817369,1
329.2610113188976,0.15911364973509634,0.016275827732541145,0.9405558266083242,117.0169677734375,52.78926615586119,1
133.14819143700788,0.242007660544606,0.035848747498601945,0.874432546752669,201.759521484375,23.167821568208247,1
183.72293307086613,0.1842856174349392,0.027572268224609196,0.9590543077842464,179.2427978515625,47.80101102144207,1
195.03020423228344,0.27543312331551867,0.12778607422748262,0.9780304138855505,122.09991455078125,67.06969570546707,1
178.90071358267716,0.2071004145760459,0.09228406888041145,0.9771770531787378,115.11700439453125,63.09547320664834,1
309.64486958661416,0.19441783012228223,0.04635843260718037,0.9526330586983157,121.722900390625,57.79987085863804,1
139.0783095472441,0.32460803121453335,0.17273333415922298,0.9865872270385614,114.80841064453125,72.39300749548624,1
237.14868356299212,0.253701175259577,0.14592022338171923,0.9775602139125765,120.0191650390625,73.1740762393522,1
382.1056225393702,0.15904906885771244,0.01742557757395383,0.9397625602867873,137.68499755859375,56.635190079980326,1
218.38281249999997,0.19094332313822968,0.02210372196061854,0.9718830621381669,151.34967041015625,62.85373711386205,1
245.9267962598426,0.18475130904821344,0.025498667131081725,0.9529528183622795,172.1279296875,52.09408852067328,1
285.84959399606305,0.16694235289108056,0.023046988089196606,0.9630476143857173,144.56549072265625,62.67362978274781,1
187.8369832677165,0.19778696451780142,0.06441038116020582,0.9735496877516896,139.7740478515625,60.29192974442188,1
261.00190698818903,0.16793165752438996,0.046174750640742224,0.9547002832212002,137.6143798828125,54.53699359308409,1
396.6028543307087,0.24927296524911502,0.10562571900925337,0.9620628459501437,142.71295166015625,73.08396493682667,1
136.1888533464567,0.1909491423130209,0.046115890926327306,0.9777136366611865,122.73956298828125,56.020983288041464,1
324.89831446850394,0.1818387936902587,0.025965403021489395,0.9652044453802816,159.29833984375,69.3743277147728,1
234.74028051181102,0.3144020478251617,0.20898920908416196,0.975315543671728,92.97821044921875,69.1707663913354,1
487.8958538385828,0.17886235373370848,0.02095868709075751,0.9378541914124672,163.7552490234375,63.13802974503142,1
215.73480561023624,0.16146894923090385,0.020871931606583558,0.9403443040435131,82.951416015625,42.81334634139248,1
349.83624507874026,0.20954092863885787,0.05596043339640653,0.9570262761978919,137.4835205078125,64.68662700881767,1
415.9330708661417,0.18701104855332984,0.05636245924760558,0.9561774866112539,142.02081298828125,69.73847189205576,1
234.97527066929132,0.2134601072220448,0.06550257395290386,0.970443194291163,122.904296875,63.71755068830371,1
273.50393700787413,0.20730586577684057,0.03371772930337996,0.952221037993451,182.824951171875,53.85912906545205,1
253.64493110236225,0.3233535044274736,0.1918544082382946,0.975443253979273,104.74578857421875,72.17783950570396,1
256.3078863188976,0.24145232729466232,0.03410220244592145,0.9568317505363344,78.8890380859375,54.58153364814253,1
342.31120816929143,0.19962786779129335,0.08226532517164897,0.9579478694073039,118.80908203125,64.15778965317283,1
171.21413631889763,0.20916968238116004,0.026902187732220376,0.9692966537634368,151.64849853515625,53.452195931906004,1
243.3435654527559,0.23134253901066112,0.039358422663981985,0.9738692333469686,140.59124755859375,68.61090936464834,1
210.9016363188977,0.2693594395120976,0.16564996221659406,0.978264244663043,101.69744873046875,69.95752724683044,1
200.93786909448818,0.29572557111843095,0.18515760900682873,0.9811623820319643,103.59173583984375,73.29511217878934,1
199.96198326771656,0.19519573329159112,0.037778357977279055,0.9716417897583927,128.72247314453125,60.21392683750288,1
241.08249261811022,0.23459193606807857,0.10410858388585409,0.974383418984677,118.4609375,69.11850679056248,1
136.37192421259843,0.2279564602334917,0.030010576049194822,0.9830460926476334,165.67559814453125,63.97196289301577,1
195.62340059055117,0.27587723134767095,0.15969081791248,0.9810423776538153,112.54559326171875,72.22388995099145,1
162.23578986220477,0.2628030144454507,0.12957975833368351,0.9825419810530961,119.57745361328125,68.69956766688912,1
328.02626722440954,0.2757786503138495,0.100074097964264,0.9710847053024743,141.991943359375,76.04784089645423,1
205.93811515748038,0.26066606165097467,0.12765126930249016,0.9830327554041405,124.755126953125,78.37091124628913,1
360.76347194881885,0.16683445776865044,0.018728640981872983,0.9512404554775988,141.53619384765625,61.629313431108145,1
360.1612327755905,0.2907990893670772,0.13460098314122265,0.9692864456506991,129.89422607421875,77.12539398489866,1
198.18454724409452,0.21379094964857867,0.10433457145969902,0.9758028086605506,111.90533447265625,64.46527355856719,1
421.74495570866145,0.18464752193274467,0.0513813024266693,0.9450568835783306,133.303466796875,62.81468491763397,1
228.12887549212596,0.2263762001885391,0.04295766296507334,0.9652665592507506,154.58697509765625,57.703911988442236,1
289.9720718503938,0.19934099129302615,0.09167898128196751,0.9627113009900264,114.95465087890625,62.784835960307205,1
175.13914862204726,0.22588883851152486,0.09179823407676649,0.9798881245063114,123.05389404296875,66.50017962280799,1
161.36146653543307,0.1963994226210266,0.024011401827949842,0.9729027827932178,94.81622314453125,54.77380669977028,1
232.63182824803152,0.20990181789270465,0.03134775160665832,0.9699286298861266,150.07562255859375,62.768326012941536,1
216.9730561023622,0.20091726199415197,0.07643897938633275,0.974917856965976,123.9820556640625,66.350181626194,1
212.21862696850397,0.39050844939889107,0.3110494634280052,0.9814286027838577,84.97283935546875,75.64805018744812,1
537.2872785433073,0.15590529612519902,0.018370254519314025,0.9242718292899383,154.24017333984375,60.21598288327493,1
218.53973917322836,0.18235574056289697,0.022118055427132133,0.967931321457222,123.92822265625,58.90515043208859,1
402.08587598425197,0.21331110649462956,0.10284468162871127,0.9618309361964944,131.36688232421875,73.20336749157288,1
300.7910310039371,0.2475151607111356,0.09114778234913114,0.9659899834326434,145.04376220703125,67.27281085605614,1
229.61940206692913,0.17911428974232585,0.07100068650751709,0.9710247199010801,118.3704833984375,63.34113252994836,1
151.6534817913386,0.19881373192047228,0.022601743079511988,0.9728294129376462,133.37481689453125,53.245674781159856,1
229.50024606299212,0.27524507189916514,0.1577541883445519,0.9762850657319109,95.87628173828125,69.68524652286074,1
406.7777436023622,0.2334845459820468,0.11640600147260176,0.9642558729021985,127.4195556640625,75.97402428856485,1
318.1756889763779,0.1701579219824453,0.024162811067402135,0.9513148230776215,162.39251708984375,57.90594787227409,1
152.57898622047244,0.2544075014415257,0.03302691084186961,0.9763171309174964,142.847412109375,57.13776255085989,1
152.57898622047244,0.2544075014415257,0.03302691084186961,0.9763171309174964,142.847412109375,57.13776255085989,1
152.57898622047244,0.2544075014415257,0.03302691084186961,0.9763171309174964,142.847412109375,57.13776255085989,1
164.39394685039375,0.2297606049914705,0.03344115109009479,0.9609705111785558,161.4268798828125,46.63298749371616,1
250.1465920275591,0.20448111338818017,0.030739198316424424,0.9617603229070895,154.66094970703125,58.02919985336256,1
320.001968503937,0.20570717845492503,0.030262903419630203,0.9701498395058816,152.2763671875,73.8381444132802,1
208.60365403543307,0.24189691496295707,0.13161031563711542,0.9765531063488028,109.54144287109375,67.13660038749354,1
164.30745570866145,0.19874688641852753,0.027047243926595865,0.9723375353230088,149.89385986328125,55.14557174780647,1
284.2033095472442,0.21529538496202477,0.06828102553515181,0.9615039722254984,136.9964599609375,61.515897749644246,1
100.61232775590551,0.23502960505852924,0.028380135514497015,0.9771437790201914,136.0706787109375,47.85363717061975,1
450.84817913385825,0.152513136623094,0.03383670910575503,0.9540633910093697,138.11737060546875,70.53486768677028,1
321.5662524606299,0.14744753162003763,0.018846622201289794,0.9378528970845279,166.862548828125,51.14461968575336,1
272.60322342519686,0.14856076643571722,0.01942851004304238,0.9504378715108025,164.716064453125,53.008383685571694,1
436.2389271653545,0.25517012026767655,0.12491856803909462,0.9611269408800258,117.52685546875,75.32092154337448,1
206.42470472440948,0.28622897922078655,0.166362070297684,0.9796348545614287,106.374755859375,71.52043532024554,1
277.6791338582678,0.19169010073407794,0.026852769043918073,0.9662702443746072,166.98114013671875,64.35994835618675,1
422.6796259842521,0.17309019208949206,0.030293429961963044,0.946047983769699,150.165283203125,63.54660050206474,1
241.0903666338583,0.24333992464612444,0.1316026886912342,0.9757991151000628,119.70916748046875,70.97998675311885,1
388.1593257874016,0.16080046945379362,0.03778221425324548,0.9553715571695737,146.9365234375,66.78913697155923,1
365.142531988189,0.1913941610839489,0.056505203208907104,0.9589129066550155,142.07940673828125,67.44520783786326,1
162.32824803149612,0.24581307654103415,0.03969524994533492,0.9739940320853878,169.49884033203125,56.58942188743058,1
279.0595472440945,0.20010836288342082,0.041374451302288485,0.9718433052872257,156.27435302734375,70.96723366008855,1
123.32326525590551,0.25354395239185895,0.032107419705602415,0.9732678547443625,149.8663330078125,48.94449711841222,1
418.25565944881896,0.2616490615703661,0.14509890065788933,0.9656837808046179,120.96832275390625,78.47671087883764,1
275.65428149606294,0.1905281920471127,0.034122364568272834,0.9683124236720503,154.25732421875,66.42175881450348,1
216.61263533464566,0.19119310556785096,0.02579014263659741,0.9689876059185262,152.84735107421875,59.55724048431256,1
322.6360113188976,0.19736076542985206,0.06940996614417297,0.966852752864482,138.39605712890625,70.39896809311101,1
223.09750246062995,0.23662209509804005,0.09089810973851037,0.9744429366020914,113.26885986328125,66.56364924931351,1
180.6067298228347,0.20665896950093332,0.06244393861208129,0.9768372621906567,110.77130126953125,62.954563803023554,1
338.4699803149606,0.18621320160089266,0.07072901370166415,0.961562807645931,139.61724853515625,67.0278129425325,1
332.082062007874,0.19766115681873198,0.07604074308436769,0.9655741789462065,145.09161376953125,69.99964838767193,1
503.56902066929126,0.22599694314522323,0.10497737651304524,0.9541997443358236,125.55157470703125,74.68197482969808,1
155.8431963582677,0.22667757595402402,0.023992009246378843,0.972069937448717,125.73455810546875,53.14535260023186,1
250.85020915354337,0.19738611343054052,0.05271079452163299,0.9758278177530592,134.85113525390625,72.69913045743972,1
363.8757997047244,0.15976237395965,0.016833129995309833,0.9415655016036795,136.91717529296875,56.77782231097367,1
332.80241141732284,0.1520079004438845,0.01909764298863044,0.9647047813731912,148.18475341796875,69.36764272968894,1
149.9310408464567,0.18152081272857468,0.034127160677790855,0.9795626562775549,127.87933349609375,61.36833795186033,1
401.98419045275597,0.2227291308020013,0.10156026439400054,0.9617267840382281,128.34625244140625,73.01738822882217,1
178.7872785433071,0.21193907886476956,0.023359587792359804,0.9744065081038837,117.09735107421875,59.28324104470371,1
175.63601131889763,0.2646422606038547,0.11797654001603264,0.9835924501708161,129.02569580078125,73.75986517956669,1
211.29287647637798,0.19548807514291094,0.07979907387526994,0.9761183239767586,127.925048828125,67.14843611836501,1
134.7360359251969,0.2179436968174905,0.031790223233082886,0.9125869097160102,193.6385498046875,28.146957023696338,1
376.12075541338584,0.22446917883936196,0.06700191807246306,0.9710027589983405,128.06011962890625,80.98341323460203,1
307.30887057086613,0.2019464036098456,0.08181400225625765,0.9633493895307048,128.69677734375,65.44627056169664,1
297.88361220472444,0.30277833456196257,0.1362627973897598,0.9754103862123666,142.60443115234375,78.51455041176115,1
152.853592519685,0.16322975032626383,0.017023253741903808,0.9697708716913623,127.439453125,50.64367056459884,1
156.9781619094488,0.1591938245513269,0.019366912202013878,0.9698455896531443,134.906005859375,51.60985706957687,1
177.28063484251973,0.1381892552622094,0.01854692151921383,0.9522490719115239,141.80657958984375,43.777158179706326,1
183.11491141732287,0.16607216347495066,0.019662534810742878,0.9701127242848411,130.43280029296875,55.78220084816482,1
126.88767224409452,0.20850394491642246,0.02226245487351997,0.975219697211145,130.05743408203125,51.1319494499171,1
148.42396653543307,0.20458427461216974,0.02725855740640389,0.975520093271204,119.1949462890625,55.577389946705225,1
182.1299212598425,0.15812366857044322,0.018356963009941742,0.9693859708233721,124.780029296875,54.83768174761098,1
168.31920521653544,0.2150997569862307,0.02761628909299845,0.9767620108155735,114.9608154296875,60.46469566284692,1
488.1865157480316,0.10355792871667309,0.02445759693654706,0.9350807068400544,137.5357666015625,62.20167524566682,1
393.3032111220473,0.282462755374978,0.13049718861633322,0.9672384004884866,146.76678466796875,78.217780799301,1
438.1894069881891,0.18365272788181086,0.04866607209042708,0.9553042124906969,150.93524169921875,70.94778985264982,1
180.0095349409449,0.1734447120081889,0.030429907475224522,0.9756402548082512,134.7073974609375,61.61979768517539,1
213.77294537401582,0.24409549112899132,0.07673890470292204,0.9781431610655945,129.235107421875,70.5662843447133,1
202.78364911417324,0.16947656858803337,0.040705277724639714,0.9688547842461838,138.403076171875,57.62746152306081,1
288.48966535433067,0.2126360179986807,0.07601423846487777,0.9717559334828217,138.49859619140625,71.93805656538353,1
224.5830462598425,0.2037741084094925,0.02405867457260324,0.9467011226543135,87.6793212890625,46.19895776278374,1
130.52171505905514,0.21180415086363127,0.02376403587236766,0.9787842615719389,80.649169921875,55.55705637435127,1
148.70823080708655,0.19666582348498274,0.02876300350173906,0.9684692817262653,89.5426025390625,48.81275649604738,1
87.71370570866142,0.22882624961255782,0.026687308274908547,0.9870690633744303,90.0567626953125,58.3705034626291,1
114.83464566929133,0.20712710746932583,0.03309124153356002,0.9761148198090459,93.916748046875,49.29543408919317,1
111.51371801181104,0.19500542548775648,0.023720563374319284,0.9787595434156441,100.27960205078125,51.521894607659085,1
156.56373031496068,0.23913651788643386,0.024113153175235602,0.9766894829318852,105.6705322265625,58.052232851736235,1
448.4407603346458,0.17517597260856338,0.06406821597213008,0.9485220784659494,120.88787841796875,66.46028547523748,1
289.20041830708664,0.23767854218491263,0.03569233608917884,0.9751630824460769,150.50531005859375,76.88293258822648,1
309.4081569881891,0.20785990064865267,0.025443325371422677,0.9629810099339453,155.0738525390625,65.57140139988364,1
63.93971456692913,0.2911063479970628,0.037246324976895104,0.9677192723126079,164.1356201171875,32.48657573948913,1
357.91886072834654,0.2490467787939899,0.1163803575499028,0.9630062304998863,119.58062744140625,70.0568753888921,1
232.66806102362204,0.1359401842209956,0.016198277431892904,0.9445913043814848,148.85894775390625,46.39494353284866,1
188.44285187007878,0.1982167429997411,0.05831756180821466,0.9736235014367483,120.4056396484375,60.43857154258717,1
311.4541092519686,0.16454446510621512,0.0645603306231787,0.9516650600660868,110.833251953125,57.38802916443399,1
172.437438484252,0.2024243434179695,0.04404544742191442,0.9627801539541614,96.99029541015625,48.600393597909445,1
66.80880905511813,0.21802617284558454,0.023919028380222716,0.9721659542491181,135.72509765625,35.054569833352694,1
131.10082431102362,0.2151461718541454,0.02210256632123012,0.9716861672082311,112.15496826171875,48.27196103982962,1
325.0639148622048,0.19370558201742885,0.037472281432100775,0.9545382961304684,143.55340576171875,60.83702417220375,1
138.71259842519686,0.2334600995758957,0.03151657157674116,0.9781613189131525,156.5521240234375,57.221844134666945,1
138.71259842519686,0.2334600995758957,0.03151657157674116,0.9781613189131525,156.5521240234375,57.221844134666945,1
152.67415108267718,0.19863472927671316,0.024415049396089555,0.9778568918350777,142.6968994140625,59.31005432552987,1
150.16867618110234,0.18774498309721796,0.03282984875936505,0.972080468354253,123.1939697265625,52.43805611634362,1
146.6732898622047,0.2506924355824472,0.05393377202615403,0.9812926733294346,141.19097900390625,63.15118163860513,1
157.53672490157484,0.2074525444523107,0.025146175098454227,0.9793860918725467,121.08612060546875,62.25033605220463,1
155.79004675196848,0.24204275168685516,0.03338117930700736,0.9738468042661811,147.2470703125,55.166500386144044,1
226.3818897637796,0.14966895432372151,0.01976575747542625,0.9646852300071949,139.965576171875,57.21191983367404,1
121.01777805118111,0.20617976984865188,0.03719457516437041,0.9807877152570501,133.16778564453125,56.94114444316184,1
145.1243233267717,0.19048858476375546,0.03539786337624633,0.9726237252786567,112.13763427734375,52.02148383072355,1
133.20515501968507,0.18473547764074086,0.0216154556787948,0.9747578521213561,89.18585205078125,51.5944107461815,1
135.43540846456696,0.1770935320329535,0.0192460745440212,0.979098925243673,121.49896240234375,57.40520165157306,1
151.32695620078738,0.16950986543702373,0.020909654300871966,0.9768380483257847,138.5811767578125,57.52776378103438,1
129.92741141732287,0.20726776309707914,0.039022251840891975,0.9804233141832007,115.95721435546875,58.071262650759245,1
133.4875123031496,0.2102641014460543,0.0250847764484474,0.9571812928471936,156.78912353515625,40.31510440186136,1
134.8429502952756,0.15684688692026288,0.017235665349915826,0.9658237071088004,127.69512939453125,44.968072828768776,1
118.09817913385827,0.15878286370113517,0.01736782514746775,0.9659687779582907,102.10174560546875,42.08131412997919,1
251.11054379921262,0.18393180745618828,0.022655841617269898,0.9665590544654861,129.259033203125,61.58192639594523,1
190.79373769685043,0.15183528700526525,0.016173670589671642,0.9635082335604755,118.1436767578125,51.39767084145705,1
228.5471825787402,0.14947023135217297,0.04386782408423356,0.9580159941501427,120.5804443359375,52.9942163007059,1
177.49950787401568,0.2802519098020482,0.14968405898997109,0.9843891916683265,119.57354736328125,75.82814245675286,1
294.0993479330708,0.18708912485011506,0.0416117547220135,0.9620274942193641,127.872802734375,62.962273298710834,1
228.37746062992125,0.18127898096111283,0.0626943111276804,0.9627037510062003,115.5286865234375,56.00726844338709,1
214.98345226377955,0.17037685087383406,0.032236717200015065,0.9688125761985151,129.3551025390625,59.57573900152122,1
233.14173228346453,0.16112509389127164,0.041970897017483876,0.9594444313443478,130.55206298828125,54.394432136506985,1
174.50965797244095,0.1962556758821026,0.0195885886055739,0.9650101916922919,137.51666259765625,50.31947220415487,1
154.96241387795274,0.16278706240145815,0.019086295562009612,0.9690960313652233,136.95819091796875,50.456213589543445,1
100.54521407480317,0.1888052950853385,0.020901825537123317,0.9596411054630194,76.12554931640625,35.36862653171937,1
134.3935777559055,0.17651621979372856,0.018260336137763913,0.9725621690170411,114.41851806640625,49.70772560395351,1
172.6107898622047,0.21353542800924927,0.04302247114189408,0.9750451772689591,130.67181396484375,59.220570317344,1
146.50904281496065,0.1904145068732368,0.019301295052028246,0.9699418538070534,119.571533203125,49.57485890983996,1
127.38656496062991,0.20251648418256016,0.025634875113917453,0.9821889210676716,114.06768798828125,60.03047826869509,1
114.6060531496063,0.1986308941436182,0.0241613232071654,0.9661468552548359,79.3526611328125,41.381226462768154,1
119.77405265748031,0.20549508821918366,0.026569783161305358,0.9775976605815613,147.001220703125,52.61856843004256,1
116.97723917322834,0.18197249438371585,0.0194493884392025,0.9782548281179888,97.84075927734375,52.13698758953934,1
200.89579232283464,0.18896414064967124,0.018298789616520653,0.9531798410622722,112.85333251953125,46.526463717464246,1
121.3035187007874,0.18085077694290955,0.018398968431647636,0.9692497289048075,120.85296630859375,44.6911580642182,1
155.47957677165354,0.183771338805769,0.04299541542993562,0.9715823632328652,122.39044189453125,53.153385881007395,1
391.98622047244083,0.17048711833509472,0.07795933730785946,0.9437915286603801,117.9578857421875,59.50342143050401,1
131.79595226377955,0.21300213306354768,0.05701804723604199,0.9770885750539436,119.34918212890625,54.16241068775301,1
140.96727362204726,0.20873905724567507,0.02120058841690172,0.95739265734535,111.623291015625,40.949390681389005,1
126.35033218503938,0.22151918427966683,0.022726801419063972,0.9663082682004133,126.80401611328125,43.612295629354804,1
98.26765501968507,0.2219926771239589,0.022285220644635475,0.9777275386228067,115.931884765625,47.30210497143767,1
108.32394192913388,0.23068327032601235,0.021873238876478046,0.9728289400357889,106.23284912109375,44.94529055533196,1
138.1844857283465,0.19185165746105454,0.018763916608049092,0.959205681061519,117.1495361328125,41.52206653169097,1
112.0385088582677,0.23101419321349279,0.04276525958375682,0.9813220212051982,102.09381103515625,55.10522649520043,1
114.69285187007874,0.18977298437897477,0.023168663367699904,0.9608974826539628,150.40771484375,38.79310580075648,1
282.37795275590554,0.15540695397749418,0.053104607419352065,0.9586379203109046,125.03460693359375,59.069067600431666,1
131.73658956692913,0.17915410221871308,0.026850584640209833,0.9748639877211507,111.30291748046875,51.670753798729635,1
133.2317913385827,0.2014852268824623,0.024106286310161627,0.9840060110530408,110.54364013671875,64.77870834250126,1
133.2317913385827,0.2014852268824623,0.024106286310161627,0.9840060110530408,110.54364013671875,64.77870834250126,1
201.52921998031496,0.17969052549089298,0.021892909389758637,0.9732084096469447,129.301513671875,61.60234697624949,1
201.52921998031496,0.17969052549089298,0.021892909389758637,0.9732084096469447,129.301513671875,61.60234697624949,1
164.0787401574803,0.22498981214568256,0.04335826124824872,0.9786270815575735,128.14501953125,62.44258370194669,1
164.0787401574803,0.22498981214568256,0.04335826124824872,0.9786270815575735,128.14501953125,62.44258370194669,1
239.7515994094488,0.17514967656154512,0.06598594177180225,0.9640176766499453,125.9310302734375,58.40327376724275,1
110.92925688976378,0.23232880542088763,0.026721211734536628,0.9773901734553524,82.92498779296875,49.698264858112275,1
81.71764271653542,0.20040857098445444,0.03655422898651145,0.9808097656993814,109.61846923828125,46.70568905223718,1
229.54681348425194,0.2329179145728032,0.08229096605574295,0.9738030802086187,121.90411376953125,66.80405953811649,1
112.39179379921262,0.21810892075780225,0.026481654289038533,0.9697839419109604,144.61468505859375,44.32146343223377,1
364.4052657480316,0.17141820609483982,0.07882504430623995,0.9581064303757159,116.59820556640625,66.49999540503632,1
133.92119832677167,0.22544563905104598,0.09036542991712596,0.9714393739340961,99.8533935546875,48.855343570763885,1
108.22004183070865,0.1811680834722642,0.02111505089059989,0.9627296868611082,143.555419921875,38.51125234965112,1
123.75246062992129,0.16163105085372448,0.01837576406908204,0.9604683796611792,132.667724609375,39.97458382339768,1
279.0843996062992,0.16121454000428534,0.0550392883161978,0.9510720816837703,125.701904296875,54.033484412722295,1
119.28014271653544,0.2092215289491799,0.022891257151505223,0.9752029806407845,140.36932373046875,49.617597880345905,1
205.20250984251973,0.208533933305602,0.019296049768469735,0.9498170566631905,102.35498046875,45.46188027570729,1
160.3776451771654,0.23956389301534925,0.08227202936710769,0.9778718349841479,114.41473388671875,60.76473751603845,1
98.61909448818899,0.24232331055561604,0.03135767895741553,0.9806725586994225,127.2130126953125,50.985431212299616,1
107.83864419291339,0.19234950692287073,0.02089661982276386,0.9756730151846574,83.070068359375,46.99720759859717,1
218.2283464566929,0.22583810626632952,0.11542392105880682,0.9697384318486292,107.326416015625,60.39236046541602,1
199.89819143700785,0.21228676773045974,0.019626271390201414,0.9421565990641305,87.3555908203125,41.78208290227863,1
325.806532972441,0.22949432482599297,0.06850254327752979,0.9653349793844598,134.96697998046875,69.30682933725781,1
143.87321604330708,0.2288992952492086,0.03084918164756539,0.9845097617733385,126.601318359375,68.52024723020554,1
151.51519438976376,0.19730782953805878,0.024669310622377896,0.9576083593879001,152.1998291015625,42.93408101346521,1
154.82566437007875,0.2012333652194842,0.05011064678856088,0.9831027450857456,125.96392822265625,68.32220761092827,1
100.34971702755905,0.24947517890795587,0.03468165457320497,0.9647200025532756,169.88800048828125,38.384512735291835,1
118.88096702755905,0.2521965554827762,0.03485381529071198,0.9848541675955945,141.623779296875,63.03721801795728,1
172.60814468503935,0.1850491280550835,0.04708095226875637,0.9741825002540608,128.1820068359375,58.585402142639566,1
330.6742125984252,0.1673672236911679,0.06670563890032781,0.9502851202825173,108.49261474609375,58.227412668630784,1
80.90145177165353,0.20659322115820244,0.018940907599678404,0.9812560520515325,96.43145751953125,46.86249900155303,1
79.78500246062994,0.24946725395840744,0.022987390548365013,0.9858551589813717,117.11981201171875,53.38042559755757,1
339.9604453740159,0.16346949609685413,0.06352983593951732,0.9547420030743862,128.479736328125,61.95654707232957,1
167.716719980315,0.20678377565397332,0.07411825680569395,0.9596499630548484,97.7730712890625,46.00497162799869,1
480.86109744094483,0.18724441465851857,0.058553508757276836,0.9383207385804846,113.322021484375,62.98040709728831,1
171.5166092519685,0.1978759351242022,0.019491612042662382,0.9730115626098242,119.78680419921875,56.5395036487189,1
323.7033095472441,0.17741631006249042,0.06490889473172438,0.959433688657007,129.94268798828125,63.70321754654573,1
348.1233390748032,0.2658120188806266,0.03071758557259438,0.9518125222567249,107.0457763671875,60.23262586008325,1
158.21407480314963,0.26590791821337223,0.03147211440914802,0.9767660173720875,127.4600830078125,58.620518830208226,1
153.60174704724415,0.21215455189218646,0.0212207487036319,0.9754675479384345,114.3221435546875,55.98981150249446,1
213.63232037401582,0.26069649674329376,0.03607186636808603,0.970062796543575,120.17156982421875,59.90865479023783,1
165.02214566929138,0.22098554539708018,0.021786477629583453,0.9632998589583393,114.69677734375,47.56923766918056,1
225.84608759842519,0.17979677912659142,0.019961078241055495,0.9654203185681379,111.41326904296875,57.24590317122728,1
115.21868848425198,0.24144336406896913,0.02514850754790533,0.9796528393322419,128.34063720703125,53.660261834805695,1
162.83575295275594,0.2066930284387876,0.05175650044138829,0.9810636229105313,135.41754150390625,66.39993839425217,1
322.68503937007875,0.21376704099332686,0.04284003244640947,0.9570094294110985,131.13714599609375,61.70279700516753,1
384.6955585629921,0.1301983866001981,0.018094990865103248,0.9490070151438188,114.78009033203125,61.618554283779574,1
382.9600762795275,0.12948633612363447,0.015935903568812238,0.9478949202321484,97.9351806640625,60.73782046292492,1
375.3965305118111,0.16566071932299078,0.07057568288778145,0.9497049958521954,98.81121826171875,61.47901972889927,1
220.92593503937007,0.17983170644778584,0.017658395226568233,0.9587569827278086,108.03778076171875,51.858645067331956,1
172.17950295275588,0.2105824139463274,0.023804925397755323,0.9718731667323729,132.65283203125,55.67697345257709,1
270.5900590551181,0.17335366244805325,0.01844128858019923,0.9378029477826488,135.67926025390625,47.49074585572693,1
367.70546259842524,0.150263192090847,0.017411021586730503,0.945543621382795,114.91839599609375,58.503585781408646,1
162.48283710629923,0.21617747636773385,0.054889061434578314,0.9752174159909934,110.49615478515625,57.85015125185724,1
142.28893946850397,0.18787323822506122,0.02210496313562953,0.9733413150786504,121.0035400390625,52.44568304527372,1
255.04072342519692,0.19560298293848605,0.09123415916591103,0.9648266634553319,111.12005615234375,60.78145628256103,1
529.4427288385828,0.1249240614433368,0.013987969622451272,0.9277409874603894,139.87603759765625,60.953497115168865,1
357.9777928149606,0.14686014195574162,0.016796221361338175,0.9501601854809544,153.7779541015625,60.40868008977931,1
139.15809547244095,0.16615209513013418,0.016714294007373922,0.96609453081477,113.91632080078125,45.47283881141534,1
129.1708907480315,0.23961103683464255,0.0224786405198697,0.9800223244687818,125.32379150390625,57.206236943994725,1
194.42790354330705,0.21928492924078777,0.02051432603407132,0.963741519883329,115.99072265625,52.12652371372724,1
147.9635826771654,0.2172098831221337,0.02040561835654328,0.9729078875870072,102.782958984375,52.409373627041056,1
258.4679502952756,0.22535208127924877,0.13676822005513217,0.9703407852228908,108.28289794921875,66.32412466220237,1
135.85962106299212,0.235376468279377,0.02285821233534279,0.9687290171948478,104.56646728515625,46.97779069334922,1
106.84522637795277,0.27229755770030034,0.02760052644786353,0.9793851769334886,99.043701171875,51.06542405157282,1
119.22016486220473,0.2436792740996016,0.023494747906748666,0.9744381989249842,107.82867431640625,48.565521398431905,1
156.91123277559055,0.21138614573084527,0.02314893261088955,0.9722509695712863,132.3465576171875,53.67340463946187,1
135.9079724409449,0.23676307767377316,0.02284359783652644,0.9713994956622036,121.91473388671875,49.10284584840865,1
159.3209276574803,0.23436961561914185,0.0819155005082744,0.9829687579482035,144.72637939453125,69.21011795376756,1
161.58040108267713,0.18122988704907678,0.02362637217420502,0.9734516698325503,147.847412109375,56.11557969332979,1
522.9018823818898,0.17292144145260144,0.021955434981231026,0.9411057619038476,138.62310791015625,66.94455243915216,1
549.4914493110236,0.13404476132105003,0.016141232929157926,0.9193298179729594,127.3687744140625,58.71195361780285,1
367.99624753937013,0.14891407669088763,0.018535849414650914,0.9512699873343939,109.4866943359375,61.706558872783056,1
532.1354576771654,0.15752382750906557,0.01973188937690501,0.9292534993578205,120.76409912109375,61.548623933436154,1
529.1305979330709,0.16359975282186293,0.02331665959516885,0.9343430383907319,128.2052001953125,63.884995184133174,1
384.6077755905511,0.1845969289486902,0.028258670163155853,0.9531722280717438,130.4127197265625,64.8356636473428,1
127.22920767716538,0.20072960664754166,0.021179068914713925,0.9777671155609106,122.8187255859375,53.99084712412426,1
695.6316437007874,0.11688153942245434,0.01389262043717339,0.897021197649017,113.069091796875,58.391603272807274,1
416.68534694881896,0.16546436019094918,0.020317525710438444,0.96382912952782,143.466796875,76.57689833422343,1
608.3448572834646,0.14618759756627522,0.01861977131496129,0.9280951187699555,126.0982666015625,65.48700977402898,1
163.78727854330708,0.17405394129539528,0.016884980306509503,0.9659291308840682,107.543212890625,49.13063131517174,1
182.68651574803155,0.21542442284910196,0.02131571709885316,0.9740190409690097,120.81829833984375,59.644490227406294,1
374.95158710629937,0.18701459889790692,0.01852405570857962,0.9112654475675483,90.57940673828125,46.04100576820668,1
163.59405757874018,0.2148653051363612,0.022294515641399466,0.9707866300447326,118.33392333984375,53.25701778129352,1
358.17488927165346,0.15860455943822982,0.020863453872297304,0.9486119673570629,132.32763671875,59.54531762822457,1
177.09836368110237,0.22636886824862992,0.10844316513847375,0.9723084534427047,101.2030029296875,56.88150654545685,1
124.76002706692917,0.22756285618040453,0.022463231587501006,0.9676991062165179,125.29046630859375,44.47308884893176,1
336.9485113188978,0.23517443088200848,0.0650662887492389,0.9648147379114974,141.6903076171875,70.03020441267577,1
461.0959645669291,0.13637048549803354,0.016117419472744067,0.9297244640599127,136.78155517578125,57.72622848583316,1
379.20275590551176,0.1137332110088584,0.016699061380180045,0.9396507331973876,133.89422607421875,56.65231220683346,1
499.4335629921261,0.19962632454495916,0.05167222138243641,0.9368819165072966,92.28826904296875,63.02102237982743,1
278.0043676181102,0.220121967632501,0.12228700217878494,0.9632381606411092,110.2520751953125,62.02580508289953,1
247.80659448818895,0.18742697160623897,0.023587579686822596,0.9612909530319242,151.481201171875,56.77470993845982,1
417.09657972440937,0.18952101614244946,0.0332274453007176,0.9549610837929569,109.63116455078125,68.31352307217432,1
399.19266732283467,0.2126660793867162,0.03938274029759894,0.9544507155565674,124.12225341796875,66.47047359733597,1
268.51039616141736,0.27053316239211017,0.1561728077311102,0.974136926062405,104.527099609375,72.34862630694377,1
105.99803149606302,0.20211634289768104,0.03427641803257896,0.9642038482593909,164.374267578125,39.29566116354278,1
241.9235974409449,0.15827148990705123,0.019498745543879693,0.9542820748932789,133.6778564453125,52.0505980158116,1
306.56083907480314,0.21870320567432117,0.08344471204648264,0.9693555410368642,144.4444580078125,71.44163743657023,1
267.4630290354331,0.18622580816997134,0.0731560111225971,0.9689464288429206,128.70037841796875,66.34079225959121,1
394.26716289370086,0.18444254520219056,0.031039709016255138,0.9552712937510706,128.86920166015625,67.08700000757933,1
433.7209645669291,0.17130823057403263,0.04584539280017596,0.9494283589156408,117.7054443359375,66.04400761642871,1
243.14370078740166,0.15741482696597908,0.015966032886020082,0.9614599985791223,116.62249755859375,56.28663420085304,1
377.3361220472441,0.29513793228753765,0.17219907225848108,0.9663312934674428,103.57061767578125,75.11776329706072,1
129.882750984252,0.18366086019008987,0.024303275325607648,0.9750679741929755,143.3782958984375,52.09480055391601,1
170.23966535433073,0.18797013428576026,0.022359599359047497,0.969443038390283,107.2027587890625,53.22898052178984,1
300.2027559055118,0.22536139695766938,0.08009559459470691,0.9626059793740769,119.0303955078125,63.95572793490367,1
123.44728100393701,0.21060593850793927,0.031428587717281804,0.9744461018672225,144.785888671875,49.69954581866273,1
156.89892962598424,0.14956214243786317,0.025686563362437416,0.958576639348354,164.5931396484375,44.33240409164556,1
130.98049950787401,0.1622628405628776,0.02201473211816034,0.9566980500268678,153.31304931640625,39.500290008682576,1
136.35063976377955,0.1575090298495612,0.020087223166284873,0.9579234855663209,148.5404052734375,40.87141407521433,1
159.85266978346456,0.15863495646298204,0.020129659783129243,0.9684876149890397,148.7498779296875,50.757990466295105,1
247.18829970472441,0.16877205759789107,0.022903486933002332,0.9640599088944276,142.5140380859375,59.00017109021236,1
159.24655511811022,0.18507434553791652,0.026643882982016847,0.9751954161441807,147.9111328125,57.171752554237706,1
120.86761811023621,0.20580507430067296,0.027801239081210054,0.9765072502003661,155.16302490234375,51.222033838163185,1
299.9435285433072,0.19101402120941624,0.04685901286675462,0.9605544330236986,146.158447265625,62.51574541455499,1
374.2589197834646,0.20679810838476045,0.03930341227513915,0.9629438455740061,150.49542236328125,71.99079143411932,1
182.21499753937013,0.2827548519490931,0.1618064671736226,0.9824964488033537,110.27935791015625,72.51970552297149,1
248.4731791338583,0.19420178838204513,0.06983129423949594,0.9781168858949675,127.84088134765625,75.87841876760773,1
349.35703740157476,0.20635141843447838,0.05770475554924342,0.9521560452133067,136.9267578125,61.165726517599055,1
268.3723548228346,0.1885015156256434,0.06922983212705414,0.9716155491173051,134.65142822265625,69.49261580574323,1
215.82437253937013,0.1374966360049564,0.016940525638945075,0.967742516722557,147.547607421875,58.94051808399672,1
181.6869463582677,0.25399980092531843,0.08505538251236351,0.9790836379216904,123.53704833984375,66.52610576694133,1
311.5378937007875,0.2278748162009672,0.08813032124183082,0.958016835778176,105.70916748046875,61.217674816204955,1
198.9084645669291,0.24530676546855046,0.111404128025819,0.9765543497298295,126.2867431640625,65.82853151606064,1
458.1459768700788,0.20955785086682446,0.066486173800595,0.949041369029791,136.342041015625,67.2010938292665,1
173.47262549212599,0.21833099330444275,0.030953426096760463,0.9583761997837658,164.72027587890625,46.42684401020717,1
209.89468503937013,0.28281065738418565,0.032815812041849246,0.9561399028710877,148.0941162109375,49.48431263366542,1
95.95909202755907,0.19287471628216718,0.02535407954597333,0.9706382257003442,147.74273681640625,41.24163077657573,1
260.94069881889766,0.17679240520246645,0.022037324508266776,0.9677665295415163,123.84173583984375,64.03879640601775,1
295.7493233267716,0.174338213903564,0.04363862735500655,0.9670811384995843,160.47454833984375,67.83538882628297,1
213.89185531496065,0.2018703282195437,0.021896106879458026,0.9639884982439815,93.61163330078125,54.675355695487085,1
234.56514517716533,0.32214352911213157,0.058453282127546434,0.9779688617054585,122.58990478515625,73.22935661371943,1
499.6181717519685,0.1625055747798754,0.046901068324370764,0.942767232273699,117.270263671875,66.60662566552719,1
235.1374261811023,0.17707243069856338,0.02422912358035165,0.9509166028575987,110.41070556640625,49.50615699299499,1
254.29435285433073,0.19966310483233246,0.023148278716255747,0.9620675224626394,108.15496826171875,58.22089259823758,1
244.96788877952758,0.2024111190376529,0.03240493477718328,0.9353411407966686,74.07513427734375,43.63895541310996,1
204.8208046259842,0.2788223798529421,0.13007835478746568,0.9770533323339748,122.57879638671875,67.36437033580003,1
160.42162893700785,0.26365595886184745,0.10857930330984139,0.9793516821705676,99.98236083984375,62.694685015494414,1
272.29539862204723,0.18763358366896857,0.026213036097589956,0.952289178821618,156.79644775390625,54.89194494373256,1
283.9728100393701,0.17992041037901005,0.018996915587634975,0.9566822589193241,90.59307861328125,57.380051762594285,1
234.18522391732284,0.22232399446537832,0.02718432342157778,0.9672253608828967,114.09344482421875,60.01964193467977,1
200.52534448818903,0.20371191329026458,0.0269937452933321,0.9640270800654561,97.67388916015625,53.104062159437646,1
238.80056594488195,0.19217799703945576,0.01979139537177566,0.9623290876606915,91.635498046875,56.45857121222754,1
405.6694758858267,0.2853051381830904,0.16813464851044535,0.9697221443776757,123.5411376953125,82.20135869416384,1
176.5297736220473,0.19310398297231843,0.06418831538587488,0.9753686512090353,119.34906005859375,60.511446653657714,1
196.5826771653543,0.21935702871576754,0.026450197948060198,0.9677762244385226,119.2088623046875,55.618591226443726,1
291.2864173228346,0.1579436280416482,0.017991121614041365,0.9581710186283194,168.24267578125,60.06079638801062,1
261.9518946850394,0.24571736837257077,0.08569489250696327,0.9722253781658896,146.25457763671875,69.50756582085265,1
152.76771653543307,0.19057764987306175,0.03531652257760482,0.9730429358944093,120.2904052734375,53.98376008813875,1
223.51347194881893,0.17900837781907697,0.06566792416174494,0.9758321585720212,135.12353515625,68.76686936361857,1
285.7027559055118,0.24572911697397345,0.12734305894517073,0.9696786666607143,109.3004150390625,69.04793370018572,1
176.44808070866145,0.21033533221953676,0.03412671713525501,0.9729579628924949,113.0687255859375,57.57151135216065,1
198.79361466535437,0.2125709818576091,0.02638867853149854,0.9739475978683871,99.5242919921875,61.95290842282994,1
184.6832554133858,0.18367051912997145,0.02591397889273238,0.9646805514042328,125.18212890625,51.80505716821605,1
334.48788139763786,0.16459439817950963,0.017222981345465002,0.9380944158448739,116.580810546875,52.19715772283979,1
174.70859990157481,0.21651181692205917,0.030388686133061244,0.9710420230277711,81.08251953125,54.98208294899143,1
222.97145669291342,0.2130479326601507,0.02899030382786083,0.9630298657009213,155.579345703125,55.44744906287131,1
226.97945374015757,0.20765314480367617,0.03404297836491721,0.9660061131885731,112.99700927734375,58.256620158786326,1
238.71333661417327,0.2015147349044681,0.039281767071989555,0.9607483975297905,105.92071533203125,55.53365041744977,1
545.6025467519685,0.24251729307225336,0.15338310018346699,0.9524175873422253,106.31109619140625,75.98948811271431,1
220.25104576771656,0.23185915953265934,0.10879532658578984,0.9750469687120659,118.75042724609375,66.99341812691173,1
178.656188484252,0.17844019767540226,0.03286538928872832,0.9747760121430104,123.979248046875,60.19293977738537,1
485.015871062992,0.24529668799756665,0.14110904745349806,0.9590260186067686,124.0286865234375,77.39731672395206,1
340.62124753937013,0.2968161097389085,0.1499792415396852,0.9702781777475216,131.493896484375,76.19947232027084,1
179.74292568897638,0.2222035168363182,0.07299628286555461,0.9787204626592668,134.03875732421875,65.78599596388021,1
292.61952509842524,0.16519064252614216,0.02337885750835278,0.9532711597357814,137.29803466796875,56.560000644406664,1
252.46819635826768,0.18589681857200152,0.04271667451654894,0.966984149570275,145.29705810546875,62.58232723201451,1
180.19703494094483,0.2043116902720985,0.046427622677389764,0.9740909030282269,133.79412841796875,59.70158977348556,1
190.82627952755908,0.2388061290190458,0.07065957334554768,0.9671108714452877,118.552490234375,54.39640207083422,1
233.0170398622048,0.251829340267816,0.08038237161711491,0.9748489039615957,151.90191650390625,69.07518945384678,1
222.45761564960634,0.15953312251234475,0.04214663834717202,0.9653864072677478,117.861572265625,57.39282005457689,1
224.92359744094492,0.26271711300512857,0.13539870475239532,0.9747193209736,120.5413818359375,67.21788191301314,1
236.23554379921256,0.23048344261954862,0.07516110549573222,0.9709929099029987,134.6324462890625,64.46740778847004,1
194.9304872047244,0.22104212519978317,0.02505107522360734,0.9731393163366309,100.3941650390625,60.41784663110039,1
204.86564960629926,0.24065864002401438,0.05073296643228472,0.9762258058329659,128.19512939453125,66.1007629495127,1
201.61115895669298,0.19834209103501013,0.028378835426594338,0.9712440531975292,97.72088623046875,59.39895724154225,1
199.20220226377955,0.21435640021328925,0.044705064762787294,0.9678001649817388,132.7767333984375,56.1545888359725,1
323.7993356299213,0.2095786404349253,0.08168137836870024,0.9613140621163934,117.267333984375,65.22365044569855,1
300.4187376968504,0.23739579393198243,0.07412068192956744,0.9629618559833287,143.0462646484375,64.59263638381694,1
225.30253444881893,0.26796132019020313,0.031611434011829816,0.9646587244045726,134.44818115234375,56.86163669727565,1
244.36238927165354,0.18441162907803033,0.03214835004000267,0.967152496818656,136.49005126953125,61.672306684321036,1
181.65563484251973,0.17262905357970212,0.02027137583645149,0.9678504169126058,137.21807861328125,53.780134292789384,1
233.64247047244098,0.24705908845289554,0.03420820448337982,0.9624144787183493,172.80029296875,57.38414181077802,1
240.91240157480314,0.1551887248247059,0.04017889674722548,0.9688776513355655,131.144287109375,63.032762954229845,1
245.56336122047253,0.1982776544260624,0.02497546945898289,0.9724546234628116,103.40185546875,66.90997104373055,1
279.39431594488184,0.13589415521497425,0.01627890811269712,0.9552098591840612,127.3428955078125,56.17632958532032,1
134.16061761811025,0.2074968687648619,0.06421833092502988,0.9799307045415406,127.58984375,58.42720902347177,1
286.3801058070867,0.21071121460796569,0.04273516327255707,0.9563879490092206,118.21630859375,57.70121542371113,1
218.08156988188978,0.19603205717137137,0.02192076371703781,0.9553490804735233,100.50592041015625,49.73682044242656,1
216.27509842519686,0.14293047966009972,0.02109259195084916,0.9701454713384546,126.05853271484375,60.93734117924339,1
279.4017593503937,0.20572570956669806,0.06033219515024099,0.9590476364013557,125.38671875,59.00155676388144,1
314.7194266732283,0.22174060409495996,0.06357860137834982,0.9606188897071632,128.873291015625,63.93289908535572,1
243.002091535433,0.20658959023330922,0.073894036766716,0.975043293632507,130.41290283203125,70.37611953081915,1
183.60906742125982,0.22484007167705944,0.0673449253151079,0.9731207580951223,133.8172607421875,59.18928752511591,1
234.14671505905517,0.23111819348901924,0.06845430040940513,0.9645382033922882,131.321044921875,58.16634917417362,1
218.73080708661422,0.2668523929320776,0.11959520518439075,0.9814589076839447,126.594482421875,77.30925198958495,1
348.2562746062992,0.2567808158096831,0.11812933819910458,0.9645995174133162,129.47149658203125,70.77147192433131,1
176.22779281496068,0.2580768144656619,0.02928740795667886,0.9778928648050543,139.46319580078125,63.517926333936785,1
178.26230314960634,0.2563246755772157,0.11013607458036785,0.9823629011442463,125.891845703125,71.66694937505149,1
243.75553641732287,0.20443454817683496,0.026354778051813892,0.9675265412343151,180.76043701171875,62.105611479562995,1
271.2417568897638,0.2039970750342132,0.060796219495608976,0.9630195492851831,128.70123291015625,61.1914452925861,1
382.96659694881896,0.2771545599233289,0.1592892656625675,0.96756774157862,116.19537353515625,77.2046166534083,1
142.51513287401576,0.22204605172071734,0.0615256358933191,0.9821123693377108,145.359375,64.00316516678834,1
165.6377952755906,0.17824173104081423,0.04403189216371923,0.9754984831153601,111.539306640625,58.73003353291283,1
259.98781988188983,0.19291233799056096,0.0569818484643047,0.9690010418796374,125.7978515625,65.45523824078295,1
197.9573080708661,0.24987921758045847,0.12597801913965903,0.977897582610407,117.98199462890625,67.46531393611103,1
331.24520177165357,0.1891360879339278,0.05143744761085731,0.9607024555718274,126.080078125,65.58945695659543,1
173.28032726377953,0.2109251105595333,0.026149113710138117,0.9643827348062424,107.844970703125,49.779326401738906,1
266.28235728346465,0.19457438135607702,0.02839889681895661,0.9483446370313301,106.075927734375,51.07295636340139,1
374.11177411417333,0.2112286827449997,0.09869620431673111,0.9638622432918462,120.6512451171875,72.43203020704671,1
182.04632135826776,0.2312988030975251,0.039509611598191045,0.9690323198551606,161.83966064453125,55.21148846727062,1
102.35580708661418,0.21426933251960972,0.031314053622997634,0.9514740709080122,167.3199462890625,33.15436754783772,1
189.9827755905512,0.24780952776557197,0.05113481523052324,0.9740850775030815,160.873779296875,61.40126061929666,1
225.57855561023626,0.30958339324710515,0.08024002497128203,0.9776254079302327,160.35589599609375,71.72151571228335,1
170.49575541338587,0.27657701072966384,0.1359302196899118,0.9834776497136469,113.19512939453125,72.15370436723205,1
274.6160802165354,0.17340500241850132,0.03864658022254461,0.9685117291265456,146.79022216796875,67.00097290862719,1
160.41461614173232,0.1923470553885311,0.04384394419117805,0.9756091401581238,123.47705078125,58.13793925781906,1
362.6676919291338,0.2799871578693883,0.09750297487693196,0.9703698824227683,130.94927978515625,78.7306317837796,1
320.08526082677173,0.1691819687811808,0.020733818766494907,0.95842752079964,171.22637939453125,63.4059647597592,1
318.67851870078744,0.24366355526522573,0.05919597178204511,0.9695970230574027,138.79412841796875,72.97251336786847,1
170.96179872047244,0.28311540054653844,0.11916672186744902,0.9842316190547904,135.2767333984375,74.19427610082997,1
387.4444512795276,0.2440919453323536,0.16027419642048982,0.9655721287411656,116.73211669921875,75.43060923997967,1
255.63650344488192,0.22166078046512916,0.0907814991156362,0.9740207124882895,126.46429443359375,70.70661382632039,1
363.27878937007875,0.2024800715788112,0.06712905827775069,0.959653726583144,125.59991455078125,67.72747786029623,1
182.65182086614175,0.16865112628622544,0.017515630319492995,0.9703524916082952,124.85345458984375,55.83947041808033,1
243.4685039370079,0.1729593703373552,0.01991049152427328,0.9621420257186399,151.3487548828125,57.48586634984857,1
331.3338459645669,0.2007861636502343,0.058769387891078655,0.9460354025612947,129.7283935546875,55.99228797742308,1
168.00123031496065,0.24261536794225624,0.0593985277251968,0.9758372178998255,157.1527099609375,59.84854435739503,1
225.0968257874016,0.2163596608000152,0.08342730730882739,0.9752139477869639,128.8780517578125,68.06848301952492,1
240.9286417322835,0.2403817363800635,0.05640715690285075,0.965663049317818,163.63946533203125,60.35557749676526,1
455.1023622047244,0.22585936123015382,0.09751615031879775,0.9585702674545262,143.04022216796875,74.8919471042376,1
224.6963582677165,0.22003609203284882,0.03920686788556364,0.9645131774929415,126.38934326171875,56.78109595301358,1
283.00670521653547,0.17148995501106643,0.020155679667389247,0.9459642684812637,108.55902099609375,51.536528098389425,1
228.05887057086622,0.18899466473168455,0.020596433372417094,0.9630907258041935,121.2716064453125,55.927844483160754,1
421.2614419291338,0.268700815596546,0.06076550998905832,0.9670696267272257,133.49945068359375,80.26017416090546,1
276.29625984251976,0.19776415765883873,0.07672026231341177,0.9720714759966255,134.5687255859375,71.05697993784698,1
372.30708661417333,0.1893165181982906,0.028542776773515088,0.9598495726140268,130.87701416015625,68.7603992416982,1
414.64247047244095,0.25334903506853546,0.09504019823789762,0.957796157844205,124.57696533203125,70.66955044796417,1
316.2061392716536,0.18932609349477333,0.12596151942816397,0.9664988475102065,106.52459716796875,69.0120901323272,1
154.76015009842519,0.2277388236721809,0.039125853439483466,0.9785317858843341,136.04315185546875,60.40301482483377,1
286.92015255905517,0.24024281950099774,0.04543195168153376,0.9697688012936865,158.17694091796875,69.97709849993883,1
258.7188730314961,0.1770568904390728,0.041788961154506234,0.9679257327620304,142.90765380859375,64.44898910982693,1
513.9044045275591,0.2691180730936809,0.1384827840209653,0.9582366552696103,120.1495361328125,78.8394525575234,1
200.9572465551181,0.22725729190652913,0.08157813924191397,0.9753072762622044,117.56256103515625,64.3823483911473,1
212.96801181102364,0.1882361054886108,0.0662401220607626,0.9732199496800679,128.064208984375,63.806221595669655,1
213.0891363188977,0.1485760140584955,0.019344526599504027,0.9731612694622788,143.22869873046875,63.733650087168634,1
93.43602362204723,0.18965150782967627,0.02441140676430727,0.9685423749617029,139.190673828125,39.22807746321528,1
85.28475639763782,0.22252209463599304,0.029366344987561844,0.9773240733026084,159.84173583984375,43.839612897453584,1
127.4995693897638,0.17777480210322816,0.02145863811965257,0.9712548044135043,144.84368896484375,47.396629327890444,1
233.56489911417327,0.1808732725110125,0.06661424155641957,0.9701971878385738,112.25244140625,63.07945734052785,1
317.75768946850394,0.18558086927862605,0.039540847118193716,0.9526379510735427,146.48480224609375,58.84325638306102,1
291.8888410433071,0.20076871527217202,0.10276848740772467,0.971261325596127,134.3094482421875,71.77409573748626,1
324.5812623031496,0.166556964217242,0.03664498325181772,0.9540564516427653,120.4388427734375,60.08353596429996,1
420.02878937007875,0.2037984252721878,0.05826686120567387,0.9564659388437213,125.44293212890625,70.04477965787736,1
164.32080462598424,0.16882933812126522,0.01946747465616885,0.9712886778216884,132.97039794921875,53.970266926313194,1
116.95072588582681,0.1935664641011073,0.020175242895619824,0.9725269026547863,133.1170654296875,46.61002939933687,1
120.12210875984253,0.17501598045757358,0.019013193221025876,0.9747088045308504,126.1776123046875,49.27170585452198,1
112.81649852362207,0.23638102576436695,0.030796450955778806,0.9847775651077064,119.231201171875,61.1936464539467,1
219.85826771653547,0.1325388535387048,0.017293366781645118,0.9374141445680523,111.98883056640625,42.1919101832534,1
145.87253937007873,0.18040572591015241,0.020924489233716956,0.972033939386683,139.10882568359375,51.569055551432044,1
373.0709891732283,0.21869520719187507,0.07720929733151435,0.9678269043064442,146.5777587890625,76.87606743705318,1
311.99397145669303,0.25390684808331343,0.13101876684813074,0.9727899549373694,119.22735595703125,76.12282399003614,1
158.33070866141733,0.29549437648525356,0.1645947385615737,0.982821131213212,96.53143310546875,68.15372898569228,1
211.35063976377953,0.2427936131168645,0.12138393803524848,0.9752435916889537,113.16888427734375,65.75015859708836,1
289.34202755905505,0.2812692153105431,0.1264048187237764,0.9745114517570593,139.3404541015625,75.87633891933376,1
196.72674704724417,0.2557615454998251,0.08139581908083474,0.983341809655152,127.6031494140625,77.34943069317158,1
258.9109867125985,0.18550498040962277,0.01844508442449245,0.956972617412548,126.09625244140625,55.12568492363206,1
405.04515255905517,0.19958875518798885,0.036638089586212626,0.9603708405199555,137.26611328125,72.15938125332123,1
330.82910925196853,0.2634291037678448,0.0729403122011159,0.9695644560305168,149.6527099609375,74.57690962489046,1
324.9961860236221,0.21066652298587007,0.05931796155155495,0.9681230306300193,143.4188232421875,72.03422158446153,1
177.65378937007878,0.18264190528381,0.02230117679370736,0.9753799237924325,138.73541259765625,60.64888987135391,1
502.6563115157481,0.06891675373752627,0.012790246872967509,0.9231060342452354,130.6785888671875,57.96575308594898,1
146.72164124015748,0.18651089481992572,0.022701269773905654,0.9582164798944705,141.88690185546875,42.35678667305553,1
165.7062623031496,0.1801698197325475,0.022760660512267848,0.9358385459064017,141.43658447265625,36.834314577904344,1
168.21758120078746,0.25769862379095126,0.04706937667532069,0.9755995325907902,134.124755859375,59.335082695776315,1
138.41221702755908,0.2851918495442945,0.03861885954958731,0.9742871737267773,161.5733642578125,52.37551380929106,1
232.3373523622047,0.2092354039334011,0.10046818373050453,0.971345026228475,117.93878173828125,64.2798654207975,1
265.71967273622045,0.14625637430357738,0.022136311794353148,0.9484450036446054,106.7672119140625,51.113952276499155,1
318.9662278543307,0.19201066122749852,0.023923892788802914,0.9509037166672296,109.7548828125,57.24827905425426,1
264.6330585629921,0.17211662374833256,0.020605296448598077,0.948330878715775,126.56060791015625,50.834079380725626,1
219.24827755905517,0.23557672775611324,0.09518396714992018,0.9759985550360544,130.82080078125,68.09147678588111,1
230.3091781496064,0.23001162941651146,0.03911714782115233,0.9601246972766618,93.0787353515625,54.03287462279077,1
233.84971702755905,0.17557323010562143,0.02046584653325736,0.9644897449706712,138.94873046875,57.72373302080385,1
304.43909940944883,0.2211265468503598,0.03840846952154523,0.9348152112038195,77.86700439453125,48.48155960002687,1
155.07652559055117,0.17976128810864322,0.021725512473540688,0.9757321982874542,137.9210205078125,56.89550293676394,1
98.69543553149609,0.2860522720420442,0.04891314373169878,0.9845034293517743,121.2347412109375,57.10280783959271,1
284.04539862204723,0.2414510804383155,0.032559007558666316,0.9561020650825597,148.736083984375,57.41013954651878,1
261.6069143700788,0.2442529081673822,0.036860922003807334,0.9456156943689876,168.747314453125,49.5823695454439,1
211.75036909448815,0.36095630439780496,0.24974989526931154,0.9767498500550852,83.46649169921875,67.61969982151349,1
130.88521161417327,0.2231093418319846,0.030236163502236513,0.9747512610930376,112.4891357421875,51.573579577953744,1
119.88281250000001,0.2135303803520208,0.02395700775619417,0.9803326238391495,134.8118896484375,56.0016197209566,1
333.90311269685037,0.19630778482288636,0.02951550976265501,0.9538261467872375,119.344482421875,60.46316781263734,1
153.67538139763784,0.1679214520503271,0.021531478465364205,0.9758581376465849,142.288330078125,56.90314482659701,1
150.57277312992125,0.19826849825695952,0.01974027798100386,0.9531911875898335,105.4127197265625,40.50981205076424,1
435.95958415354335,0.17587633888672324,0.01872879252137671,0.9389256721834471,115.9569091796875,59.9087051500157,1
171.07406496062993,0.22337004028783278,0.027947857501484628,0.9678103331447303,147.54522705078125,51.936597751096386,1
128.37610728346456,0.20369031592148848,0.021981359502521246,0.9703881009504114,139.8643798828125,47.25991355736317,1
68.71432086614173,0.2884527774043859,0.04774295819099387,0.97361426696039,167.0635986328125,37.1784617842588,1
316.1048228346457,0.2611396398454091,0.05166963980321501,0.9708404739044271,152.47515869140625,74.40645995021836,1
109.09196604330708,0.19241791366471234,0.029156907164627745,0.9773083328216737,146.916259765625,49.96281155373862,1
133.38724163385825,0.22350255534280475,0.03182314944903111,0.9750412339440415,154.206787109375,52.16715160773908,1
156.49809301181102,0.23358193438040725,0.02782613711937486,0.97894478950525,109.6844482421875,61.25619418087971,1
79.44685039370079,0.17878635701166987,0.0259186148924615,0.9522340443570474,164.19970703125,29.45114855623388,1
156.18393208661422,0.20308914332851324,0.023101722987190078,0.9585587446880881,121.25634765625,44.1924677164709,1
168.24249507874012,0.15364286896486096,0.019047445208471212,0.9745839083160557,134.92974853515625,58.037304761083675,1
167.43891486220474,0.2860826357838945,0.063841596341817,0.983513832486892,139.11065673828125,71.8072270400684,1
242.02995816929132,0.20742064893339734,0.07736697967829217,0.9674155092504537,132.13360595703125,61.184998460858665,1
67.13957923228347,0.31633943303336953,0.051667589095173105,0.9865970588731344,137.14996337890625,50.58168149324621,1
170.4157234251969,0.2150546088288157,0.025854806177369592,0.9679944526829649,108.8726806640625,51.97854547962382,1
181.7100762795276,0.23461880222664516,0.06437532652970966,0.9731313100149661,95.51617431640625,58.44582353917805,1
153.87376968503935,0.2591098542314002,0.09677522107184261,0.9786070118007193,87.3472900390625,60.175120781874156,1
191.71819635826776,0.19490837998350616,0.038804882806247595,0.9687752179702779,130.7969970703125,56.181483233937726,1
71.84824064960631,0.223471769052005,0.028404659348976128,0.9814255585521094,142.65386962890625,44.93287779293118,1
90.41596948818899,0.2548753796886627,0.04487465247980997,0.986411420914293,131.05230712890625,58.559236800421665,1
238.36927903543312,0.21086470820283845,0.03949399655130507,0.9631200078151579,126.716064453125,57.311462263469565,1
79.9884965551181,0.22935081746569852,0.034084415495165866,0.9805294214501754,108.2939453125,46.05189463500467,1
141.30038139763784,0.27197851525042793,0.0365944253991797,0.9663241364629104,161.904296875,46.93864815395987,1
296.0125492125984,0.1864443390839271,0.025277883034704053,0.939051758474087,84.58740234375,49.45566790944562,1
61.7952755905512,0.2674845818105769,0.038422063539977784,0.9724271266383041,140.34051513671875,34.21893484722142,1
141.4931102362205,0.2720013199156949,0.03905685661231189,0.9699923842467043,149.6220703125,49.73581810672321,1
209.59055118110237,0.19872998449759752,0.02365186516440184,0.9499361466461367,118.3521728515625,46.37260983633143,1
240.2939222440945,0.2810652450458069,0.14877927990465167,0.9741424522219195,113.91131591796875,68.64009687707143,1
47.13521161417323,0.24056778388015623,0.028752048679406315,0.9675850079981017,154.425048828125,27.887230579463193,1
75.0749876968504,0.22649532627446095,0.024518135300743687,0.9761499446463386,117.66162109375,40.23724506400513,1
84.71530511811025,0.33558744328640716,0.06402267546109405,0.9875319505993992,132.04937744140625,58.858173690729856,1
190.95909202755905,0.1593408414202804,0.021334926106720824,0.9587592458335638,152.36444091796875,48.32995174878583,1
168.60303887795274,0.13713988831585966,0.01764655120089797,0.9650860218053567,127.6566162109375,49.55949148217571,1
192.67538139763775,0.20685897772813822,0.02625274188609474,0.9735079480746179,116.24273681640625,60.49284163350698,1
135.95392470472441,0.22134482960550605,0.03051708157504537,0.9671456230264518,155.18035888671875,46.38072217127513,1
173.28094242125988,0.27574321891521913,0.08925348903504672,0.9779316289492149,122.35345458984375,63.30860719638276,1
235.8487942913386,0.2344983441657496,0.06494565703353351,0.9727680404554,147.40411376953125,66.5978886279287,1
109.51027312992127,0.21670864360765227,0.025727927444905353,0.9621151460162989,167.59063720703125,38.984750282940944,1
166.49593996062993,0.21928527750591545,0.02813146836634243,0.9661056676981791,83.0703125,49.73566295359492,1
236.66024852362204,0.22763982463116164,0.027269765274384742,0.9612864177875843,90.390625,55.471578933143206,1
114.16166338582677,0.22934605880271144,0.026794080718119756,0.9626013331121809,154.45416259765625,40.235110412052386,1
200.84467273622045,0.17424983047875758,0.017074471306012032,0.9572281608704235,107.29034423828125,48.66988724400736,1
247.1983882874016,0.1849387247984629,0.023899085829073456,0.9505640606537245,133.8441162109375,50.71610477207531,1
121.04004675196852,0.2409595564900494,0.03168114774790554,0.9701533011981923,138.61419677734375,45.660418306410165,1
235.52811269685043,0.15610711288076762,0.017105028677627223,0.9542375121237241,114.682373046875,50.9585696630412,1
243.3658341535433,0.24716453142646078,0.10294300650635839,0.9749655018567154,137.31610107421875,70.2538852526973,1
57.83489173228348,0.2588825290472645,0.08280188783065807,0.988362520870335,99.47308349609375,50.401801164820164,1
194.24212598425203,0.20714187906747383,0.04378709352899296,0.9565304131704649,145.998046875,48.5013817265903,1
172.0046751968504,0.18217313235270208,0.02457086369480307,0.9687524352747966,143.3843994140625,53.529780890347325,1
259.499938484252,0.18681677738400493,0.022322377409186512,0.950639247061992,104.2496337890625,51.563665350113986,1
143.95146407480314,0.1748451725407906,0.023082795708508953,0.9628635703622364,121.85302734375,44.74047347113268,1
211.70786171259846,0.19240237918850447,0.01900030168735298,0.9549583785349012,119.52288818359375,48.84874778051943,1
137.3400590551181,0.274680334424808,0.053355417292351416,0.9826572826788218,144.1436767578125,63.5956127764419,1
71.48874261811025,0.19168787287564099,0.021984027733425317,0.9768662512278223,121.8660888671875,40.08119216377485,1
263.3793061023622,0.2419436874414473,0.07080430531064293,0.9748281382428859,137.65911865234375,73.0090247766165,1
66.51783956692915,0.2553262185745564,0.04196433720680582,0.9856154199287128,140.3065185546875,49.08249658666845,1
308.0053518700788,0.23631373885964171,0.026171715769952763,0.9554694126049371,98.32421875,59.005749309182455,1
328.1454232283465,0.19401016090411002,0.09354015143862279,0.9660748293974091,131.07098388671875,70.22220262886621,1
242.95226377952758,0.18024495066334079,0.06928475853185918,0.9608223716243458,124.22174072265625,56.235882243078436,1
247.7879552165354,0.18740418242028464,0.07147270925574664,0.9712226121749853,114.91180419921875,66.14090994296008,1
145.8175442913386,0.22539053031009307,0.07928998123096596,0.9802752938460852,114.08306884765625,61.38790574799847,1
205.90889517716536,0.17485473491394182,0.019828358762892257,0.9658492977628282,116.0736083984375,55.169184051543255,1
154.63391978346456,0.28912023832501654,0.1533202552310153,0.9846870810874779,121.0333251953125,71.49017386163845,1
153.19703494094492,0.18012611977549392,0.02268638737045784,0.9613828734802218,145.40966796875,45.289307311171065,1
127.33765994094492,0.21199942013318396,0.023054662901287333,0.9575605374899308,118.08221435546875,39.430155950988656,1
95.34940944881889,0.20618031770179637,0.026301273709620463,0.9723890532336655,133.3966064453125,42.66532988535275,1
154.26814714566927,0.22460457436724854,0.05044405741572863,0.9799340862954021,131.04925537109375,62.48762145528414,1
229.03746309055123,0.21765701858456474,0.05854851604317109,0.9767755167864178,139.89288330078125,71.007651767319,1
167.53543307086616,0.21669259883267653,0.024042507600276295,0.9539442100769437,161.6829833984375,43.58773859186157,1
112.38921013779527,0.17007645676551836,0.019502238551668362,0.9749377823999109,127.67462158203125,47.98776369382448,1
110.53377214566932,0.24051239868981072,0.028528122976444907,0.9680044429803139,127.65155029296875,42.5098820231023,1
195.42285925196856,0.3126227695900687,0.16677719135720417,0.9820581317440742,115.435302734375,74.17438617382567,1
183.95103346456696,0.2590975431179871,0.12420002867659452,0.9802132328465734,113.45855712890625,68.59164729314257,1
123.70780019685039,0.24975743148545196,0.03133169221383816,0.9787666056155275,120.20709228515625,54.53435719113477,1
152.6937746062992,0.1997735404865648,0.02184935109482314,0.9693528787168717,157.3572998046875,51.25980301570564,1
221.58310777559058,0.18092230473269938,0.018637901202834744,0.961955008625505,121.858642578125,54.21585153917942,1
85.14185531496064,0.21630373823441745,0.037717807906270856,0.9846289845635368,119.74505615234375,53.183226420387456,1
64.43522391732283,0.2510049528128185,0.03163829736825543,0.9761196000604209,144.1563720703125,37.45459113893784,1
251.8390132874016,0.24456999190096468,0.04922409283825548,0.9704603764256057,135.53582763671875,66.1259548502478,1
170.1022391732284,0.2608504391708179,0.12411316310491978,0.9797717223478033,106.9261474609375,65.27029261874692,1
225.65477362204723,0.24684042355562247,0.11208066314448677,0.969626480006297,111.36981201171875,61.49718453217661,1
187.05573326771656,0.20868932410462074,0.025172684562632868,0.9293641615281931,70.09844970703125,36.4754992889452,1
207.31459153543307,0.16243133611515428,0.022840740085571392,0.9544333325038851,150.0897216796875,48.55401567637268,1
52.75344488188977,0.2888542013703737,0.04268321942373369,0.9905746848221447,136.07806396484375,53.695373970227166,1
54.46106053149607,0.3020457992831721,0.040835546381397796,0.9842491931990972,127.81878662109375,42.513960380546166,1
68.92716535433071,0.3523731646883347,0.054751832267418726,0.9881099970390271,138.50732421875,54.82619862557334,1
324.10968257874015,0.2178342243480009,0.03642134919185635,0.9595311449334879,138.080078125,64.06052347251013,1
130.763594980315,0.2956085862365226,0.042447604594662756,0.9792395816037092,142.05609130859375,56.74921027599145,1
89.47939222440945,0.2533241508748848,0.06187930830086018,0.9814797194366248,117.92041015625,49.71836957180562,1
95.76894685039369,0.22690602603397936,0.02648669098029597,0.9618446288760159,147.23858642578125,36.22487373885986,1
250.79601377952758,0.23671100977617504,0.037253360039322884,0.9622557198100241,79.17352294921875,57.76266521563421,1
235.25258366141733,0.2187295419243244,0.03347864248115793,0.9354262269246787,80.74896240234375,42.948518306845806,1
285.4856053149606,0.2253610801919079,0.0884301769419897,0.9655285520757285,138.107177734375,65.0027905594166,1
192.99040354330708,0.2206570360143248,0.028780397633984007,0.97653057181376,114.2852783203125,64.39145563397967,1
205.3764763779528,0.21301195708020346,0.025413040781121412,0.9693726373013495,87.64208984375,57.95343527424132,1
171.97053395669295,0.21045488601012147,0.030308447599562045,0.9688962096278579,142.26947021484375,53.38479748122967,1
205.08329232283467,0.19838667354889794,0.022617141302281082,0.968757140862698,118.7919921875,57.690185806721075,1
180.49003444881896,0.23658541144424036,0.028156141588815593,0.9795119912255819,128.2462158203125,66.67116861469817,1
130.50541338582676,0.2479591282914893,0.03224173512458851,0.9724737020722497,142.20184326171875,49.720221576478366,1
369.4814222440946,0.2174590714329067,0.05661960711710191,0.9548151487353254,145.2777099609375,64.95518588285337,1
197.88890255905517,0.20070795524942117,0.022306309190746283,0.9649628129817126,100.16497802734375,53.445650571073955,1
142.5651451771654,0.2357986771950663,0.028535152433591216,0.9606753214906382,152.8724365234375,43.43158218480041,1
97.41160187007875,0.18461844119329415,0.023252586587855607,0.979598737510859,114.29949951171875,49.364332903734876,1
74.77460629921259,0.24253300436871805,0.030473370472204244,0.9515462995145615,153.0723876953125,28.475217676785498,1
103.20743110236224,0.2200830363180994,0.025821450485483927,0.9746269038054483,137.085693359375,45.61859683672092,1
196.80487204724406,0.190287521908121,0.0231306983739239,0.944477147244798,73.0374755859375,42.226566829028336,1
153.23966535433073,0.20199211014956123,0.020609382282530817,0.9621563888794423,126.55328369140625,45.62209261614766,1
285.1388410433071,0.24805799564119074,0.1115847513697592,0.9661698761697293,116.86041259765625,65.42487797790312,1
243.50393700787404,0.20984415910176377,0.07521679457234161,0.9698373369939509,120.905029296875,64.12963432860221,1
191.6572342519685,0.2109222034430535,0.04066919110739102,0.9734544863426363,122.2542724609375,60.58880740549608,1
162.0792322834646,0.1712476100902106,0.01964443554749209,0.974881435547678,124.00079345703125,57.10726793184872,1
88.11860236220474,0.2148040897401029,0.02400556993462847,0.98101827879538,122.15667724609375,48.78780385780754,1
218.1953125,0.23790107464007867,0.0887017838528018,0.9763237829438483,133.01861572265625,68.54339308769592,1
209.63471948818898,0.1742888054173437,0.021050433707845394,0.9688108801610069,117.4560546875,58.430327496502805,1
302.11140501968515,0.22008041777803963,0.04124333866875354,0.9624251461058605,168.73651123046875,64.23239738606445,1
182.27528297244092,0.19699871596386745,0.02348693494344997,0.9723285204281388,100.00970458984375,57.644468359774926,1
203.01703986220477,0.17986457654277635,0.023132988663564648,0.964505617917904,83.0179443359375,53.57135141705168,1
261.4704724409449,0.3076010406396625,0.20100904407998013,0.9742708720761691,100.52166748046875,71.55697658305436,1
260.02171505905517,0.24675149412917557,0.11635313873710877,0.9740431955145689,122.29327392578125,71.31012994304737,1
221.89000984251973,0.2704264845493534,0.03909702075303743,0.9783988847288532,126.2862548828125,71.87854588085901,1
237.12260088582678,0.25880955318225424,0.03386415389538205,0.9651386804210697,89.86181640625,58.45150711157695,1
233.90514271653544,0.29338887989008255,0.16191735428766688,0.9694424622254395,83.4400634765625,61.99993263601962,1
204.78850885826768,0.25598109930804,0.0693010873565274,0.974423692266786,122.4248046875,63.664332068248605,1
325.2776205708662,0.16244109283236915,0.018668179909742337,0.9503863048979955,101.87969970703125,57.478969217890736,1
254.4221825787402,0.27873032660723407,0.07705621567307795,0.9774747853083522,140.60345458984375,75.85127026271975,1
234.4252583661418,0.18105217681982586,0.018651144674885788,0.9471354762546953,132.22991943359375,47.42679320504615,1
288.09584153543307,0.26117402762073155,0.10612398146084977,0.9726662526242295,127.59454345703125,73.17599365151317,1
198.6859621062992,0.25355219477221713,0.09711245282148237,0.9745193377217909,111.0018310546875,62.906635163739296,1
230.23855807086613,0.23477088195658147,0.03660181838479775,0.9687629054910616,115.6025390625,61.03690896702154,1
98.77097687007873,0.22048445196876318,0.028532931047041323,0.9810277103443834,134.8306884765625,51.604409063372735,1
102.80887057086615,0.20516767662466057,0.022705978418196375,0.9733779526030771,136.56298828125,44.512108685006154,1
270.22699311023626,0.1607568310519861,0.016190799973324205,0.9354344349027458,88.1187744140625,45.90897875294727,1
135.2540600393701,0.19138844663692695,0.02657743737399813,0.9770865902873777,146.99371337890625,55.23712552407112,1
64.86195866141733,0.23707055029145965,0.02503864754844483,0.9834633996833911,126.519775390625,44.96766524434725,1
205.09215059055123,0.2294949212184532,0.09136467922588185,0.9741557540206252,107.72412109375,63.391122319106806,1
229.76174950787404,0.13975843023562945,0.016194597551714922,0.9625448098039712,120.04058837890625,55.68022298786194,1
91.79066190944883,0.1982243066855899,0.038299840086481206,0.9812067819941532,120.7344970703125,50.26140351202913,1
159.14628444881893,0.1934426654198746,0.02034916397942,0.9675905399262321,127.8399658203125,49.986221484325874,1
130.98505167322836,0.2153547163909115,0.049672985701903274,0.9772541542345969,104.1824951171875,54.2220326926358,1
100.12961368110238,0.20816546661627555,0.03957585900388859,0.9793639528210144,130.358642578125,50.079869446149154,1
90.93448572834647,0.23307503583746442,0.03484110992062672,0.9766986667239552,156.184814453125,45.19617907947021,1
280.7410802165355,0.17823655970818428,0.017499905892415898,0.9544487701811973,120.259521484375,55.71655612237901,1
100.40495816929133,0.21563869949674672,0.02915882145990762,0.9667843575512589,143.655517578125,39.91458756659048,1
162.5668061023622,0.16984320908875894,0.01974042175456719,0.9688688995830563,125.03955078125,51.55863998992509,1
171.83292322834646,0.1698077497072728,0.021271377153293566,0.9712943365660544,138.9619140625,55.127491304323286,1
174.0955339566929,0.17933763520132898,0.022580134408817242,0.9729366569533147,138.8955078125,57.07685628839034,1
257.4865280511811,0.25400609795710866,0.08498180729577684,0.9730171814880957,151.888916015625,70.02046725191528,1
291.0822465551182,0.21929186920592422,0.06261999491326778,0.9584684887975179,122.15087890625,59.926303121985995,1
247.87573818897638,0.20150765701060253,0.048883465078619036,0.961843893367638,115.66259765625,57.62307906310734,1
439.1558193897638,0.19259643295760082,0.06299481423716775,0.945089693553428,119.968994140625,63.862998356986786,1
282.0118725393701,0.25944484208172264,0.10793942901244231,0.9705257277681424,136.0535888671875,69.92597532887369,1
131.9311638779528,0.18449049797854505,0.0222059921811938,0.9793515985450474,136.82940673828125,57.13038590062122,1
154.02682086614172,0.1466120022904549,0.015693570379862853,0.9676773119308991,115.182373046875,49.212556076865674,1
160.43251722440948,0.18939972618607492,0.02394017937996385,0.97266983277518,147.60638427734375,54.66632769408797,1
170.65342027559058,0.14519225664696497,0.016947839779423667,0.9670855907364717,129.96923828125,51.72615393572467,1
218.82068159448824,0.1908633924584339,0.024451252412823647,0.9693968915480502,131.7296142578125,60.41482484847818,1
218.82068159448824,0.1908633924584339,0.024451252412823647,0.9693968915480502,131.7296142578125,60.41482484847818,1
197.10451525590554,0.3534721758322712,0.06794323167984151,0.9869553622063841,144.304443359375,87.3790694173882,1
515.4128937007874,0.26561156414742954,0.12320987775771312,0.9524240499165435,134.2642822265625,74.24930524731805,1
162.13828740157481,0.17622543772874727,0.019510968335252052,0.9698151259565655,132.89398193359375,52.34063706148051,1
170.60279281496062,0.20670480749847886,0.022020618680259372,0.9720520896014042,102.55755615234375,55.51351941356224,1
170.60279281496062,0.20670480749847886,0.022020618680259372,0.9720520896014042,102.55755615234375,55.51351941356224,1
183.7511072834646,0.208896237433274,0.03694372793031322,0.9673762842058958,115.3740234375,53.48350312449813,1
195.36331200787404,0.18855354445734582,0.020004491855639763,0.9532114729615392,124.87255859375,46.266854444747054,1
167.3861958661417,0.20680142122493894,0.023671136746757873,0.9645813543484799,83.1044921875,48.77416462732795,1
148.13176673228347,0.1825666704960369,0.022357187527958983,0.9685712614150194,123.935546875,49.12703131826958,1
200.71850393700785,0.23569499664625818,0.08666379104029176,0.9798041491073098,124.091796875,71.06761278533011,1
149.8328617125984,0.2255306777711501,0.03266034378642813,0.9787245219053234,111.177734375,59.67154075207308,1
336.30296505905505,0.16875812352215694,0.018285187469794684,0.9375850842994389,108.193603515625,52.146030427621476,1
423.04693651574803,0.2551815588594314,0.10203971872869814,0.9579749755882072,145.02947998046875,71.62993579997189,1
176.73818897637798,0.192118387428628,0.023175563123016475,0.9716919671293186,91.28460693359375,56.114916944414226,1
236.16947588582684,0.1609780222641836,0.017819563095691045,0.9608683327417864,117.00225830078125,55.415617662670094,1
164.10697588582676,0.1804521956445554,0.024542547828048697,0.9649266590401521,146.6759033203125,48.955973279474826,1
212.19611220472444,0.19999187314759287,0.02735085902312834,0.9739355699135405,137.0919189453125,64.1710159283963,1
212.19611220472444,0.19999187314759287,0.02735085902312834,0.9739355699135405,137.0919189453125,64.1710159283963,1
302.8244955708662,0.16869862453969445,0.028077811795145163,0.9580995880687401,103.67333984375,60.448604583331836,1
137.3578986220473,0.16469339097356026,0.019213112257604255,0.9738940744506608,99.95892333984375,51.63001342099885,1
185.90932578740163,0.16815897439785185,0.01976513524770841,0.9736232634822083,117.41375732421875,59.845628713115396,1
139.43245570866142,0.18443433420221547,0.036902322556802,0.9738244952234925,131.17730712890625,52.36769853430352,1
223.41738435039366,0.2382491564845051,0.06558226470148373,0.955700663902044,98.39764404296875,50.545709963546834,1
221.58507627952753,0.22170364183312158,0.05327167882290473,0.9712680245090388,119.12481689453125,62.37752734218367,1
197.56102362204723,0.19460889054381256,0.028221887261247428,0.9616790410447607,116.4896240234375,51.23463245928039,1
199.30917814960628,0.15606075629981558,0.021513764226010836,0.9683173148314226,118.48883056640625,56.80729247868955,1
273.65218996062987,0.1713861328784841,0.026474329730711326,0.9605015668518598,125.1788330078125,59.61706209613207,1
360.9930487204724,0.21337489873340695,0.05783564919118693,0.9604431637627905,134.831298828125,68.29824932751696,1
245.12758366141736,0.24921112956411648,0.09962510054412387,0.9716947587381346,144.09375,66.07222148640409,1
272.6720595472441,0.1568672539355317,0.022608313712699894,0.9530701723099793,120.1251220703125,54.41823975562176,1
198.39431594488184,0.24824716107120276,0.12324344286984174,0.9776352090591218,112.54791259765625,67.0587230580187,1
360.8696481299212,0.2223540770090288,0.07755247683061056,0.9603264932684827,138.112548828125,68.26725062973122,1
405.2605807086614,0.2792031637314061,0.11112013235242285,0.963040009177543,130.81988525390625,74.64563070394648,1
449.67365895669286,0.2991591479108899,0.1367072248259951,0.964515762549973,137.780029296875,80.2036087044585,1
235.38084399606305,0.27633741053575683,0.15416271120612693,0.9748749651819729,121.7479248046875,68.83854956590889,1
230.33673720472441,0.2381269967471984,0.03551235989568814,0.9741207186768849,99.8323974609375,66.810557701058,1
308.8323695866142,0.14463443464172399,0.01773313477277901,0.9599134296797495,120.7767333984375,62.32822355746483,1
263.988312007874,0.17389694487455598,0.05381279710223484,0.9640314324482823,119.62835693359375,61.259313538438576,1
241.0655142716535,0.31330519132497203,0.20470788381826951,0.9750457330956943,89.4837646484375,69.67593167074838,1
275.6494832677166,0.18877220291954813,0.02754789626403364,0.9491451879234513,85.782958984375,52.26860756282792,1
422.59012057086625,0.19712279394359056,0.06720849554423322,0.9465269224144802,132.51397705078125,63.70043109610445,1
171.59565698818903,0.1822884622012182,0.03630539375430901,0.9774015100659678,129.67596435546875,62.3968546807097,1
374.3765994094488,0.20917559126397955,0.0412042794038526,0.970336251015952,143.02484130859375,80.00014224596248,1
255.62690698818903,0.21261591905858349,0.0336334785680254,0.9540832071413679,148.52239990234375,53.69170381717505,1
334.2017101377953,0.24465378348988612,0.11070695057939708,0.960557433368591,118.4442138671875,65.569292302003,1
236.57818651574803,0.22892776763082243,0.03825438785901895,0.9709843281536169,109.2388916015625,64.1134472425726,1
215.33323080708658,0.21710143722560266,0.02631537002305922,0.959246380755149,95.1790771484375,51.747722830030476,1
383.5659448818897,0.21626588671917452,0.08308473244890706,0.9587259510129098,133.07080078125,68.90247025449268,1
310.44334399606305,0.1696977556290269,0.05617251846519963,0.9583306220044935,121.31573486328125,61.70132650797522,1
278.05234990157487,0.27420665605119154,0.17659310797927227,0.9629200209157946,92.570556640625,61.55666039310979,1
293.3586983267717,0.1579015626405975,0.0627709960401494,0.9560141381868524,118.26849365234375,58.388254179244456,1
314.2266240157481,0.16475953261026077,0.0592591772614709,0.9574059211513709,127.44512939453125,61.322832510152516,1
238.32092765748033,0.18995407787293914,0.018118032666326948,0.956471052581523,111.15948486328125,52.53879139454464,1
292.8000123031496,0.22233202869267496,0.12446577237627464,0.9545191537630963,96.445556640625,57.05496587193075,1
67.1941437007874,0.21670062949915928,0.023543701007846463,0.9739750387445897,130.54107666015625,36.412635534594,1
232.33267716535437,0.20430573996722007,0.09611563480399149,0.9589708733174676,96.05322265625,53.657491926196094,1
172.3099778543307,0.21037525114379899,0.0237117475969892,0.9678649914221645,133.59124755859375,52.1958519145552,1
173.81262303149603,0.19667942108791914,0.018289377802139677,0.9647270403146815,110.84814453125,49.91898232498258,1
234.7769438976378,0.268117902349319,0.17511069528276552,0.9689823209186815,91.79193115234375,61.817022085843526,1
309.9727485236221,0.17979935681992404,0.07592620917403567,0.9561275989149504,115.88958740234375,60.04276494338481,1
56.28334153543308,0.26731870977699884,0.02496247356698059,0.9825408333048643,96.86761474609375,40.3341117096468,1
174.0230068897638,0.23388414887656453,0.0866411586221274,0.9776472745628614,116.60870361328125,62.91941421753372,1
347.4184301181102,0.2523235826940964,0.08605415543180148,0.9648950581183887,138.22650146484375,71.10412117564384,1
252.2862942913386,0.1954807416801602,0.08032080620369467,0.9619467471674611,105.01483154296875,57.89309911418514,1
208.43497785433067,0.1869363311309657,0.017638239559932937,0.9454853377089574,88.23883056640625,44.043585573558765,1
238.67673474409446,0.2491618213743542,0.02567341153698391,0.9620935418721024,134.90118408203125,56.41414906225443,1
222.2433562992126,0.19144327593296584,0.017730467117031832,0.9491602073996791,92.53125,46.91043842684097,1
185.85334645669295,0.2677333577475887,0.03437406756361379,0.9784264786821538,148.45196533203125,66.05206011772587,1
151.74987696850397,0.25022288866469333,0.029502397364545768,0.9723115603649102,138.95806884765625,52.77100822111507,1
134.21610482283467,0.19723499111553408,0.02300236610228674,0.9711742821734115,130.94122314453125,48.75410539472399,1
227.79195374015754,0.20431746189002828,0.02332079776137663,0.9648620979274476,120.0177001953125,57.098477535731185,1
350.43491633858264,0.21450570587503684,0.023020578702126634,0.9500006816674408,123.05572509765625,59.404141760383254,1
170.5826771653544,0.22297481373613892,0.02256835819484444,0.968429053929623,118.4647216796875,52.35110816351387,1
163.7628567913386,0.22163862186022257,0.023943656633524147,0.9759440942367351,134.6331787109375,58.40619639304402,1
296.9972933070867,0.19701759820797515,0.030833691005819876,0.9547762856626137,147.63079833984375,58.46844815693531,1
208.47311761811028,0.18860367486381072,0.03915519644992547,0.9694491467546583,129.54595947265625,59.2731246658108,1
229.57289616141742,0.28214351404168425,0.12851889747746595,0.9793550298335237,128.781005859375,75.11102388300849,1
256.96124507874015,0.1312885363030537,0.020570189163030668,0.9481396920739494,123.3974609375,50.24986015604023,1
254.3692790354331,0.1476203765870019,0.029707648301873335,0.9570915109637597,141.76995849609375,55.41731768995545,1
173.12198572834646,0.197493687902399,0.019854678212264925,0.959182845359365,121.9871826171875,46.42574776394302,1
286.8313238188976,0.23216598709536354,0.02697807478508429,0.95806894088295,119.547119140625,58.77639534629335,1
172.28863188976376,0.29265283217454846,0.12777992928766435,0.984464966696791,127.6588134765625,75.01447319959313,1
150.4241510826772,0.22225395597214392,0.021940003548228098,0.9680853971669201,109.26678466796875,48.83407643993811,1
161.37346210629926,0.18862740184435403,0.02115846650709173,0.9678817765224744,133.2650146484375,50.58190880820361,1
203.0696358267717,0.1754373775730605,0.018627391064388106,0.9643940275893326,123.00018310546875,53.74257704435856,1
150.37413877952756,0.1932713108154605,0.023759417460921386,0.971246340796012,144.8006591796875,51.48305844821838,1
120.5123031496063,0.22491500061297065,0.021297912242601108,0.973681157257072,121.08935546875,48.30363886208734,1
184.4614911417323,0.23652400983763255,0.022497277104100936,0.9634604587930953,122.68145751953125,50.58503469681503,1
128.62604576771653,0.1945981153028426,0.02043522224839133,0.9584178792824773,82.1214599609375,39.39934011356204,1
142.55591781496062,0.19867303511802514,0.021127055052820552,0.9700565480359971,126.36724853515625,49.02799298154659,1
156.7879552165355,0.20544471493162572,0.024139974069867676,0.9687890666431783,129.21246337890625,50.50118045143504,1
94.06453001968501,0.22700981485629912,0.025010293897399304,0.9795646694151483,129.5047607421875,48.65892034450771,1
94.06453001968501,0.22700981485629912,0.025010293897399304,0.9795646694151483,129.5047607421875,48.65892034450771,1
382.3695866141732,0.16301543863083723,0.03161316975114471,0.9444082364063032,129.3167724609375,59.47714792199231,1
186.2645792322834,0.16517523058116798,0.05784945327648325,0.9689322072653246,118.96575927734375,55.53502960841984,1
171.871062992126,0.18987954677858251,0.019239486604581663,0.9506993714373182,107.363037109375,41.99576994549605,1
241.39997539370086,0.22426951056735517,0.09092856818449986,0.9695266077694695,112.35955810546875,63.46065947095352,1
256.9063730314961,0.15214898395365462,0.03299231854156183,0.9546600427749294,110.60504150390625,53.78379616533526,1
251.50855068897638,0.1742594146409189,0.017428020484241455,0.9334285018617129,97.00836181640625,43.808321795042495,1
259.566375492126,0.1999740271927902,0.023039105408131755,0.9602773591727736,122.74310302734375,57.41009536947451,1
246.12862942913387,0.17806295615559556,0.021721897902044682,0.9599354165894579,149.2276611328125,55.66900297372223,1
246.12862942913387,0.17806295615559556,0.021721897902044682,0.9599354165894579,149.2276611328125,55.66900297372223,1
206.9375,0.19058426430034203,0.017927698575198932,0.9566403352107337,118.5509033203125,49.15372040003159,1
162.78168061023624,0.19492071495863766,0.020603184351641456,0.9695841900013683,125.88714599609375,52.132728985295515,1
202.5951648622047,0.21533708276909785,0.05490269311453319,0.9746641737918403,139.7991943359375,64.04673936719695,1
238.70054133858267,0.2292636936162269,0.12240927488721076,0.9671331844174454,97.843505859375,60.64933203573494,1
149.9352854330709,0.16041261525188805,0.017339858889906846,0.9742404963669319,120.400146484375,54.38980280707593,1
78.36195866141733,0.25914900003239594,0.02457063267697485,0.9716055800257893,129.16021728515625,37.44948292486167,1
231.45816929133863,0.23649130773666208,0.14106844667152332,0.971415217185222,104.03839111328125,64.03253245916594,1
197.6075910433071,0.205811412515442,0.026055495965050666,0.9767646072429816,130.899658203125,65.41746436111585,1
150.91012549212599,0.21018110751874852,0.09553671951415144,0.9729535281808721,104.94146728515625,53.42838170738949,1
197.21186023622047,0.2277811930178385,0.07353943316784024,0.970924949354296,116.4847412109375,58.91515505121258,1
205.30653297244095,0.1488210793617267,0.01597580675791005,0.9401149603638603,98.81243896484375,41.63190473957215,1
157.82117372047247,0.24104097750190837,0.029926605316243155,0.9774492032679846,133.6533203125,59.60940001400964,1
276.8597440944883,0.20308775879133265,0.021084606767479776,0.9545831432773363,109.6260986328125,55.464528602695054,1
269.8427042322835,0.17709686902556457,0.061987823231065074,0.9581833266948483,119.5863037109375,57.45643409791112,1
195.94291338582673,0.21870075767789796,0.024158817130168462,0.970121845589006,125.8836669921875,57.55124259517322,1
176.26218011811017,0.18656741346781608,0.022004287115986548,0.9566845035877476,141.94073486328125,45.95975854074995,1
486.92759596456705,0.18703810145835126,0.020071722291037715,0.9298480402642606,122.32421875,59.125519119145146,1
261.6176796259843,0.22068425683119863,0.02371043093268449,0.9473844617684013,82.91522216796875,49.89527438526533,1
290.9923105314961,0.213576869369598,0.02202590235558181,0.9568505992141595,127.6951904296875,58.244517465240094,1
193.35617618110237,0.2323018188623333,0.02548449029695974,0.9668446115520027,137.58795166015625,54.32915253606231,1
408.00313730314963,0.16332354720837625,0.018346807583437118,0.9258066360413902,130.17230224609375,52.72100211848593,1
150.39345472440942,0.2446771700058487,0.026774583579329398,0.9711178758392593,146.25048828125,51.79968530041972,1
194.78721702755908,0.2033083215707998,0.0730550985028348,0.9772320392383359,133.93829345703125,66.16525231335005,1
98.57080462598425,0.23634805680150442,0.023188214141964047,0.9676625137403682,130.5467529296875,39.712436945470124,1
95.79675196850395,0.22849121047581683,0.023164906423986036,0.9795180971838708,115.654296875,48.7522184600768,1
87.7367741141732,0.22964690788003123,0.021109091066649634,0.9696596046673264,85.63330078125,38.14750622126849,1
169.77589812992125,0.2023136341474225,0.02972665382318831,0.9785567388075281,127.5770263671875,63.67660488218236,1
335.3854576771654,0.17268916567817574,0.08051457373269284,0.9520301962335951,117.56280517578125,59.62368734504157,1
154.90514271653547,0.1895695172507001,0.01868469329866602,0.9697674126248259,112.4029541015625,50.885235898875635,1
201.88164370078744,0.18712691342067217,0.020353858998178848,0.9679801291350912,126.49761962890625,56.48429498782235,1
250.34276574803155,0.16997529114052629,0.016367062160012984,0.9618748927775339,107.126708984375,57.47732810936057,1
166.2250246062992,0.19734552570726374,0.01914914194390621,0.9674555768116331,114.626220703125,50.88820046203039,1
351.0796013779527,0.15085098602834465,0.015070416670731055,0.9297129574774248,113.32470703125,50.12125711664894,1
351.0796013779527,0.15085098602834465,0.015070416670731055,0.9297129574774248,113.32470703125,50.12125711664894,1
351.0796013779527,0.15085098602834465,0.015070416670731055,0.9297129574774248,113.32470703125,50.12125711664894,1
155.5343257874016,0.2021755655143623,0.020855970656693684,0.9695604777710807,128.84613037109375,50.99128504752019,1
263.83575295275597,0.18608819088425219,0.02077024370224332,0.9601641048319682,143.215576171875,57.882548665379765,1
204.5242372047244,0.1516160553328501,0.018742829864706732,0.9573723664939339,140.33966064453125,49.90678615164876,1
122.96788877952758,0.21472080820705863,0.021560765092043386,0.9530144933849037,79.25018310546875,36.449829318386655,1
216.82781742125988,0.17793273500879314,0.025721197434730784,0.9711101040533131,136.64105224609375,61.66122419403966,1
102.60648375984252,0.2362588425184255,0.02268013134614256,0.9802715559573552,115.9547119140625,51.33751364633575,1
96.67525836614173,0.2314337806927458,0.024553993681264062,0.9497767445822134,78.31829833984375,31.48259249195512,1
164.17378198818903,0.2440780129406793,0.022637168408065768,0.968585318416436,120.5311279296875,51.40466142869602,1
166.31686761811028,0.1872269307703823,0.020636493534551985,0.9702168272915636,126.4674072265625,53.179997150157945,1
112.94426673228348,0.22852372221073425,0.024207287108099,0.9738096049298144,133.99517822265625,47.067353135108355,1
126.86700295275588,0.2212442084095014,0.023181563015297904,0.975598595775551,116.11407470703125,51.201802910039795,1
190.88914862204726,0.19828636198064345,0.02333272131050389,0.9744874357939692,132.73907470703125,61.467042875723415,1
275.08335383858264,0.15516221766594418,0.04862984271290417,0.9567034316353789,134.56463623046875,56.95438931972417,1
206.15754183070865,0.29456065192538466,0.17530006082698693,0.9725856980258704,83.7796630859375,61.524482919560576,1
125.32092765748035,0.21223599603276702,0.021242047836704657,0.9812366070784349,114.96624755859375,58.16131905409765,1
96.10771407480314,0.2042103629046259,0.019373652137920958,0.9721114592823332,104.5706787109375,41.7982798785893,1
118.95398622047243,0.20628694047273954,0.022133918374604482,0.946426723276138,80.0369873046875,33.353490026957516,1
140.7850639763779,0.19703046380411146,0.022401363172841044,0.9752883844019958,132.17138671875,53.671620692909705,1
111.44814222440947,0.2443060372756347,0.021969908253655725,0.9673302468880369,99.54461669921875,41.458835553871545,1
115.27233021653545,0.2530058950572773,0.02798192411551828,0.9677401675336458,134.38848876953125,42.449444503821006,1
94.8781373031496,0.2242455493798134,0.02186843745114793,0.9631994415736554,108.39178466796875,36.13005321746151,1
209.14499261811022,0.21158076909641116,0.09052653174713196,0.9695359856693889,112.69268798828125,59.193457909044284,1
108.6376722440945,0.22123762326021396,0.02291067301459016,0.9699997747378617,130.53131103515625,43.18458571582229,1
166.19272883858272,0.22212821918595865,0.022443555102288418,0.9654344932978292,106.80218505859375,49.14878949078108,1
163.16658464566933,0.18332740553635563,0.017863150054888935,0.967603938280295,111.9154052734375,50.530700870371746,1
117.61103592519687,0.22247461796950627,0.023364325729270122,0.976795647233557,123.10858154296875,50.70882325058118,1
137.75036909448818,0.2200753003497639,0.02186051928525159,0.9555345401141392,94.55584716796875,39.486680423891265,1
285.79152312992125,0.2255294094798447,0.1336491175709498,0.9687448802314788,113.01165771484375,68.04209170426947,1
123.11681840551184,0.22153955094913452,0.021524491213907947,0.9713272555328177,131.440185546875,47.002635724016955,1
219.90588090551188,0.15003755990822426,0.015742443625231563,0.9475219672306293,116.7271728515625,46.01209827227387,1
241.58144685039375,0.20345705701269937,0.020926704525072885,0.9602665549476634,130.93035888671875,55.44709278984616,1
123.29822834645668,0.22053221291468209,0.023888316265459574,0.9752783287226713,142.580810546875,50.552827005898756,1
157.3024729330709,0.2426912227070952,0.023894968627895582,0.9751232503711671,113.232666015625,56.46181099557623,1
156.18343996062995,0.20676193184572503,0.02247177937681336,0.9780174489036796,131.09912109375,59.95578969522062,1
174.95903051181105,0.1725474904004924,0.01769628560648441,0.9637970447364504,133.4644775390625,49.654392299958786,1
153.23271407480317,0.23281143029142,0.024824100662116343,0.970255414681164,141.9644775390625,51.27236514544549,1
130.82707923228347,0.22559101707063609,0.023278895326088775,0.9770245883136847,122.39605712890625,53.72140238125989,1
135.61780265748033,0.2357471964285956,0.021754885783125354,0.9803084076655944,123.2550048828125,58.85106654966568,1
164.49741633858272,0.19212372560880173,0.02259378880230051,0.9759113220359253,116.5736083984375,58.7844351523316,1
117.83156988188978,0.24193043766619732,0.03054661082813276,0.983214038751149,139.40924072265625,59.81295972801757,1
126.24077263779532,0.2050729381438872,0.023906091358429225,0.9689875319336921,140.86883544921875,45.830797318749944,1
157.73480561023624,0.2216411887607427,0.023554427315167943,0.9777639094478356,128.6138916015625,59.88082212846796,1
120.6208784448819,0.22183230094869338,0.028966994341514535,0.9691257760378674,154.774658203125,45.30757788331557,1
112.92974901574806,0.20062501716666656,0.020792140834594595,0.9705481443426085,113.8216552734375,44.1640679428432,1
228.94057578740157,0.2241407450916213,0.022381082794630584,0.9591381320770737,129.50262451171875,52.976621768941044,1
172.75744340551182,0.1974852937482287,0.01920498599777394,0.9666133986207335,99.42755126953125,50.98979294505804,1
116.9345472440945,0.23248124635207676,0.02515313418648435,0.9703836179893838,146.197021484375,45.0250093363435,1
136.54650590551185,0.22197122502836392,0.021226721746158507,0.9755606017117493,117.99151611328125,53.09663639700739,1
218.11958661417322,0.17642366935785433,0.021394130063168957,0.9496736445181231,150.07855224609375,47.07397995519369,1
207.14585383858272,0.2361470626477665,0.023617841691638518,0.9730261323360525,116.70989990234375,62.162369369770715,1
109.53709399606298,0.2038645897213163,0.02365962366393145,0.9718117955980309,144.51446533203125,44.742430026323106,1
217.9717027559056,0.234229107980156,0.02470740026084365,0.9684521521190277,123.33026123046875,59.031446427016704,1
213.63281250000006,0.21567183519807176,0.02123376242878432,0.9579239518742917,108.91522216796875,50.67894336420368,1
184.69832677165357,0.16744921526869588,0.01769452133222443,0.9671200748661486,115.27606201171875,53.334788197299915,1
175.87057086614175,0.2187536103573103,0.02172363993929127,0.9629380820004133,100.62725830078125,48.839840261114006,1
170.3894562007874,0.1956257934291259,0.019975149470105008,0.9545011295428525,126.92889404296875,43.82045955802459,1
161.26507135826776,0.2092679545901226,0.022241239674873615,0.976241807285985,136.3104248046875,58.618769231085,1
177.0301427165355,0.2087458073698977,0.024674947301801354,0.9710307461517549,127.80914306640625,55.36398457468869,1
159.1827632874016,0.22229178670413235,0.026880340671886573,0.97680585375937,147.5654296875,59.062928786563056,1
204.9670275590551,0.19698981696585363,0.024536456612535635,0.9703412337786165,130.791748046875,59.00804132230058,1
158.1529896653543,0.23883888614703103,0.025819728441131694,0.9756525359509082,139.59295654296875,57.47822512886016,1
141.04398375984252,0.1936242711795998,0.01904024199934607,0.9639767850565469,114.52435302734375,44.7950807616828,1
139.81440698818898,0.22719197367331023,0.022762988033161933,0.9747264032587756,124.77301025390625,52.84160326592828,1
149.01783956692918,0.22945988593095087,0.022485205051933292,0.9751811933234528,127.34759521484375,55.30474513371252,1
155.64530019685043,0.2258657576345029,0.023142229315010344,0.9669758789177142,106.06500244140625,48.67538345877095,1
403.63176673228355,0.14522283713468087,0.054793113074640375,0.9415608802316019,124.899658203125,59.29636087458582,1
134.52682086614172,0.2787029340459327,0.0301171892449471,0.9788961700026191,139.994873046875,56.801692093553996,1
141.71776574803147,0.19343456668739237,0.021153771179172495,0.971413203049771,106.00811767578125,50.03558543268602,1
282.9802534448819,0.23694689217413598,0.15076512782587695,0.9703720380856576,111.92425537109375,69.54770126697736,1
283.35832923228355,0.20672681113760794,0.020956430036790347,0.9529625081594292,100.081787109375,54.964699478833026,1
269.02620570866145,0.20937919247643866,0.023175522302103423,0.9573168361528647,132.47705078125,56.262160887646516,1
148.71487450787401,0.22250013605970972,0.026806470979831028,0.9702471079467044,144.34814453125,50.733815696742006,1
141.15828001968507,0.20010851563304427,0.020814378546324112,0.9709957120582275,138.25823974609375,49.83412450385347,1
148.41037155511816,0.2381331041171791,0.029020017459104555,0.9668902598171298,142.27557373046875,48.33661291893076,1
275.4976624015748,0.19130637027816988,0.084782795114552,0.9644543121830197,122.87823486328125,62.67807058404238,1
157.58753690944883,0.2145250788891493,0.027066929133858268,0.9643041073843058,158.34478759765625,47.22620469703998,1
131.58212352362207,0.18590033031058398,0.019921132038888154,0.9715584176009726,134.53955078125,48.66644881664577,1
132.26224163385828,0.236889056325532,0.023883048497754744,0.968560040321507,142.73675537109375,46.33931780495515,1
228.5434916338583,0.18819116338424033,0.01883336549001197,0.9536437824143202,118.67413330078125,49.90314789450721,1
175.65397391732284,0.15400966688311543,0.016853069710795043,0.9608528993034834,122.27813720703125,47.93181696621093,1
311.2315452755905,0.2565150604788704,0.03490307267773716,0.9654199533503329,134.80621337890625,67.50324867737397,1
366.38324311023626,0.3939933028926156,0.27805089529896115,0.975289886654567,107.2139892578125,86.28334519936541,1
274.7645792322835,0.20693168532758785,0.05598892904646732,0.9665248254292196,111.89208984375,64.4292508884483,1
192.84547244094486,0.24550285209864195,0.03253479459306941,0.9692894086226033,146.73486328125,56.67953095154862,1
143.7273622047244,0.22626808380821598,0.0814733642904628,0.9785511266270546,120.784423828125,58.500361298297186,1
202.02706692913392,0.12728398024460752,0.0163616278819897,0.9612005537677223,132.24041748046875,51.39935126317188,1
192.54502952755908,0.19411814439766406,0.02305408840490561,0.9732851185014598,123.50213623046875,60.40994290256536,1
130.3619586614173,0.2156311059242472,0.021870211073364492,0.9676629638798785,107.87567138671875,45.45645220197514,1
134.1391486220473,0.17802264818316613,0.02938051631821318,0.9760938945784429,105.26068115234375,53.40675835338896,1
331.04822834645665,0.26155526823243597,0.11963350124627711,0.9665711708250245,121.696044921875,70.90793208795593,1
273.6710137795276,0.17177318081937418,0.017827790200516842,0.9528636660567144,114.72088623046875,54.100349497193655,1
219.45429379921254,0.3046242524237417,0.13600095458771347,0.9812138061274917,118.280029296875,76.81742763892606,1
172.06932824803152,0.17250449966929335,0.021145674880554948,0.9773442117905281,123.84326171875,62.18816420425647,1
125.74495570866145,0.19738754621448054,0.02297520542909664,0.9839919902269091,110.8070068359375,62.93363521312451,1
163.75092273622047,0.1835424702661451,0.02112723416776134,0.9753160914855138,108.26507568359375,57.950093746715034,1
130.78334153543307,0.22115209802831007,0.03424593350718975,0.982534872985896,103.66326904296875,61.4933876292879,1
175.89486958661416,0.22677709569266058,0.02266122766896848,0.9719315493959515,104.42626953125,56.14250086753999,1
252.0175319881891,0.34955753947775253,0.19305275123887122,0.9767548191348007,100.76470947265625,73.80830750681177,1
252.7881397637796,0.3031245553253505,0.1323381326006954,0.971290713666503,101.89544677734375,66.66662827060694,1
216.5560408464567,0.18809945612589987,0.027481708613915898,0.9557114897408141,105.87255859375,49.91717743837822,1
186.08612204724415,0.20170879266040712,0.028146799234386573,0.9698807190003049,107.3804931640625,55.96070028089949,1
133.25516732283467,0.1631041077692661,0.020472548153537055,0.933568965969749,132.46600341796875,32.22792616802678,1
82.98031496062993,0.1596611781397274,0.023527260589644605,0.9734223045516023,155.14752197265625,40.480613638250375,1
235.91843011811022,0.2182394638456386,0.0875361421197161,0.9693326658961624,114.9444580078125,62.60599676630609,1
232.07301919291345,0.21619350329014123,0.026278567077927674,0.9597807720955062,130.15185546875,54.3720871748063,1
196.0457677165355,0.20937179726965915,0.027219345660251925,0.9689070218261865,119.04156494140625,56.53136913848852,1
146.62549212598427,0.1875222907437837,0.021963706590455694,0.9725676569678982,114.71270751953125,52.225210174558036,1
238.94162155511805,0.21261298258018912,0.026889419383703456,0.9492755960443152,78.6868896484375,48.685972918059846,1
180.3472563976378,0.22278846306059755,0.05946856571234837,0.9719126975879452,126.4493408203125,57.436388446934934,1
236.12469242125985,0.19677608978073155,0.03167857955421324,0.964432577432973,130.51446533203125,58.386315407696195,1
262.64609990157487,0.22740445366928225,0.030794300526521688,0.9516291458271242,175.14019775390625,53.70500647126002,1
142.5282972440945,0.1736154494783609,0.0198625386685891,0.9693011822145149,129.2801513671875,48.58428245368648,1
125.00036909448818,0.19633050124023957,0.019479425672258643,0.9754046134095944,89.12274169921875,50.5659523543522,1
108.7902312992126,0.19445341798801152,0.02096076336575485,0.9787758421724835,101.572265625,50.95603719774717,1
199.03930856299212,0.22187889131264418,0.07653514615901257,0.9757327074040194,125.71368408203125,64.72280319312186,1
234.04822834645668,0.2309130775322356,0.08944287166431145,0.971896124228642,122.65826416015625,65.18185274342073,1
134.32351131889763,0.17181351475290882,0.02106310351518674,0.960765642981938,113.49365234375,41.962641015041704,1
236.6272760826772,0.21852126714938108,0.028842621333630084,0.9548883284140623,99.77197265625,51.61357915641183,1
214.31748277559058,0.18868122010905292,0.041986221789049254,0.9724616328778732,139.94403076171875,63.33525361403807,1
167.19961860236222,0.18550771636750424,0.023264829748092537,0.9751345506314523,99.80126953125,58.17953220109535,1
126.15754183070864,0.21935997961142104,0.06596162157435713,0.9811101256151454,124.99591064453125,58.30118036714997,1
319.89406988188983,0.27006335100574314,0.14264982032913565,0.9661040200479181,113.227294921875,69.1468921743418,1
121.58310777559053,0.19970822357350762,0.026025741974120362,0.9758168990261836,144.91619873046875,50.8914393097995,1
398.3789370078742,0.20021192053293546,0.11441057627570811,0.9628390543380658,124.7401123046875,73.76196167155416,1
186.10365403543307,0.2008129472048418,0.03004390969669,0.9631801762970598,135.24365234375,50.88680456319273,1
172.4781003937008,0.21437655094610739,0.02977015840748407,0.9691754906050353,151.6820068359375,53.72217851438998,1
405.693343996063,0.23152010700289247,0.0576828317943683,0.9448994714664306,110.91400146484375,60.90213007369832,1
234.95546259842519,0.1713175239136307,0.020711129136499813,0.9633004302139779,140.66949462890625,57.19288274777255,1
231.40754183070868,0.1710998282270285,0.018577348511985114,0.9573277746243434,100.61468505859375,52.349436786919185,1
362.67981053149606,0.22882451538781703,0.05809060777723063,0.9635282128149492,135.5062255859375,71.24684210595025,1
190.2718996062992,0.16305629196067922,0.020637181173940033,0.9617031906789733,143.8551025390625,50.64988538478087,1
167.27645177165357,0.13807239980435781,0.017219795149647252,0.9695276489277966,133.6165771484375,52.799704520610476,1
173.4713336614173,0.23025987880879492,0.08529432984989263,0.9782983150145287,127.251953125,63.88133106844227,1
208.48615895669286,0.23665486480561418,0.08705705314389688,0.9767062740684247,127.6414794921875,67.56613967531077,1
191.0274975393701,0.1914395042775232,0.02176514620977821,0.9697780277130725,99.5079345703125,56.40217207845451,1
221.42033710629929,0.17410114065377727,0.022349484851334717,0.9595015868719017,137.1436767578125,53.234030914622195,1
202.63982529527564,0.27513106479617094,0.13373527159060808,0.9784368094127265,113.7923583984375,68.98291671168477,1
228.50670521653544,0.16575383296202542,0.019715533329212533,0.959106788086023,138.5096435546875,53.233189741078505,1
97.42119832677167,0.19331988369087613,0.027783027631265368,0.9723977047281107,152.870361328125,43.14390482898922,1
48.82997047244094,0.35531642949063325,0.04777910764861535,0.9851100996033384,149.77386474609375,41.05864200216301,1
189.4552780511811,0.2566901575725637,0.11041800889782824,0.9789633106159041,118.2967529296875,67.65313989822901,1
172.93762303149606,0.23008255291221544,0.0838380998407053,0.9793137480257282,110.342041015625,64.97584963113125,1
228.21044537401573,0.22121641154988836,0.04764562470358323,0.9687058310114229,141.8604736328125,61.168568837621656,1
54.67931840551181,0.29884049844819766,0.028432223378682658,0.9887073082427891,121.9423828125,49.70332983479029,1
240.84578001968507,0.20567933997724336,0.028513262573999623,0.972078208138552,107.55816650390625,65.89879203340917,1
288.6772268700787,0.3661369569714641,0.10705878853445559,0.9757039470328412,167.23394775390625,78.04567937266874,1
201.37832185039372,0.18246735690683666,0.041548298183159034,0.9555862436347242,107.59014892578125,48.303476913781715,1
259.82849409448824,0.18035046718639977,0.022353378843785795,0.9592463445804392,126.78375244140625,57.00232937247331,1
222.10150098425203,0.2390589010416304,0.034999919904882104,0.9470239146272538,168.4560546875,46.236493989344574,1
246.0711737204725,0.22294521773360756,0.04376870329401365,0.9677355640224633,128.83148193359375,62.500562361541604,1
210.39739173228347,0.2867076094130082,0.1668723093967926,0.9814921503372515,119.59771728515625,75.83566890897214,1
221.58538385826765,0.23083221198288584,0.09089281202811171,0.974051843369287,116.66229248046875,65.88275851947274,1
201.30370324803147,0.2382556929602696,0.10630457017179089,0.9787626215598249,117.31097412109375,69.33613890237167,1
246.88508858267716,0.14640091977497702,0.016545048976108305,0.9572567017308778,107.7703857421875,53.86527212373928,1
171.90458907480314,0.20754647476719518,0.03790915147191785,0.9728774286807963,129.14874267578125,57.15460039933625,1
215.43325541338584,0.1764221663164184,0.024046206114694466,0.9396702429696371,155.90545654296875,42.921344981160175,1
171.01513287401573,0.2664573991055294,0.10778378882793244,0.9822884285078928,132.3046875,70.18826481036444,1
337.2527066929134,0.25401504478231823,0.10287085805890848,0.9630583844170528,125.894287109375,68.20575905265491,1
215.12536909448818,0.20874663124549947,0.026171788065213458,0.9579312018630625,98.70404052734375,50.905097710661074,1
243.32418799212599,0.21007328320198937,0.0506714294078467,0.9638980143768798,142.40826416015625,58.72025308717279,1
201.86115895669295,0.20573014737801018,0.02517794553170942,0.9712723980907413,121.1656494140625,59.53959014510111,1
290.38644192913387,0.1819429854249972,0.019201833068290774,0.9504265611552611,133.0804443359375,55.023799657137594,1
173.77079232283467,0.20822734903456716,0.05313860494874922,0.9749867166951385,121.7528076171875,59.56736154107333,1
277.66129429133866,0.26415641679936974,0.1311505360715835,0.9714545049771421,113.5390625,70.18379235601805,1
158.23825049212599,0.17816749526969175,0.02049771740770467,0.9660921564473319,134.64862060546875,48.92873641201628,1
286.96493602362204,0.2558862741891861,0.09148265611306,0.9668234387501025,130.6588134765625,66.49653456635428,1
143.86214320866145,0.19880606977372461,0.023706520407644465,0.9641821892947766,88.52557373046875,45.149269089373114,1
252.75270669291336,0.20968299321718403,0.05776271416891654,0.9697347320393229,127.79681396484375,65.34795902801038,1
263.2252091535434,0.2094829971462877,0.025221381673596905,0.95253768644834,89.0374755859375,52.82673450804605,1
211.9763164370079,0.2220064741328028,0.028431857365029845,0.9531607612075993,159.60577392578125,48.05300055831972,1
180.33009350393704,0.21599208957867272,0.027619988583992616,0.9668865358323824,138.10015869140625,52.75865218932523,1
193.7047244094488,0.1969581998507043,0.02597982723470335,0.9610537220298624,154.0423583984375,50.520166946142226,1
242.71056840551185,0.2040850772163866,0.02554422456310706,0.9707850223463567,124.12615966796875,64.7471287992146,1
118.22090305118111,0.19273044967220468,0.021544787519808765,0.9776145929654246,131.76873779296875,51.74777835960574,1
241.49028051181108,0.19077806354726765,0.021753450676780178,0.9669094294751742,126.2532958984375,60.826547038166424,1
135.44949557086616,0.24966187761916417,0.028139672764475106,0.9772107163631787,122.55029296875,55.246721435813335,1
207.91381643700788,0.1732889548802258,0.020233024228575733,0.9628168422092884,136.6131591796875,53.31958745093169,1
169.2454478346457,0.17526428439653402,0.020529492722319465,0.9687630797858005,123.74365234375,52.54066583278682,1
165.2782972440945,0.2117307385212647,0.01959563852565408,0.96592009574419,85.3681640625,49.33968972913017,1
126.01353346456695,0.27334053633605093,0.03436082687935272,0.975485380471825,152.72943115234375,51.136699246078,1
125.9635211614173,0.25524383403592826,0.02872920448402917,0.9791947095658388,148.21710205078125,55.331699510348066,1
159.4645669291339,0.19178533782455312,0.019948135326017625,0.9491783911223302,76.83935546875,39.602743206834226,1
174.87561515748035,0.22222387041592662,0.02622133564462306,0.9762836729910332,132.33770751953125,61.14885146242913,1
189.8386441929134,0.18173781318970733,0.028706012547393165,0.9693420018698383,118.47021484375,56.165355946059776,1
84.78217273622047,0.2193528314963665,0.024318140786625968,0.9764640981769899,134.505615234375,43.24240097296452,1
94.98849655511813,0.188228481826965,0.02241626599262645,0.972442808093797,103.94232177734375,42.14594487972315,1
108.73738927165354,0.2764494787679813,0.03618166789769366,0.9749691795716898,144.288330078125,47.65196953670421,1
89.53900098425198,0.22400076597796537,0.027398861424377585,0.9777229404012462,154.99822998046875,45.496244471683454,1
156.6905142716536,0.1719316494936338,0.021428284801499754,0.9826399936296638,118.818115234375,67.50868812693321,1
212.69445127952753,0.2035772017063299,0.020659448306022166,0.967544146696611,97.2867431640625,57.541606083786135,1
101.16793799212597,0.2364941578452366,0.022103293953075205,0.9772326287142112,79.6246337890625,47.20077776368467,1
265.88121309055117,0.1747457281900343,0.017517466616851083,0.9537154518749031,116.63299560546875,53.932086314542275,1
141.92341289370083,0.22186695107980017,0.023393501582473213,0.9757858810692096,105.95452880859375,54.37906163213784,1
209.3745078740158,0.19450565618675442,0.03742875630321729,0.9715690340764744,131.29833984375,61.53699885994761,1
233.46954970472441,0.26127261402431695,0.06926055858069098,0.9777449557503863,146.1143798828125,73.22581760901024,1
362.6247539370079,0.1685641144498774,0.026173739961770047,0.9452878644924939,128.88812255859375,58.41191991557255,1
439.83809055118115,0.15747298374383195,0.06624489210419518,0.9567507145315117,144.27777099609375,72.0420099678467,1
299.84036663385825,0.23024936264130558,0.0712954515806081,0.9623125057118953,145.7744140625,63.80094482983865,1
183.15139025590554,0.16847706183065445,0.049123492935343176,0.9616478980622071,115.23223876953125,49.52495975651465,1
160.9558316929134,0.2367921702448027,0.02432133061729256,0.9711733811017623,105.57232666015625,53.02140882010109,1
149.0181471456693,0.21904794762391613,0.02075178848994138,0.9748879535037879,112.70819091796875,54.651942603806866,1
172.2127214566929,0.18853859770782985,0.019275103441697312,0.9635441317078801,104.79974365234375,48.60536434186436,1
200.1260457677166,0.18995903561801492,0.0224960996280938,0.9662507550046886,120.91107177734375,54.55677424204071,1
163.6516363188977,0.21657727512665406,0.026071358133019844,0.9561760408922203,158.53167724609375,43.71965853538334,1
153.41357037401573,0.20588302700091968,0.020464136113176358,0.9609436393523583,102.98736572265625,44.44573916063487,1
267.80025836614175,0.14679817908941378,0.017012969483311075,0.9286802668221379,142.26727294921875,44.27005954484599,1
204.99550935039375,0.19984220570672007,0.09262362875678101,0.9714897053820513,120.2901611328125,60.460844411136286,1
230.0403543307086,0.18531347977721002,0.017185368613583073,0.9527417350037215,97.0516357421875,49.585562885186185,1
225.5876599409449,0.1973227604565724,0.020652624103455707,0.9578074791534283,109.7958984375,51.98050000373335,1
130.77177657480317,0.25967602193870964,0.026248669489289472,0.9785549477670786,106.70330810546875,55.46290505114827,1
137.1617249015748,0.22523623677635396,0.023714779636738063,0.9689060274811726,119.7745361328125,47.45483894490403,1
186.8152682086614,0.2936772752493461,0.0521314298419307,0.9817499842997908,129.8721923828125,72.0116967643247,1
127.54324557086618,0.29005008555934847,0.09593581583995182,0.9857846675305536,130.1722412109375,67.5733713715109,1
274.2861097440945,0.16038370020401985,0.050385284471943056,0.9527176294810448,114.32208251953125,54.59552386624309,1
156.37167814960634,0.23252242631495437,0.02839653151154486,0.9604989003698706,129.73809814453125,45.17327424216609,1
145.48603592519683,0.21118236715617014,0.019703869561680045,0.9708747323164068,120.79498291015625,50.360438116345016,1
97.12795275590551,0.22752695787881966,0.024726729159588512,0.9771254482178284,139.711181640625,46.745343674470405,1
180.72071850393704,0.21688653776929342,0.02751752128747904,0.9043416829598251,69.72467041015625,30.875742285544533,1
128.03254183070865,0.22696981474833614,0.022093062105533808,0.9712949043894795,99.9879150390625,47.44033156536582,1
274.70214074803147,0.25215218141102236,0.11565108692143591,0.9716983489071086,136.4537353515625,70.43107490114532,1
312.63847194881896,0.16143780785681727,0.0541880069867478,0.9506037901062412,112.5465087890625,56.84576674043143,1
147.8626968503937,0.2039768181289749,0.06255525498252905,0.9751473153923116,128.94171142578125,55.16557736643916,1
254.83458415354335,0.15534358523447617,0.03585252106348053,0.9566188375435919,141.58282470703125,55.03069190188978,1
155.61743356299218,0.19731819622767963,0.01798270619097016,0.9679747707296812,111.58074951171875,49.510221512369114,1
97.86263533464569,0.23394048492340244,0.04038458492813417,0.9748571173131869,125.1700439453125,45.08813408266816,1
230.43405511811028,0.18336790221507096,0.017607479238232124,0.9638373259197736,100.27044677734375,56.485949715649696,1
148.16492372047247,0.19852057101992587,0.023246075970908567,0.9482953512750064,157.10406494140625,38.60564686421374,1
282.4463582677165,0.20141758962238226,0.09990681145910696,0.9647477405322016,122.4259033203125,63.79155644554034,1
136.3699557086614,0.17714505933960115,0.02111872453038095,0.9645895633855435,140.45086669921875,44.731043339749014,1
117.2796505905512,0.23165747599014416,0.02249946368177155,0.970634902188982,117.7723388671875,44.9189651394338,1
111.89530019685041,0.22851198859160599,0.022038655276244094,0.9772827196656676,122.77783203125,50.02604016038084,1
109.10980561023621,0.25570966720975835,0.027712178799235567,0.9782429018975285,118.51202392578125,50.44838358368342,1
272.1762426181103,0.19917840484790494,0.04974817755923795,0.9596228741081013,141.38250732421875,58.73345731328216,1
246.10027066929135,0.2744124678504562,0.1739557459149541,0.9607731468278541,82.2646484375,56.23263213013111,1
269.9029896653543,0.1507433087811001,0.04966087128710206,0.9593485537288317,116.010009765625,58.29898270278472,1
232.26913139763778,0.19142277742132177,0.05697009261112714,0.9683893317478707,121.2415771484375,60.998476021985915,1
296.5791092519686,0.18471993820444152,0.07381644978306909,0.9553810086824813,101.1943359375,58.02089406072519,1
224.22367125984243,0.17599066167611221,0.019325052550898784,0.966200440453285,130.01409912109375,57.98475169932827,1
341.6446850393701,0.19837694803899336,0.019854630563648362,0.9320430800856541,122.23150634765625,50.48375411667934,1
132.48757381889766,0.20982967103928948,0.022444313830339284,0.9451772371504527,74.99395751953125,34.92153977904198,1
278.63182824803147,0.23427024110835082,0.06479989885567822,0.966733264671625,130.6214599609375,65.41010588264975,1
307.81748277559063,0.16599209411514793,0.05770037802301888,0.9475561266752048,126.27215576171875,54.88352226935314,1
206.4990772637795,0.21163525760080243,0.024025424097709882,0.9681641689145731,132.98480224609375,57.13501541360983,1
169.03377214566933,0.20625825240209555,0.02070921056381431,0.9682087697350812,125.71112060546875,51.82988657094605,1
399.7657480314961,0.3036835500817112,0.1630992295618664,0.9655933050657715,127.00115966796875,76.7383905048083,1
325.1401328740159,0.14923621636508,0.048928865732176294,0.9524360142938852,126.7529296875,59.1185011971696,1
166.72643946850394,0.21145308370967006,0.01974890254217521,0.9684574866654219,105.81866455078125,51.48130340584835,1
158.46948818897633,0.17652566377924833,0.019382439836465322,0.9625737798859819,130.4583740234375,46.31371746557601,1
586.7535063976377,0.17051573866536762,0.09264475886843354,0.9422650293867003,131.87109375,71.5828802814587,1
200.6946973425197,0.17225577006261059,0.016674229036749623,0.9571363100516094,105.219970703125,48.60790164312361,1
204.2515994094488,0.23533092909468542,0.11725501063684952,0.9715862815232785,108.96917724609375,60.3312407303489,1
142.58698326771653,0.22303708616304066,0.025375078292215605,0.9246313871412907,60.60003662109375,31.02328309893942,1
142.58698326771653,0.22303708616304066,0.025375078292215605,0.9246313871412907,60.60003662109375,31.02328309893942,1
172.37838336614172,0.22312314306314987,0.021076483900133745,0.9597056173776642,90.96905517578125,46.36932539759459,1
101.7476624015748,0.23007870215666215,0.026586263682370274,0.9735034244742237,142.97686767578125,44.79112645747113,1
132.17501230314963,0.21843452741128264,0.02168515191412092,0.9744381760523687,122.80255126953125,51.1506159641363,1
147.40249753937007,0.21977665813504865,0.021564626024893986,0.9563526591330551,78.30181884765625,41.09339391020144,1
136.86878690944886,0.19287850439108523,0.021562827267192712,0.9759390565215852,127.7847900390625,53.66050255338733,1
98.5050442913386,0.21985944562271711,0.02204689566269332,0.9702409996418768,89.31890869140625,40.909528479207346,1
133.33673720472444,0.18214124318724656,0.01829780729078633,0.9609945838138367,121.629150390625,41.87161739907,1
189.60660679133858,0.20723752987899693,0.025280614975728307,0.9576903995423964,149.79095458984375,47.6112204138251,1
171.72336368110243,0.21082527960976263,0.021544304496636694,0.9733610690323253,112.67425537109375,56.83580407035215,1
128.73775836614172,0.2523001433669451,0.025542039366628376,0.9799481737658768,131.03826904296875,56.98242612886127,1
116.7834030511811,0.2198633665278735,0.02285634981694059,0.9766002241808173,134.2056884765625,50.529936322061076,1
173.75707431102364,0.2521247782055055,0.04697944829482721,0.9748339202859894,145.98138427734375,59.56271484449207,1
108.88527312992125,0.24810347063031218,0.03152818618610752,0.9772637883571414,134.3240966796875,49.8778507018806,1
419.0442298228348,0.17962304817575533,0.08947332854659511,0.940985210422505,94.5614013671875,59.762023089084195,1
133.88668799212599,0.19522605035720667,0.019685952473286143,0.9620602681580313,89.025634765625,42.13888926356037,1
357.57049704724403,0.2898983688122149,0.15705881254991597,0.9691353343368206,125.458740234375,76.60773620120835,1
239.316313976378,0.1558594808965042,0.04511290001852986,0.9634795245281522,124.69451904296875,58.080126993660535,1
175.0563484251969,0.1597318736405312,0.01928629072775015,0.9426327543797125,139.5184326171875,39.51566703838648,1
224.85820620078738,0.24956162627814923,0.07970088664746681,0.9783092721823056,136.2313232421875,72.69180719522403,1
377.0839689960631,0.13323405091558105,0.038950399863180794,0.933687758000767,125.93670654296875,53.99068871629061,1
239.96635088582684,0.15151392510837747,0.016235671337400216,0.9445075446111739,119.70013427734375,46.86803708683131,1
103.53832431102363,0.23173640632428483,0.032782959374097954,0.9719773237229471,136.376708984375,44.2510847932585,1
343.9012672244095,0.21999386922331146,0.1289177460776082,0.9622718694017298,110.96063232421875,67.95392151817158,1
254.93928395669295,0.2097357493092351,0.1023544502671382,0.96592442729704,105.578369140625,61.608792167516945,1
219.0295890748032,0.2192957352213769,0.08352879325861055,0.9726578683934263,116.6715087890625,63.861092532329685,1
151.05210383858267,0.22750247446909352,0.026279251082328713,0.9752861361252784,109.392822265625,55.64933072377031,1
232.34645669291342,0.17960240685414122,0.01851486060011072,0.9556790394463998,121.2493896484375,51.583643270376314,1
169.17728838582673,0.23644741854143897,0.029390239049732605,0.973021444424742,97.5501708984375,56.13861626198705,1
120.37561515748031,0.19549689687930052,0.03136313916914245,0.983027411432526,133.6885986328125,60.459151789021064,1
230.24883120078744,0.19721348086388935,0.08865858882008923,0.9718070119294538,131.1136474609375,64.60619247963433,1
490.44881889763786,0.09353514227710445,0.012711972950489682,0.8981435252182542,122.64459228515625,49.49703413329882,1
288.2569512795275,0.2114307346043353,0.11914610288835382,0.9638923368232971,108.95599365234375,63.62712061685762,1
316.80837844488195,0.1121472660427145,0.021225429215298058,0.9465091539399083,132.00592041015625,55.00478074576927,1
255.75848917322836,0.22973890618307055,0.11542508492474603,0.9723609193491971,122.42828369140625,68.6194524620034,1
365.7097687007874,0.1379916871208413,0.0393187420972563,0.9437355790673835,116.90875244140625,57.463323999185725,1
251.9624138779528,0.20423292460196452,0.01920567563210116,0.9550118532929789,113.609375,53.17450818119995,1
237.55973179133858,0.24346559717706281,0.023909019615325752,0.9652329229898816,129.0849609375,58.829415518700436,1
112.2300688976378,0.21630872889306932,0.022929247264444633,0.9445104417064942,79.14605712890625,32.13190690327726,1
194.5853223425197,0.21551185927179,0.041486933771690826,0.9840246686814315,111.85369873046875,78.34274044361658,1
260.0050442913386,0.21333245946264523,0.10996176126944614,0.9691399639529369,118.33111572265625,65.49803319279368,1
148.42009104330708,0.24890147670613866,0.030286621179152186,0.972181037204151,89.71624755859375,51.68855084785425,1
169.1920521653543,0.1872915990928323,0.0185956723847731,0.9573414360292586,129.656005859375,44.735429149123135,1
111.17199803149605,0.18293627871609258,0.017682380493672323,0.9741257933215972,112.62335205078125,46.73088177656525,1
131.88065944881888,0.18281001669526561,0.01755231976566458,0.971586712642307,98.66436767578125,48.36141413174191,1
220.15102116141736,0.14632888331814006,0.036485399326701695,0.958333893354999,127.27349853515625,52.18011938656138,1
265.4094488188977,0.14877777531047567,0.03477098415261087,0.9581734984330789,120.1536865234375,57.09862726827383,1
240.95238681102362,0.21097678731060054,0.11137514096799574,0.970777687739199,114.208984375,64.75526268387434,1
102.33138533464569,0.2346781862269358,0.02052483787948997,0.9795080199633039,113.46990966796875,50.14241873000699,1
246.87260088582678,0.19144779067884052,0.020903364369586307,0.9456934040625609,112.56085205078125,47.90056440654343,1
152.7679010826772,0.22080841511604732,0.021636890952251703,0.97320029550378,106.7769775390625,53.55951044790661,1
127.74292568897638,0.21001440264196117,0.021782482294049266,0.9747444954236746,127.98272705078125,50.75857793870972,1
145.74003444881893,0.1995593697100548,0.020927879890567803,0.9670313923869254,126.7708740234375,47.410058158244375,1
206.70700049212604,0.23289859366991864,0.02882900599291588,0.964609118221139,148.75537109375,54.40085453447436,1
260.0537647637795,0.11217162253907574,0.014066339500889442,0.9345218330809947,119.75299072265625,44.91574778420774,1
119.10057824803152,0.19814108361986618,0.024324247779073205,0.9779854160812064,153.65496826171875,52.57174490891041,1
104.1786417322835,0.22046451803077685,0.021777183001204764,0.9745780806313818,133.05035400390625,45.8263386235717,1
139.65015994094492,0.21424185116556652,0.020214172149808012,0.9673364574076189,122.744384765625,46.62204369934375,1
229.26316437007878,0.20318636188464997,0.020693809862463303,0.9545723680897755,124.73876953125,50.54102792543286,1
125.75645915354329,0.21862389800072043,0.020608051032358316,0.9630304350232297,85.15093994140625,41.37653394585353,1
169.98234498031496,0.22403304478220615,0.08988091816740598,0.9672623251192572,98.2891845703125,51.44398895145494,1
216.89296259842519,0.17546800708847274,0.019468495151263313,0.9628459410220441,102.7181396484375,54.14850252084567,1
388.5327878937008,0.21076098847993704,0.027816343829148462,0.9430272942935622,100.02996826171875,58.67039689257433,1
82.26205708661419,0.32131557705653685,0.031583769024169,0.9685462621807536,146.87030029296875,36.90523736118242,1
138.71875,0.20320232696363233,0.019519064142910995,0.9778600560443256,109.5439453125,56.083981543767884,1
299.20257135826773,0.1799373656767806,0.02264502389349994,0.9538092076670912,141.8250732421875,57.07858516140566,1
258.5537647637796,0.17211807047481317,0.017544610561860432,0.943455816019775,83.59088134765625,48.005048281431016,1
183.5953494094489,0.19701129001083476,0.01793060069692944,0.9632331547458797,111.03997802734375,50.26615369145635,1
295.5255290354331,0.21000649556754156,0.020595974041742654,0.9517548148087187,115.3525390625,55.51375470391639,1
264.68959153543307,0.20768577037499472,0.020383862946002,0.9577043791545422,111.39227294921875,56.059730207495804,1
205.50092273622045,0.19818646649654545,0.018347013840900036,0.9513292020552061,91.8271484375,46.103169379442114,1
260.2074311023622,0.18087245403914068,0.07705344094001249,0.9621337289529844,113.239501953125,59.12533869606012,1
292.8443036417322,0.17327054999653893,0.07786926687049626,0.95517931962969,114.94464111328125,57.6128069253655,1
119.97490157480316,0.19966433348064305,0.019011451632715642,0.9733029767465057,113.28778076171875,47.77455098463999,1
86.85888287401578,0.24171564101742754,0.021149522127134102,0.9828333482235949,106.986572265625,50.509553845355704,1
149.14788385826776,0.21193812416886915,0.02036166613632685,0.9555390354302147,83.37921142578125,41.11245338344911,1
358.5057209645669,0.18311583638353188,0.0972526719921949,0.9665495160966424,137.47894287109375,73.66728376438432,1
355.0045521653544,0.18667898600684688,0.0964141953147512,0.9488303806696358,106.79718017578125,59.232967986106544,1
290.52675935039366,0.2292222766005829,0.12713513386632336,0.95842747593987,97.3013916015625,59.314123668972236,1
189.29607529527556,0.21837216713330584,0.019178366891255547,0.9622864973719385,115.91180419921875,50.39723766996008,1
189.47742372047247,0.215567207635844,0.023794987913123896,0.9656390308584042,142.94757080078125,52.829238727791406,1
234.12819881889766,0.24644631565154224,0.025850890670364907,0.9645038330070529,119.20562744140625,57.55508053154004,1
211.22859251968507,0.20181428127553508,0.019792399165541538,0.9586057579305306,106.13623046875,50.85291213593079,1
208.85783710629926,0.21321450089796523,0.02343196938848659,0.9623868497015047,94.349365234375,52.98584269372584,1
144.94014517716533,0.20334100135011698,0.0207780765123864,0.9739267410460761,121.7042236328125,53.11361244433943,1
106.38822588582678,0.21985237358306084,0.02249597346629477,0.9464604093580505,76.65740966796875,31.553009518846693,1
87.81902066929133,0.20413082199652252,0.02128227076551053,0.9682722133379857,91.67144775390625,37.51490784669217,1
334.9671505905513,0.16446074590888682,0.06283772687362436,0.9448255301954294,119.09381103515625,55.61472254754548,1
174.7076771653543,0.20446006760304172,0.02132636626125149,0.9652203209813184,88.126708984375,50.1263326809014,1
138.51857775590557,0.2148696411483993,0.02731323458562668,0.9619014784827276,152.58319091796875,43.38803994115464,1
155.7311761811024,0.21105458147667455,0.021384886101907374,0.9653899311125715,128.70880126953125,47.85268154996154,1
212.21998031496062,0.14319962241357095,0.016136602030065842,0.962044427791218,131.611083984375,53.452089238327865,1
111.6583415354331,0.19593153470072144,0.02119157253037216,0.9680937753209578,77.10504150390625,41.95902122175785,1
240.27085383858272,0.1696196845052974,0.01899462464848526,0.9590554918910483,110.30194091796875,54.340775473352764,1
76.53887795275593,0.306333007859449,0.030518786558569298,0.9820432335298823,129.9967041015625,46.669017361841526,1
409.6783341535434,0.19080984701842454,0.1067062687453058,0.9558134544786869,113.94671630859375,68.554915189854,1
214.5012918307087,0.19648157466996394,0.019873538084328388,0.9681091212628105,108.45068359375,58.26234620971614,1
181.11774114173232,0.17050025459466242,0.018097813886325573,0.9618112847222273,132.7506103515625,49.05565549509304,1
111.19088336614175,0.21363624076021287,0.025367956331820186,0.9715169838019649,82.0543212890625,44.19243202428434,1
173.1511441929134,0.15912823962827533,0.017893735216561863,0.9584634544729327,137.92242431640625,46.19853449973788,1
269.5814468503937,0.19455999401761828,0.09484393815633667,0.9647730928732291,119.05938720703125,62.146024572230665,1
197.29269192913387,0.2053924726288687,0.018986654011604404,0.966162248378533,114.59051513671875,54.23089278091144,1
175.59092027559055,0.19354873883007334,0.020176743366890307,0.956068529294423,136.68829345703125,45.13120596249038,1
260.6753198818899,0.17953053659110954,0.016538128742177638,0.9497248471091166,95.75042724609375,50.99993088482487,1
284.49643208661416,0.18005092051336574,0.07505133032380648,0.9507156904622052,100.50921630859375,54.044668645528475,1
141.11085137795274,0.2362937836063724,0.02967384127962803,0.9765973797075453,158.47247314453125,55.43926240052636,1
238.20103346456702,0.16802501325977462,0.050645359071980055,0.95442667446099,104.89508056640625,51.73774943897454,1
169.6083292322835,0.18626548565299889,0.055378610459038816,0.9706025865817252,120.2607421875,54.548593739356335,1
159.39573080708664,0.21080044551929966,0.021474371408154877,0.9639006001454523,137.47882080078125,47.29353169629762,1
297.77835875984255,0.16112643397355075,0.049950181331414906,0.9565385714892289,127.80438232421875,59.36113944168159,1
383.427595964567,0.12317158297472766,0.03714239666096856,0.9466843214940335,128.6363525390625,60.761133695365075,1
79.44174458661419,0.278962254195346,0.03646138073810994,0.9591666199617983,164.85174560546875,32.221010781339885,1
91.76273375984255,0.19036404770174392,0.01966984680710864,0.9727975647644604,121.9342041015625,41.68036702235837,1
198.60150098425203,0.20818192590545115,0.025152005816523854,0.9758313482682218,133.546875,64.45103500399306,1
160.64825295275588,0.23454595571528086,0.024191219453612783,0.9704950090174999,124.67962646484375,52.539292726792254,1
249.89905265748033,0.17204589269056092,0.017789009952362447,0.9302701906340937,82.35150146484375,42.84995987706764,1
206.22034940944883,0.19966634799332253,0.0201051590942319,0.9638043669880889,109.0252685546875,53.55383759971263,1
192.79822834645674,0.197727822182292,0.022745900151824976,0.9682783912936572,125.37213134765625,55.38533897730685,1
170.54828986220474,0.18635221329719845,0.021217850726614113,0.9671934717358239,137.89385986328125,51.68881924134412,1
152.47324064960628,0.20129717792391855,0.01966936583824813,0.9664792251988387,110.5731201171875,48.02676052671729,1
122.16055610236222,0.22031630648646022,0.02066457642429507,0.9740585398129944,117.7686767578125,48.899659652874874,1
137.49495570866145,0.21997110403646608,0.02159794172486738,0.9711331639536527,116.7979736328125,49.1019157037345,1
151.67722687007875,0.18950618117159862,0.01872601410229202,0.9645445707866455,100.101806640625,46.520050770492226,1
202.17046013779526,0.15996101358158077,0.05246829935301142,0.96660748684439,116.90753173828125,55.719526047170895,1
353.81016240157487,0.15829894622148566,0.055990111826324365,0.9374483211746716,118.5518798828125,53.68458381996709,1
289.9892962598425,0.18685197396340764,0.08547735489111827,0.9677144129550239,109.90008544921875,67.46124078892828,1
192.09368848425203,0.17880944297406354,0.017872309925723417,0.9634756878744998,121.56683349609375,51.587318137879585,1
188.63804133858267,0.202315320268873,0.0229181458003942,0.9695498522790047,152.32305908203125,56.24219295229715,1
328.79822834645677,0.144527385685439,0.037270649980648905,0.9547122799076125,113.0755615234375,60.841944538787246,1
291.3839812992125,0.16611963919975725,0.02981280619715316,0.9456358342239215,123.3082275390625,52.72023621277733,1
123.20318651574803,0.261903930189094,0.032117112244959035,0.9759852444376493,144.9888916015625,51.524373912472086,1
190.60051673228347,0.21709219910989475,0.02190690575785712,0.9496596539826417,88.43927001953125,43.730462695168626,1
188.23874261811022,0.2670175862051133,0.02539196165619205,0.9616944562936045,91.251708984375,49.67998785596102,1
301.44758858267727,0.16908813708696319,0.06919124421506258,0.9603943799078217,118.4141845703125,62.24012835859868,1
324.7605191929134,0.14329957183660852,0.023870210874867723,0.9631136131675498,156.0596923828125,67.17996034224089,1
189.20835383858272,0.14022577824543225,0.024311176165680688,0.9493268929773206,92.29815673828125,43.57453128693209,1
245.92396653543312,0.26048111519681627,0.03430265608060508,0.9620017681857558,140.87469482421875,57.177034213782164,1
115.66898375984255,0.21266956380620042,0.020113909406656184,0.964813886970594,79.01165771484375,40.6991021684796,1
235.33932086614172,0.23283972790773397,0.029502301164056218,0.9604652454149242,137.46142578125,54.9276344003518,1
206.79865895669295,0.21324486109745147,0.025038005221334373,0.9593969203189014,75.26934814453125,50.404712400165955,1
199.2314222440945,0.19066487793563103,0.0655138095617876,0.9717163138165033,134.34442138671875,60.30437699818181,1
150.78057332677164,0.20817531328435526,0.025957969238140942,0.9766043569069678,127.30438232421875,57.15819510712886,1
176.9617372047244,0.19754519730301,0.020911418761850258,0.9699135962803233,117.6082763671875,54.59454819159083,1
261.97785433070874,0.22691797893686974,0.11647642614025519,0.9615199734483398,105.894287109375,58.870854597787336,1
209.5250369094488,0.16442028342102236,0.029965115849711784,0.9552609501420788,130.20037841796875,49.21091651306668,1
124.50652066929132,0.20797994287449692,0.019876156095653588,0.958942986328135,83.55694580078125,39.19152041961084,1
137.5620693897638,0.17674879389297593,0.019338363569904222,0.9708387452960165,126.25506591796875,49.23994278330624,1
136.9976008858268,0.26663757379341374,0.02895105213098311,0.9782190940247433,104.35772705078125,56.19227200614519,1
113.05530265748035,0.21923601678518576,0.023620845734083996,0.971582828066577,132.8839111328125,45.117454138128906,1
191.80148868110243,0.22291689388181193,0.024181597209869763,0.9606741943589168,139.62969970703125,49.78026201799008,1
419.58747539370086,0.15510988699661268,0.016629517018987582,0.9232765632262429,111.1146240234375,52.40308247364368,1
301.869032972441,0.1518679311716403,0.016146448427013873,0.9185316277087981,116.7677001953125,43.32129934836246,1
285.91295521653547,0.1356820591313422,0.014940477022580969,0.9357562732913032,116.16876220703125,47.46347175107542,1
58.34578001968503,0.2324662245599643,0.02757628238186327,0.9711494643692387,71.03759765625,31.83735986071426,1
300.896407480315,0.23564076319520116,0.1449483667364685,0.9676734044497339,113.890625,68.62882253982742,1
171.45417076771656,0.19507108739828277,0.018787648670671352,0.956856943806849,96.35882568359375,44.81332636842541,1
270.3438730314962,0.16537882435679924,0.017391232003887085,0.9494455842171972,124.78704833984375,52.05571403787273,1
170.73049950787401,0.17787529822343734,0.017454978330901032,0.9563180108552479,95.3629150390625,44.73019984334951,1
173.191375492126,0.2302186568277641,0.024120292641107394,0.9671728805106766,107.7501220703125,51.565530805667606,1
139.81840551181105,0.21483288616029997,0.02346811678242642,0.9175768548132852,71.97454833984375,29.446186586026535,1
279.753937007874,0.19821253954324738,0.044098532698248774,0.9605875613319257,147.48974609375,60.604175646525434,1
124.0573941929134,0.23654965805185743,0.025050773104034335,0.9658050496911288,140.1580810546875,43.06897159314448,1
263.06194635826773,0.25397716733908676,0.12295769347681335,0.9708952356824929,114.78167724609375,67.7214755141946,1
111.59842519685043,0.19318542575213338,0.018827688363163893,0.9632304131452484,75.67266845703125,38.97953026081698,1
139.32258858267716,0.21030598853654228,0.01986106209291767,0.9730897997641293,116.57293701171875,51.202784581918216,1
129.30456446850394,0.21504744253951463,0.020432073951864214,0.9605328768382724,86.62176513671875,40.67605496684188,1
151.57634104330708,0.16828268931544724,0.017842165249958183,0.974206545092976,119.50628662109375,54.49026338027586,1
141.8775836614173,0.2508370105026346,0.02578071351133749,0.9778944474528402,115.06793212890625,56.83731011634011,1
331.10968257874015,0.24450793473477303,0.06758020799455262,0.9680021697146867,141.0838623046875,72.69328977454978,1
442.6683070866143,0.18414779537003254,0.09888653147615799,0.9458028092403877,114.279296875,64.4577005655719,1
178.79509104330708,0.22606001915920684,0.028091723867928273,0.9638104801034808,153.59954833984375,50.22579244618032,1
287.13933316929143,0.1443818483649304,0.0374022577431303,0.9474378479034473,121.4114990234375,52.799496638808236,1
196.06576033464574,0.17809330993252587,0.01675392437007282,0.9572774210869084,98.10430908203125,48.070638645551476,1
201.66695374015754,0.1978102824608334,0.018393517266260005,0.9639593601268698,105.5350341796875,53.02250791737827,1
261.4486343503938,0.20013481158891944,0.020975201330049507,0.9580672686072237,124.3809814453125,56.1838499458687,1
139.52620570866142,0.2275496174188316,0.024013726309494773,0.9744984069076352,141.52508544921875,52.71147864622847,1
158.13927165354337,0.20726845596109555,0.018689047159157625,0.9713996698943159,113.02130126953125,52.733564557347016,1
171.7482160433071,0.23762779581755464,0.03096005767831957,0.9605301500448611,97.56732177734375,46.795995755565,1
163.18110236220474,0.20482594347828612,0.044052620783199256,0.9745560119188378,126.90045166015625,57.44708770284348,1
278.44592765748035,0.21355026376443706,0.030848138957498484,0.9648803845258217,118.482666015625,63.30450338444916,1
141.9599532480315,0.23110369367719713,0.03747175125024686,0.960914452766838,166.7667236328125,43.6797346025478,1
122.41701525590553,0.1801713726238149,0.02772344215096713,0.9632299369817987,150.0557861328125,42.05450318923437,1
269.09030511811034,0.23559143126019697,0.09289563359561674,0.9635004064473874,105.90911865234375,61.195164227723026,1
309.59030511811034,0.19223317363040654,0.029191442498110197,0.9559127715609641,153.67352294921875,60.31010796860284,1
188.41344734251967,0.18197544110885236,0.017702058365571063,0.9617637795261194,132.0997314453125,50.13508548714042,1
251.92691929133863,0.17127388958685485,0.01639455276354396,0.9436749939115651,99.18646240234375,47.454301463386656,1
189.14228592519692,0.205402657033587,0.01916153836956941,0.9562560722607106,104.6461181640625,46.65156396081426,1
269.84860974409446,0.22219808531310242,0.07726521210634009,0.9706844352247467,128.955322265625,68.52710818817927,1
148.18651574803147,0.19079193314662976,0.030173207902737576,0.9700798304286615,147.58258056640625,50.74331050798151,1
201.57086614173232,0.17797547948595913,0.020677299650198475,0.9646083483801131,130.6507568359375,53.928582121561874,1
167.185469980315,0.19963046707292628,0.020817196354807468,0.9559983591473651,98.44805908203125,43.958687407899426,1
327.83212352362204,0.19192671477686699,0.03544281485970349,0.954863321117226,127.20159912109375,61.06262950089773,1
310.84233513779526,0.14049931526551895,0.03829694995290832,0.9516278593200596,130.24365234375,57.59694047847245,1
360.97865403543307,0.21424329823947239,0.05342725055632762,0.9604427493559472,142.23956298828125,68.43735316554195,1
148.8349532480315,0.2522337213311814,0.02300495703543456,0.9768980095158399,88.68951416015625,56.84200598967259,1
194.42716535433073,0.22457571621227315,0.023164171298510255,0.9643982292154807,122.182373046875,52.26088068745133,1
161.4182455708661,0.2150290950717526,0.020070025419962337,0.9739602662193209,113.110595703125,55.91683430268742,1
144.85912893700788,0.2225281647076364,0.02180982700243563,0.965415643977507,82.9356689453125,45.76293108527253,1
115.90784940944883,0.25708717780287427,0.034347691264076566,0.9762030229919363,156.9573974609375,50.031967480647836,1
158.3907480314961,0.17122070569418515,0.02084676034846654,0.9696814060191878,143.05511474609375,51.80149938785176,1
178.08821358267718,0.23278403471664727,0.022153955279479026,0.9669060835775064,89.9779052734375,52.00431805902271,1
239.61546505905517,0.20421011357721322,0.07133634936508712,0.9641950080152245,137.94384765625,58.615866836217364,1
148.16117125984252,0.20323844423616075,0.019579120337935102,0.9636106896404938,93.49774169921875,45.15669463208518,1
114.53389517716538,0.2387119275348519,0.023799082659409162,0.9786121784228713,114.43023681640625,51.90085731970224,1
148.81120816929132,0.23323063743722128,0.09743776030249009,0.9670535019021484,87.89984130859375,47.86247939219788,1
138.1458538385827,0.20617429378036178,0.0217989366340553,0.9515490630654637,72.10009765625,37.84764140539541,1
200.05794783464566,0.2279665063106654,0.02287211434534648,0.9614027074630083,122.5301513671875,51.21142740589979,1
136.3017347440945,0.20337227833606772,0.021916059037444577,0.9721792137158612,123.0965576171875,49.99400064462423,1
192.59627214566933,0.192718850819046,0.018851440512237555,0.9416034598061267,84.25067138671875,40.72369433824858,1
219.6127583661417,0.22033332945261788,0.020222781730751444,0.9667343943167176,118.18841552734375,57.80817517674154,1
181.99366387795277,0.289352764700138,0.11081718398764345,0.9758798284368254,96.801025390625,61.68562963320914,1
171.29742864173232,0.19300133888367998,0.02020148505256242,0.9603489789575455,131.9658203125,46.87802910745035,1
407.93836122047253,0.2700438606692004,0.13687341026441505,0.9620544558780925,126.9202880859375,73.878521942505,1
208.45903051181105,0.21640267564037657,0.1063214331959185,0.9599940848840023,95.58660888671875,51.545529346204496,1
118.14757627952757,0.22666323630630858,0.02547160554827553,0.9778767770513519,147.92999267578125,52.36164147446427,1
252.7759596456693,0.1736762413885155,0.023578954924936762,0.9629310079857506,144.901611328125,58.89668326112629,1
186.93110236220477,0.163163699670236,0.017501041117876367,0.943197581678522,89.8099365234375,40.90045895667999,1
361.21979576771645,0.2353211410294813,0.09493407725097032,0.9592458985156002,115.77587890625,67.08976586483095,1
196.90637303149612,0.16543831315927543,0.01710121199219874,0.9606459245267969,123.54022216796875,50.337672937348984,1
72.46647391732284,0.28417999575037833,0.034259190981695276,0.9739832175217424,151.72216796875,38.206484154299304,1
319.20238681102364,0.21869204212127927,0.07771413755958825,0.9616244624182423,132.209716796875,65.26243100514297,1
181.75627460629926,0.19362996518464648,0.05001304087915081,0.9734121150994325,136.502685546875,59.36775957181558,1
228.35660679133863,0.2339217050538192,0.02462190388562316,0.9632813927057691,119.68487548828125,55.90905134435486,1
255.1468380905512,0.16695823670059695,0.043942959849853976,0.9631108341316577,147.4608154296875,59.631120523447734,1
351.0425688976378,0.2569920132105547,0.1140315730463227,0.9659194109869389,125.46258544921875,72.32681997874182,1
164.9118479330709,0.2079699248386221,0.019554849071422655,0.9682548024442059,122.07781982421875,51.21010009548704,1
154.44346702755905,0.2048607335602616,0.0189737444461218,0.9631159153625092,95.750732421875,45.97916769329612,1
245.12573818897644,0.26862269768167457,0.13495951582976695,0.9774014655274039,127.77203369140625,74.21461236239415,1
129.21302903543307,0.23521184445998214,0.02055560479584117,0.9706048583101052,112.2801513671875,47.10256487443678,1
406.1819020669292,0.19153353280460178,0.04558221458349679,0.9498273958456351,142.4698486328125,64.60326221140845,1
125.0653912401575,0.2298188105018341,0.022997882687286343,0.9713301166813356,134.41156005859375,47.08079165673833,1
145.3295398622047,0.20631542522300841,0.020332094734676783,0.9650294294289631,99.64508056640625,45.902745903835246,1
197.69426673228352,0.221181281221172,0.019747369562152846,0.9565971538487714,103.757080078125,47.947712189106255,1
164.67802657480314,0.176901291587377,0.022543150696839424,0.9636479868383335,156.2772216796875,48.285521945875495,1
121.12155511811025,0.2090702061319625,0.020396297450608055,0.9715228724185175,114.39862060546875,46.314779649861656,1
105.64733021653544,0.24190139960739235,0.02617836609818754,0.9612040953353073,80.34912109375,36.94096740029572,1
102.79742864173231,0.2687944816409832,0.03415412278228996,0.9713268287393018,165.31951904296875,43.17956686887357,1
289.54552165354335,0.20010918897681185,0.07906536318449024,0.9578550481977685,121.84619140625,59.22033948350422,1
256.2712229330708,0.19985376977055982,0.018242194031813954,0.932776949951838,97.9625244140625,43.775728337503374,1
183.39542322834646,0.21128718167125576,0.01969186259084491,0.9661164140030386,122.0098876953125,52.23240629597546,1
127.3439345472441,0.22169909904360624,0.021185991470935032,0.9718230461341772,121.05584716796875,47.92931368273216,1
214.49606299212599,0.26239380881141944,0.10613339480094795,0.9771081411224258,133.23712158203125,69.13267511792672,1
113.95490895669295,0.2472681587816868,0.022988419401162828,0.967843449124098,85.21099853515625,42.46448106337158,1
154.70066437007873,0.23306712511430763,0.024917598997904165,0.9757156508917283,130.561767578125,56.94690332272285,1
131.7493848425197,0.22803805331847696,0.020294743585723515,0.9708213045290265,110.43206787109375,47.72056903940493,1
102.10943651574803,0.24725852104177523,0.026305769527840556,0.9751468501051928,143.41766357421875,45.96164658757467,1
133.37647637795274,0.23845688602897527,0.02029833265122081,0.9664109582930939,108.162109375,44.78367971256284,1
151.15139025590548,0.20714827521198467,0.018599996220434765,0.9634147063386591,105.013671875,45.704149920064935,1
137.46948818897636,0.24076297713089592,0.02346920518129148,0.9459100051156937,76.02825927734375,35.66895410384867,1
102.53014271653544,0.2641391010666423,0.025932773285388646,0.9838810348197718,115.41058349609375,56.56520248034081,1
204.57258858267716,0.21343154634788816,0.020049698950465402,0.9572925761399539,111.0172119140625,49.02409993715797,1
273.87395423228355,0.17087137659256232,0.02873062043032074,0.9402598311564041,170.421142578125,48.75309117065825,1
294.0490895669291,0.25923008771258316,0.12035854402094856,0.9679160234833383,117.2235107421875,68.19770145230567,1
160.23615895669292,0.1933330753686965,0.02378826782181903,0.9759722213972453,133.9727783203125,58.245205980598456,1
138.28549458661422,0.24897024225708503,0.026405451226151136,0.9765718257674066,112.2464599609375,54.64198931907098,1
123.92107529527561,0.27165115874662615,0.02774581875018194,0.9799772322396229,126.94384765625,56.010848133491436,1
100.28168061023622,0.24832561237447837,0.028294235012039686,0.9806980779281432,146.40234375,51.529909059787414,1
170.2684547244095,0.24017551096905732,0.023407004839596787,0.9696164726633886,112.59979248046875,53.05305263601619,1
130.61731053149606,0.18771950223624437,0.0178387714491393,0.9732663563196348,119.25982666015625,49.6294797585343,1
257.7723917322835,0.20870771410145678,0.10817996860768474,0.9692745587889868,114.26580810546875,65.28558029899749,1
136.95171013779532,0.2042320610446393,0.022055647699892763,0.965848284336724,139.1236572265625,45.26170069397118,1
203.24071112204723,0.218169368021444,0.024543665671762804,0.9665516138897687,129.85504150390625,55.264389566195824,1
143.4426673228347,0.20765903961027368,0.019415407008525055,0.9702063443613649,94.16058349609375,49.17780570318918,1
357.5944266732283,0.2847488599225284,0.15104114331701213,0.9699121651449265,126.33734130859375,77.55832864967734,1
45.646592027559066,0.24720976063203096,0.02349092229579369,0.9768058464401305,100.41937255859375,31.332114275258856,1
232.8375369094488,0.19043497458642158,0.04183699546029734,0.967165338409036,132.29156494140625,60.17239038456071,1
166.21665846456696,0.19472710320217004,0.017920467610421403,0.9637465932431183,112.26629638671875,48.012314265172655,1
204.06975885826776,0.1861869358035342,0.019624969863770096,0.9262266039095529,90.54132080078125,37.34555600514752,1
230.9401451771654,0.17558258621100822,0.018647999567744215,0.9486232439555192,119.1949462890625,47.88169991107321,1
144.70164862204723,0.21837858918121825,0.0220274915058855,0.9732723123346647,116.74310302734375,52.33005634816832,1
215.4498031496063,0.22839818306855336,0.133395697511963,0.9649920532628815,89.4388427734375,55.821285484248314,1
341.97902312992125,0.18399706565119242,0.03534506668237949,0.9546532162018283,128.4844970703125,62.06448557758885,1
319.6115895669292,0.16003181021598878,0.016658619037072116,0.944542277535479,121.65313720703125,54.094696528869726,1
365.1496062992127,0.28724427284516224,0.13439415035430005,0.9684633771863338,120.957275390625,76.53382199382672,1
103.00129183070867,0.2555663038163283,0.026583381218435283,0.9553107508515931,72.744873046875,34.102579603725204,1
248.66012549212593,0.3293447379485996,0.07781088037774639,0.9717746028878427,146.67852783203125,67.32007169926693,1
262.83236958661416,0.16898046742586617,0.018445392161415854,0.9573836474115572,128.19488525390625,55.84261370653825,1
109.30191929133859,0.21377504323342533,0.02076249906764185,0.9656732966304652,93.1015625,40.299897345703236,1
206.43608513779526,0.19640342923348275,0.019497095850449578,0.9699290128226966,121.00152587890625,58.85435325933025,1
160.74753937007873,0.25645875552002756,0.02456963157461865,0.9667745075298894,89.48565673828125,49.21793317113215,1
145.0127337598425,0.23465212376894085,0.030309290364892282,0.9808373426554162,120.1417236328125,62.00278930184333,1
161.15545029527559,0.20081992809714141,0.020456136845968146,0.9676871087017666,133.28887939453125,50.314004086253256,1
212.51150344488192,0.24921450873091613,0.0982003691414428,0.9747283088698576,122.17523193359375,65.38954127925088,1
138.9170152559055,0.19924369314542892,0.020677208144158202,0.9644428168471303,81.4971923828125,44.2183441007,1
265.66922982283467,0.13100135634830015,0.016811253404125825,0.9425480357515028,146.07086181640625,48.37058554015557,1
192.34171998031502,0.2061185220828491,0.018381014625765798,0.9637429279177158,118.04296875,51.72472571571753,1
156.52276082677164,0.2321918226896649,0.0769732128549402,0.981555056167262,118.7452392578125,65.66387549639776,1
363.7029404527559,0.1445287296891619,0.04546492395132615,0.9439668067209578,138.86444091796875,57.835314292408626,1
196.92205954724415,0.2545462692822807,0.04461242752877315,0.9790721661377313,99.0400390625,68.79507654643407,1
193.3958538385827,0.21130001082519861,0.08005375924928894,0.9747515789586549,140.7574462890625,62.5969658413334,1
211.09270423228344,0.2338669220693449,0.02833736804627768,0.964706311210864,163.9039306640625,56.19536669049832,1
137.42039862204723,0.21211254042289754,0.020644697870422,0.9734524049302624,116.91473388671875,51.170451962107315,1
153.4673351377953,0.23711606808693647,0.027539584272751785,0.9736122587439618,135.1019287109375,54.26450461511488,1
194.3185900590552,0.21726314259722476,0.02822909351567221,0.9635169651472341,147.248779296875,52.08209905961161,1
272.66849163385825,0.16578109974040386,0.05400618486568147,0.9664225251864078,125.86932373046875,64.30922440927691,1
219.6065452755906,0.24838956242526355,0.08170598675231906,0.9733644737117155,131.9525146484375,64.72021037422216,1
157.32357283464574,0.23696638204567114,0.024761253915698056,0.9782802264916839,121.0474853515625,60.54542289407711,1
166.37893700787401,0.23527527910131188,0.029690988576677377,0.9684322998135653,151.89593505859375,51.83421163837224,1
156.43442421259843,0.21527576070042637,0.02179290337153989,0.9741207676561083,115.439208984375,55.23925757025846,1
117.8212352362205,0.2298026755832607,0.02178769345584618,0.9668821574576852,87.91082763671875,42.33409910716665,1
316.46099901574803,0.18091349637031678,0.08744415438844538,0.9579084005759092,118.12744140625,61.96531539032419,1
328.5121801181103,0.2692392489736289,0.12195173173778337,0.9691825557289467,119.54876708984375,73.47285844061744,1
227.11558809055117,0.24281774927493255,0.059446242105989346,0.9703606921812666,137.06890869140625,62.50045078064361,1
269.35925196850394,0.2672865980623397,0.03690478357983609,0.9719398828195204,123.2435302734375,69.63646898103424,1
269.35925196850394,0.2672865980623397,0.03690478357983609,0.9719398828195204,123.2435302734375,69.63646898103424,1
221.5015994094488,0.17197327464924464,0.025253806733112838,0.9531791806100806,155.234619140625,49.657575086074885,1
381.94377460629926,0.19083045884568273,0.0949791695018084,0.9547513650824385,109.14617919921875,65.43187398437064,1
205.78524852362204,0.1934363223979759,0.06928945551110963,0.9678100624081475,107.56988525390625,57.11502942114141,1
299.0089812992126,0.19929696101693892,0.1029336874187912,0.9609934246277956,109.42291259765625,62.42694687556228,1
82.74747785433071,0.22921165905641472,0.027831100457149198,0.9761598111553031,121.0509033203125,42.41555658130612,1
154.84713336614175,0.22877163349069793,0.04922932017828392,0.9705130967671135,130.47271728515625,51.91246165034734,1
220.59098179133855,0.18774932447872508,0.01894340479905743,0.9339647703724936,95.0465087890625,40.89707910254765,1
381.9524483267718,0.19283421934253633,0.06385470950785249,0.9480233253797612,120.26666259765625,61.29081067809874,1
114.7778666338583,0.17022528585259616,0.018599182398754542,0.9696824513524257,93.6204833984375,43.839416274599,1
218.9365157480315,0.18934008622508022,0.017560456579883053,0.941280154537378,87.67510986328125,43.25958929564599,1
65.1257997047244,0.244770869931096,0.026694326316622673,0.9541349252315284,136.8253173828125,26.858968304200832,1
36.16344734251969,0.31313014434424924,0.038670464779705496,0.9759202115288078,140.54754638671875,28.345266981271273,1
427.2182578740158,0.2503626271714052,0.1231764955097764,0.9511019522839431,102.01055908203125,66.4484714918518,1
160.37014025590554,0.21238768642619216,0.02182981468172942,0.972232213139017,104.36163330078125,53.97410037144248,1
112.37955216535434,0.24928129996948664,0.02771658229072995,0.9691117443929875,156.005615234375,43.40126599932476,1
216.26593257874015,0.22960064421871534,0.02070519012076778,0.9545765063648701,101.0704345703125,48.92779372639075,1
137.80358021653544,0.25802960790413393,0.09532463125787351,0.9861913196495847,129.89825439453125,71.2896868080864,1
221.11651082677167,0.23224281488553436,0.026749520209982988,0.9674273975123465,109.05645751953125,58.440444641298775,1
245.1617864173229,0.17744825658761812,0.02148247594210035,0.9538957597474547,151.3966064453125,51.96550067081199,1
149.19346702755908,0.2181735851310017,0.023228284549872462,0.9500729254371062,73.79071044921875,38.6974547235752,1
172.09639517716533,0.23290288866231773,0.023274546474309835,0.9697353959814687,131.74810791015625,53.54098705668378,1
140.04761318897638,0.21636296413523418,0.019754698047535806,0.9747869016059156,120.4715576171875,52.98395957533619,1
238.0236835629922,0.21871999466053943,0.024578409083170286,0.9575989326182304,125.9493408203125,53.07986246103025,1
317.91307824803147,0.24990009324143392,0.16747080279627444,0.959400441303763,87.89801025390625,62.81280733713596,1
439.9875123031496,0.21861058745558032,0.06121058041387226,0.9487916589383403,134.24432373046875,66.32630802691445,1
202.6633858267717,0.30425445151806907,0.20250007862138045,0.9759642860933284,95.1221923828125,65.22414935332873,1
241.66031003937013,0.22538248176848877,0.0768667395085474,0.9697860787371744,132.0755615234375,64.05302638356501,1
137.64819143700788,0.20337210252656515,0.01912664985268347,0.9681036641909098,94.3609619140625,46.52612310628604,1
161.8272637795276,0.21824927622743237,0.020483635672643625,0.9723790632205513,114.41619873046875,54.35612826970134,1
106.91769192913388,0.21557874883001385,0.021550363457827237,0.9602769809251276,78.0013427734375,36.91942005636765,1
233.90828001968504,0.2610727134599166,0.08822309479829568,0.9715696390638981,118.45684814453125,64.478820394909,1
201.40864911417324,0.18378525184319514,0.02251909131585028,0.9544256068330731,142.6646728515625,47.469684580172014,1
287.7579970472441,0.19654499214630475,0.022344023653810344,0.9579574451389384,126.51947021484375,58.987564994969354,1
247.32203494094477,0.2206256761390479,0.03361535917239963,0.9426086535579143,69.08648681640625,46.514239650298826,1
205.90409694881885,0.18926721962391602,0.019866301058772975,0.9610006602440615,121.74407958984375,51.823932368833674,1
218.36601870078738,0.20208281122255276,0.023311181480937592,0.9651375844564029,118.83428955078125,56.355245018731296,1
117.02792814960631,0.24774947876512937,0.053930702281578584,0.9766940911047665,149.69061279296875,51.111628845954364,1
162.69131397637796,0.24981630428197327,0.03664800366296192,0.9823377689104694,135.41357421875,68.25213625118235,1
351.76728592519686,0.24576550898726968,0.0940131614461166,0.9641613616856304,145.48077392578125,70.92198082916939,1
270.8668799212599,0.15726053502012,0.04894417677304075,0.9636247532989674,123.6129150390625,61.74734360745218,1
155.51156496062993,0.2093505884319697,0.02013994963968503,0.9582723485273296,83.32244873046875,43.367132965420225,1
146.6974655511811,0.2040578974361272,0.02013694310209127,0.974706772156607,118.6181640625,54.15982322989428,1
137.76205708661416,0.20601433783289164,0.020112921658798983,0.9696234796306022,125.14398193359375,48.003760728771475,1
134.04558316929135,0.2535639871595719,0.026175800139119926,0.9530380293705083,144.90887451171875,38.321894040412516,1
191.361220472441,0.1703692704593786,0.019301589137871986,0.9554252004050329,133.58837890625,46.96843943997653,1
182.11128198818898,0.21511394719429544,0.0224797768260604,0.9722963422347382,135.23785400390625,57.60612557102636,1
198.29539862204726,0.18936295096624378,0.018755898367899586,0.9641636562028256,106.82830810546875,52.740581828421114,1
319.8956077755905,0.22791195090634053,0.03404500695827598,0.9596004139511402,141.6055908203125,63.72970022228581,1
192.8331692913386,0.23072344153955315,0.09047404460981406,0.9799983778152135,128.468994140625,70.05929070735682,1
259.46856545275597,0.18193287705396896,0.019890953276730503,0.9539226871946535,124.59130859375,53.11042389783662,1
160.4952632874016,0.23771124126037999,0.1046512696377081,0.9800810728281182,109.860595703125,63.95816083914849,1
300.9416215551182,0.17864458202726813,0.07593414583163767,0.9587547912855252,110.16961669921875,60.89301242432452,1
132.60359251968504,0.18638239615146018,0.02274802124343601,0.9705565145509565,121.061767578125,47.923427216472554,1
308.71505905511816,0.14417313853117902,0.036322145199013,0.9479892613564813,136.7232666015625,55.165486617480106,1
204.06200787401576,0.18349897692617248,0.017384594191134226,0.9623513307127913,111.78399658203125,52.20427579586831,1
195.1328125,0.16435382904003315,0.019921939345919383,0.9499017545296397,143.474853515625,45.170101978759256,1
176.25935039370077,0.15321820245310644,0.019003089787021293,0.9603293241843471,126.690673828125,47.746446621457004,1
293.87493848425197,0.22683936916449518,0.07930448858329842,0.9691762581505522,142.49957275390625,69.85718900217937,1
56.33778297244095,0.2496244950565911,0.028950300539674175,0.9770303780556081,133.60455322265625,35.62360614420419,1
181.76667076771653,0.1919879359302111,0.02327682261022696,0.9738616001833338,128.55572509765625,59.29746125522621,1
172.35150098425197,0.1977359520589755,0.017651268326247044,0.9606401026217682,102.1724853515625,46.97865138872652,1
197.14880659448826,0.15047723464531904,0.01755916356341861,0.973283755490775,123.08929443359375,61.07727577306963,1
210.50596702755908,0.2254632841776323,0.02560101115677516,0.9655434258946559,144.695068359375,55.521367298144625,1
158.92790354330708,0.21154022954919968,0.024665130212060953,0.9758355118640081,111.012451171875,57.60130419842023,1
157.89868356299212,0.22069437188916594,0.021486791239700216,0.97268924771742,103.256103515625,53.84499315574671,1
169.10168553149612,0.21765282749951212,0.10261191876612032,0.9709900271028367,107.55780029296875,54.57303381229318,1
309.77940452755905,0.20785986824251765,0.052589416869224706,0.9615920230575721,142.0087890625,64.48556604711199,1
214.04884350393706,0.12239599284738974,0.015577155167987434,0.945735808436065,138.81103515625,45.79502843324687,1
289.9861589566929,0.19387593644407597,0.020246532653583095,0.9458358252774721,95.05108642578125,51.81551573552868,1
280.58120078740166,0.25915430848629006,0.029255055616070374,0.9583069041920903,112.82598876953125,58.13590334457122,1
51.436023622047244,0.2851870540598679,0.0450763123690786,0.9713836480865246,172.20074462890625,31.319548341766467,1
171.88059793307087,0.20205692706682876,0.0234542050176928,0.9727279128041281,109.16131591796875,56.3971711021657,1
149.74151082677167,0.2112098912494738,0.022441278764222587,0.9703591027449897,102.4842529296875,50.41022023149263,1
214.40188238188975,0.18287025648502925,0.021105370925169467,0.9588083390716899,100.451171875,51.2449638683539,1
248.11312746062998,0.2120196989830342,0.021330047859303192,0.9565178124695931,127.443115234375,53.81008915424228,1
237.59965551181105,0.18562327214788593,0.025043521140870873,0.9455062304968062,94.02288818359375,47.12187361208257,1
178.04343011811025,0.26181090685917274,0.03330891726634507,0.9751698114109273,123.83441162109375,60.19312980647316,1
147.4112942913386,0.21213582483072088,0.022966103540161473,0.9692596751134233,138.84490966796875,49.43374108869433,1
170.16966043307093,0.20104378583442523,0.020685030448302933,0.9624176605141914,108.6724853515625,47.85967632510819,1
140.00596702755908,0.23329107695199686,0.025848109202327278,0.9734271024132175,106.38690185546875,51.51685860500865,1
121.58403051181097,0.21893755493843445,0.02477847916446592,0.9205911119925266,67.075927734375,27.724711725328905,1
196.94014517716533,0.1921104246657443,0.019766283960503946,0.9685685154705621,115.014892578125,56.25395622275038,1
226.10439222440948,0.22038540674377782,0.021644672387111905,0.9468340168015881,79.7139892578125,46.21277518645118,1
124.30351870078741,0.28252671781927247,0.03874205452108433,0.9684456397413103,69.5101318359375,44.41905707825078,1
201.23049950787404,0.22169758686053628,0.026061304744107523,0.9732650350482025,124.748291015625,61.64828352304048,1
209.11983267716545,0.24152252841835475,0.026749414109161426,0.9700373257563978,109.08819580078125,59.1777116816765,1
145.90126722440948,0.2347824228600049,0.021565327938419625,0.9738105945263272,113.14404296875,53.04182830984693,1
109.40458907480317,0.2449824232486622,0.026380073012940406,0.9493419966032811,67.68255615234375,32.96922020413023,1
138.484313484252,0.2389231673691072,0.025179561180126386,0.9779024656083869,125.23486328125,56.32708165105892,1
237.81459153543307,0.21823183276073638,0.027024919024673372,0.9669741547036562,112.06195068359375,60.37125342205113,1
114.93411663385828,0.22210478162513217,0.02305154403453858,0.97655820556704,124.14532470703125,50.15892648979275,1
152.3784448818898,0.14988010708631155,0.015707489452352414,0.9690741928223826,123.89947509765625,50.606800979597004,1
258.4638287401575,0.16158417540839462,0.017039973243618996,0.943339236464127,118.64837646484375,47.906880204706695,1
236.86220472440945,0.19755866457889462,0.020417298256800193,0.9539897465525884,92.84130859375,50.79273151593722,1
235.89776082677167,0.21644207223251952,0.020525114434300093,0.9405127165090532,93.68890380859375,44.61239956821322,1
385.83815206692907,0.29791376168171746,0.15782422937562507,0.9643457020028077,122.78955078125,74.06692792798165,1
319.88508858267727,0.1585180860813116,0.04966555740175067,0.958926376437159,125.2332763671875,63.05688253991103,1
273.7877091535433,0.1991308214700883,0.08792140304928502,0.9677045348993812,129.24566650390625,65.60876389198094,1
243.38484251968498,0.1984719578134302,0.058601200843257394,0.971000871296235,129.63818359375,65.53654248136382,1
196.47840797244092,0.1475085786466846,0.019151365000989493,0.9682584667296671,158.42401123046875,57.092088373157864,1
231.75215305118112,0.14085004430454492,0.01726243035452199,0.9586774892428686,143.0789794921875,54.15057166506995,1
349.3222810039371,0.1901563081370821,0.01849998550798899,0.9142411713825994,84.349609375,45.170778802893274,1
245.25504429133858,0.1890491327340149,0.019020108240342573,0.95573893104058,123.0770263671875,53.069715485429,1
375.28328001968504,0.16570023467070555,0.019042328726446126,0.9275625059023139,93.43511962890625,51.33860661158128,1
264.8407357283465,0.20709580353961304,0.02375774505608567,0.9560808658217701,127.3330078125,55.13079103772457,1
131.50282972440945,0.22599993061774432,0.027484393601517904,0.9800309396252125,109.98291015625,57.67097924094159,1
218.05499507874015,0.16559641069825679,0.026258398946575154,0.9706167176642281,128.0074462890625,61.70003824912432,1
171.2795275590551,0.22984836812118928,0.03542853165300917,0.9753743767343492,105.61181640625,59.16051058532451,1
156.03426427165357,0.2153384054393763,0.020189024281125418,0.9632484246465308,88.12249755859375,46.14261918642347,1
167.0289124015748,0.15676834185181712,0.017885009492639825,0.9666671076356669,131.83074951171875,50.54950707284269,1
157.29810531496065,0.18499179213020409,0.019025280423995147,0.9727657019126926,111.93634033203125,54.01014365706529,1
120.92827263779532,0.23816952109547287,0.02594444449650651,0.9790748419861448,121.74365234375,54.04635627588087,1
330.0501353346457,0.1717170648777165,0.022713935057812752,0.9491986596696674,134.07489013671875,57.897952634781944,1
179.62819881889766,0.20758134874523676,0.025990530942473018,0.9557906331425464,160.2191162109375,45.51242356789632,1
201.93362450787401,0.17916403146257132,0.025427034214533243,0.9498181027617137,164.33843994140625,45.52910536631312,1
240.88213582677167,0.2503730019732757,0.13773816258529223,0.9659694484164643,92.9241943359375,59.8216393192718,1
330.53235728346453,0.20646524898398644,0.062559504507618,0.9574995374770354,129.9542236328125,63.12418474282327,1
219.187438484252,0.1357021691065259,0.01697856933837503,0.9682166360738577,158.58135986328125,60.06413073932798,1
185.93085629921262,0.2382892442448851,0.02507236547805153,0.9715836663193764,121.46343994140625,57.46927789387444,1
148.26174950787404,0.21318168520665792,0.026142528316623257,0.9596896159074794,155.79266357421875,43.54896660729822,1
174.1853469488189,0.22707096626715406,0.02719855338400866,0.9740498272251458,143.20709228515625,58.44249661954281,1
161.4036048228347,0.20168547127646624,0.02146767405062629,0.9710720347013234,128.05706787109375,53.03042111900367,1
388.2709153543308,0.15162555129065297,0.04907077327699936,0.9414757513476046,117.5947265625,58.18067466786583,1
182.46758120078735,0.25222135330078604,0.07905230788122042,0.9811729820589623,144.84521484375,70.50601039284766,1
413.8676181102363,0.15866306775298053,0.0743796370023295,0.947090824951586,124.083984375,63.199181175963474,1
120.02995816929135,0.21717282727284895,0.0223885210663551,0.9718461712943005,146.51068115234375,46.77840707350839,1
130.67827263779526,0.2756287221563538,0.043934347416511185,0.9811177637307619,102.46258544921875,58.96010110257944,1
170.98203740157484,0.1732415156632462,0.020959815526597172,0.9659127285218456,121.52081298828125,50.50199351556413,1
375.1381643700787,0.14820910803254034,0.01766712577752933,0.9550641348626915,151.94281005859375,65.5845696761332,1
218.51827017716533,0.22330441375802093,0.02635161896205075,0.9635210793605283,102.61395263671875,54.97152874720147,1
155.60223917322833,0.2542892996097488,0.024784091015552265,0.9714875169136548,131.34039306640625,52.69096513517995,1
276.0075664370079,0.24850875797347238,0.024424347268334475,0.951432186287576,105.00830078125,53.51344821707349,1
188.46149114173232,0.254302926673155,0.028740464267403835,0.973499184008963,128.7510986328125,60.007742308610474,1
189.01021161417324,0.21279762328701857,0.02125451440312555,0.967589813568954,132.580078125,54.50592229320552,1
277.97693159448824,0.22698725125873068,0.025822073324308657,0.9548508527950367,103.51251220703125,55.54004849655213,1
112.47102608267717,0.20478588363945957,0.021127055052820556,0.9632930309930992,79.3997802734375,39.160800874688874,1
269.29330708661416,0.2820673353575708,0.06840660437066512,0.9750221702965416,131.67108154296875,74.0610975516754,1
200.86571112204726,0.21798358229078463,0.11046271554513348,0.9723396394610581,105.35833740234375,60.7105274208373,1
136.9790846456693,0.22442845496611682,0.02110922551731805,0.954505563321193,94.46014404296875,39.143949439391356,1
146.74717027559055,0.1915855848700059,0.02276776701754228,0.9640585182326956,146.44903564453125,45.85280074573659,1
359.1366879921261,0.14885324850588977,0.019339733301764556,0.960365540478063,152.3585205078125,68.25709046386575,1
143.00830462598427,0.2530672757366752,0.11188897821720427,0.9646751084291297,88.92010498046875,45.41697439904158,1
157.90766486220474,0.1963936653579572,0.018474450169773986,0.9681700177723483,101.41546630859375,49.90224142041698,1
181.37524606299212,0.32675273963060697,0.08034638471375893,0.9850252648880354,110.08734130859375,78.12909833570153,1
228.83673720472441,0.2925953810105225,0.18365671580787982,0.9644501349692525,84.73101806640625,56.90536170013601,1
228.5395546259842,0.1793523912761512,0.06424909812896526,0.9656166715468782,116.00006103515625,58.32184881596845,1
297.1373646653544,0.21903040813210137,0.1119595571100712,0.9612137763853054,101.548583984375,62.287781957604054,1
298.1953740157481,0.16578013486618995,0.06991891936466892,0.946330425549572,111.78759765625,53.14190611042341,1
263.20306348425197,0.1455227275299211,0.03849733462425129,0.9490344772848872,118.34014892578125,51.242228206239446,1
135.34135088582678,0.23106704781918874,0.026056439979765034,0.9759341255918171,133.3905029296875,53.40309425690524,1
186.82412647637796,0.15624080353981448,0.01889860496148645,0.9655711001089119,133.60516357421875,52.40842366725715,1
135.18503937007873,0.22411362385122788,0.02053055258850113,0.9622412367702321,99.34246826171875,42.328126016997366,1
181.90563484251973,0.18359313642104658,0.020195724072502738,0.9087179549924912,71.74517822265625,31.713988173080033,1
131.6161417322835,0.17620940754291303,0.01914098852565506,0.9681681850889812,109.47967529296875,45.76873044465685,1
245.31754429133858,0.14563941022134222,0.025158436847404226,0.9519043828930317,146.10870361328125,51.457087679826024,1
147.2958907480315,0.2395791903186057,0.02871899443331018,0.9122355112578858,67.10968017578125,29.036194311967293,1
120.68091781496062,0.2181635475564334,0.02075621012162802,0.9767253112960655,116.47314453125,51.21624399446904,1
163.23548228346453,0.21234424566739865,0.022148317727680104,0.9262296397299691,78.08642578125,33.33322454712918,1
107.56594488188976,0.2530345326852979,0.022934362858468636,0.9822112363013874,119.9642333984375,55.20488020886571,1
144.19291338582676,0.2327372637923508,0.021185946816531562,0.9689999006891669,101.234375,48.32200696806658,1
190.06003937007873,0.19314390264788225,0.07504081674187332,0.9704816991549687,113.64569091796875,57.19221624794526,1
283.03998523622045,0.24198261556242748,0.1389207701188763,0.9673630312472317,106.0269775390625,66.25304665566482,1
249.1931594488189,0.19065855407503665,0.06452389127613964,0.963861165716569,125.69024658203125,59.310583375807816,1
339.8252952755905,0.22399780429334684,0.13967069648542918,0.9642491512167635,113.34661865234375,69.33387389212255,1
179.16215551181102,0.17027481914515694,0.016334718957230692,0.9630047591580231,102.33465576171875,49.41519828391987,1
165.27233021653547,0.25350977795270196,0.03009094863636954,0.9702755910473212,154.08831787109375,53.1588766092361,1
217.18565452755905,0.19679066727322442,0.01979498011577779,0.9570677464760521,113.61859130859375,50.413550730278246,1
160.6120816929134,0.20442487306847704,0.02257904505256868,0.9722890777301959,137.4090576171875,54.3507098762594,1
147.2444635826772,0.23074174619063817,0.02304912251805311,0.9749722447952716,101.96295166015625,54.331136061030726,1
156.13779527559055,0.19623984038219655,0.02314157523096639,0.9655162910431392,144.02362060546875,48.231659313498675,1
153.93177903543307,0.253491876966206,0.028242093637763584,0.9740437464297712,140.44317626953125,54.81077684514555,1
216.47176427165354,0.21551498700017535,0.08348275171995567,0.9619037740481593,112.685302734375,53.91801129672262,1
298.17814960629914,0.14608819392548422,0.03755865141884422,0.9567200876789357,130.37384033203125,59.379066075806996,1
136.47668553149606,0.23161561050010782,0.021381346685868875,0.958256153359292,82.76513671875,40.62986017058523,1
110.68442421259843,0.23669977622076555,0.021742053440661678,0.9743285868887186,97.912353515625,46.638279973795015,1
117.11331200787401,0.21657981526600056,0.02043031439837837,0.971682175800687,95.10400390625,45.6463608342027,1
157.36423474409455,0.2243010042097423,0.023319256177442012,0.9583723677443742,86.36029052734375,43.51005645265529,1
329.988188976378,0.12736359167761108,0.019543137812238823,0.9378142362368583,118.87396240234375,52.156205959505755,1
97.43380905511812,0.2283051474348549,0.02312063477141087,0.9574877092132319,119.1148681640625,34.25055226847459,1
150.26242618110234,0.21692250107860092,0.027215626469991202,0.9512315452444703,165.06463623046875,39.931770537154115,1
199.101500984252,0.23139618355217037,0.027054063692580912,0.9430740608115367,76.07568359375,41.866377779787534,1
183.6349040354331,0.19764401347707236,0.019055638651546757,0.9663413312339512,101.39398193359375,52.50162865232047,1
88.25535187007875,0.23697851421076385,0.02365194516191641,0.9786486809061207,119.24169921875,45.81021699251946,1
149.01464074803152,0.20467590899429247,0.02054957479505473,0.9616915157491975,84.0733642578125,44.263013275738196,1
96.9872662401575,0.22404584558268928,0.023892672188302707,0.9801680228443156,121.595947265625,49.762164549833635,1
115.16492372047243,0.2406466986663749,0.02384098349915253,0.9694530398944924,106.926025390625,43.615884237686764,1
93.2107529527559,0.22534962948157117,0.022277662950011483,0.968625234904794,102.4278564453125,38.95490081184448,1
104.11325049212599,0.25266597811555025,0.026706798281624245,0.9782916293930557,114.70684814453125,49.21560071251332,1
67.74126476377954,0.23632332406988335,0.02438166410235033,0.9838390231487072,131.5615234375,46.14928459654481,1
94.25246062992127,0.2163202397129307,0.0207828111980042,0.9702514631156269,89.75628662109375,39.97006620169459,1
122.121062992126,0.2046602672464272,0.02026838879414151,0.9764718737413145,122.5538330078125,51.36688303099352,1
42.97594734251969,0.27002281430657926,0.026455526708839695,0.9822535605687028,124.76507568359375,34.891325403280284,1
79.96967273622046,0.22195843707611002,0.02202195045775587,0.979619231447974,97.730712890625,44.454997698686526,1
92.08193897637798,0.2126923489140268,0.020689283442270726,0.9750284179679194,120.34075927734375,43.34574148058403,1
178.3668799212599,0.21828332123614358,0.09480379117020696,0.9585319795990738,91.0435791015625,46.894786764272574,1
228.86177411417322,0.21332112419399107,0.024801033386493854,0.9652573323968385,105.69366455078125,57.60407716434518,1
163.47440944881893,0.2352036955394901,0.022494038896768924,0.9540230351747382,95.8277587890625,42.3087507681213,1
169.43663877952753,0.21142687465888002,0.020488207526251877,0.9359076459231074,78.587158203125,36.44595100767543,1
166.79016978346462,0.2442121410237025,0.025393675453868676,0.9713298934302632,122.18048095703125,54.33629488436682,1
136.8951771653543,0.24103695912534762,0.02514583649909996,0.9696906529857726,95.0810546875,47.66832861748468,1
217.68110236220474,0.18062786265230918,0.017844498113604782,0.9552189293748383,123.68389892578125,49.696820023447266,1
130.43030265748035,0.20197369224517447,0.0184302556783182,0.9717289373189648,117.08056640625,48.36223465163181,1
105.14665354330708,0.2178908851549092,0.021422147150085166,0.9784961508143311,109.6180419921875,49.684210108009474,1
169.96413631889766,0.21791369469579436,0.019546768085037844,0.9516210599892632,84.24114990234375,42.07381108997325,1
277.7175196850394,0.1681871073192829,0.016683304497324688,0.9305217806070739,90.05615234375,45.06426505125324,1
174.68953001968507,0.2433863070301815,0.03039248394449386,0.9619900336409917,86.22772216796875,48.02054243385386,1
255.36238927165363,0.19601647359955202,0.01943819768200124,0.9383174317129487,87.79473876953125,45.626026520506066,1
179.70521653543312,0.1896865421949984,0.018444981844377022,0.9514186370574826,96.31878662109375,43.19043946436952,1
136.6063607283465,0.1878277702441985,0.019899227285207256,0.9613294200569075,132.9732666015625,42.715641096790094,1
131.35796013779532,0.2148417953862323,0.020162015164516166,0.9609759154766214,85.847900390625,41.19338930872377,1
182.9135703740158,0.1953607185299924,0.020763045842490547,0.971810548482977,122.51727294921875,57.393368302293645,1
151.20521653543307,0.19237483286820195,0.018596282869577676,0.9729493661661429,118.1611328125,53.16163753273641,1
135.3323695866142,0.20240505994277327,0.019799185387871305,0.9634638309403925,89.1365966796875,43.10898160996918,1
138.7312992125984,0.20814054137779567,0.023542535683984008,0.9701060882830931,143.7310791015625,48.79777877913037,1
156.05819389763784,0.17664020035494243,0.01838297033208937,0.9680442448730775,105.371337890625,49.68426236274784,1
86.80807086614175,0.2181839623183564,0.021548783023499257,0.9650871200239598,103.63946533203125,35.70679456808482,1
233.5776328740158,0.20868344692913476,0.019893616551553424,0.9637404088620702,113.01873779296875,56.937896223310894,1
217.31274606299206,0.2859717553145128,0.2011020839505463,0.9765117855860009,95.28387451171875,68.27403007257914,1
139.2993971456693,0.22533851005632463,0.02229634023131614,0.9691435216313757,108.776123046875,47.77419371548354,1
132.22760826771653,0.22370294350859218,0.02143225788293664,0.9740075274518925,105.59881591796875,50.62400414784701,1
184.05708661417322,0.21457918989532637,0.02228008338968027,0.9464004276634326,80.45526123046875,41.53940500734665,1
199.20896899606302,0.26269668149169906,0.025518545954781233,0.961007241393673,95.75140380859375,50.62482908181048,1
130.2661171259843,0.229919189160041,0.02388526664681116,0.9709891539703733,143.3348388671875,47.91179759467738,1
163.90182086614178,0.17430934504963774,0.017340077124868656,0.9781156885680373,142.32098388671875,61.94781904382004,1
187.52854330708664,0.22717066786656523,0.022798868241481005,0.9488945081776808,79.47027587890625,42.924188202957026,1
177.3194512795276,0.20253433989155759,0.01950296618288097,0.9622589905839384,128.8358154296875,48.83321994887608,1
172.12438484251965,0.23495278978806827,0.023265277050523996,0.9577373243501675,81.2720947265625,45.24322223072923,1
259.92076771653547,0.19564748787971517,0.01970194893807676,0.9519497661291587,117.69476318359375,52.34260756139069,1
112.3288631889764,0.21403053312631515,0.018841652027595232,0.9722619419524435,104.0091552734375,45.34945464168401,1
181.78820127952756,0.22773629978835971,0.09941049564696929,0.957523988970346,85.3751220703125,46.629313496794744,1
342.0309424212599,0.18388005622435993,0.08308503988465328,0.9587053798218483,122.3155517578125,64.65211828523354,1
218.82572588582678,0.18083812492589083,0.07025672081912042,0.9699370605092198,117.87811279296875,60.96621098035969,1
137.10888287401573,0.22583102798564147,0.06391626834807836,0.975199896074676,108.558349609375,52.9920592021781,1
110.59707185039369,0.218227266839052,0.02858010663838393,0.9671237863887278,152.2425537109375,41.5639935201822,1
207.14739173228344,0.17517686922744624,0.017369404741332486,0.9591123947963439,120.8515625,50.84151412089798,1
204.67907234251976,0.2045532491200406,0.020001370358625776,0.9506250829353362,108.08502197265625,45.9193792414108,1
135.40600393700785,0.20790920389656692,0.02037346410477942,0.9693617333475352,123.363037109375,47.46046916903284,1
242.49661663385825,0.19627958236996398,0.020784540910247465,0.9647917954119188,120.6947021484375,58.974438784447806,1
185.31957431102367,0.19987642495630184,0.019373945125423914,0.9556147246853827,94.9921875,45.77301213746719,1
131.4685654527559,0.21686745348398934,0.021542108800263804,0.9741218930610159,126.18414306640625,50.854101253294345,1
205.158095472441,0.16869012116135984,0.058698096619011535,0.9678755355872537,125.3294677734375,57.35650910344127,1
281.9475270669291,0.1645726326237943,0.060450123676282684,0.9604872822828089,130.290771484375,60.52774534729248,1
216.37321604330717,0.26104341073477794,0.1403461467941345,0.9731553639736285,119.76702880859375,64.04375475985447,1
96.77374507874018,0.19707730249250788,0.019759965213744384,0.9628767965798436,84.61419677734375,36.19219388969353,1
205.04392224409446,0.14554245486886722,0.02027394247432417,0.9544146504434354,131.67486572265625,48.288031108611456,1
242.05954724409452,0.2754776354939829,0.06969084044161408,0.9769831128097936,118.81072998046875,72.99570068811964,1
182.56877460629926,0.18259651423759832,0.017785871965163867,0.9640526441837348,118.51287841796875,50.83723193243905,1
282.19377460629926,0.14769900026432733,0.04234538292323325,0.9515491931083828,142.26776123046875,54.80860715863478,1
240.34239665354335,0.18065158838191944,0.07412345157924966,0.9488207778198792,106.73443603515625,48.9474489078764,1
231.50768946850394,0.1799626158248174,0.06935419768980806,0.9584102966407546,114.28741455078125,53.223082460954195,1
344.33193897637796,0.21284554376312267,0.026951305194210625,0.9527106430419839,115.170654296875,60.599104917147045,1
230.42359744094492,0.21094787842782842,0.019916572514429635,0.9624937231915145,116.35748291015625,55.74695047023348,1
172.52097687007873,0.19721718698452423,0.021216423884830003,0.9568517434010805,137.489990234375,45.09267553726747,1
189.72311761811028,0.2233071359880959,0.020749326554742813,0.9630202828571576,110.919677734375,50.71165079988296,1
147.78567913385828,0.19630008208064262,0.018301581201786713,0.9647491604738282,97.68621826171875,45.88627554832166,1
111.88570374015748,0.1658582926998846,0.01770296686913692,0.9694557616433319,111.94354248046875,43.184846365535385,1
201.03863188976385,0.18429130107961036,0.02188210360411443,0.9661904221985793,129.53399658203125,54.86811305813728,1
264.8499630905512,0.18448577977854327,0.022741074971424514,0.957660684383442,132.99407958984375,56.161822393317934,1
210.20226377952756,0.2577882545524326,0.026488762532744188,0.9753436292508612,139.35223388671875,65.67300711417099,1
73.15329724409447,0.1591474251887219,0.021468951997224817,0.9755999030780838,150.324462890625,39.304150323110534,1
154.7105684055118,0.14969426003660397,0.018156527002582516,0.9707382689030118,156.27239990234375,52.90399069445208,1
126.37075541338582,0.19383103942801475,0.02431121507971966,0.9648607677869437,156.0950927734375,43.14622570197047,1
282.7474163385827,0.1693969180752361,0.06542415986797576,0.965347981280849,136.58953857421875,64.64192737562762,1
298.2381274606299,0.21852070930806633,0.023189070896863638,0.935850480071865,88.07379150390625,48.25442708225441,1
233.30179625984252,0.2313071857337907,0.021974558352464493,0.958051563455798,110.5006103515625,52.968519538755004,1
166.90022145669292,0.21530432458755924,0.02092032927747952,0.9694820640344175,103.019775390625,52.48790061979035,1
166.45983021653547,0.20709505294389616,0.019586318570826596,0.9688793057725603,108.4940185546875,51.847280229072766,1
179.72514763779532,0.21407703972868514,0.021004542932134888,0.9533108466659513,82.654296875,43.94861580466716,1
81.80708661417324,0.29164307477197426,0.033987743055536035,0.9793651030739058,139.76397705078125,45.21790928407583,1
73.38822588582677,0.21653509724550998,0.02225807744060199,0.9736181723470934,142.35479736328125,37.765982623758646,1
305.7358513779528,0.19634440349607804,0.08901177819109217,0.9540490077758713,107.57611083984375,58.09942265801568,1
113.5556102362205,0.22216070479780853,0.02882641342836414,0.9777845333873947,148.28594970703125,51.6821004760886,1
292.058624507874,0.1423135808272785,0.038219650587291244,0.9505219769030354,130.961669921875,54.93339246718291,1
201.35494586614175,0.17084313614529398,0.018137342207182047,0.954933094395728,124.5794677734375,47.57363133859105,1
202.83316929133863,0.21253371666806747,0.019155316465445316,0.9420305221891678,83.19049072265625,41.926349170760005,1
164.8818282480315,0.196742232448983,0.019869681839561195,0.971901211066763,121.8023681640625,54.54468856847955,1
158.2936146653543,0.2081649389685384,0.019706366092518277,0.9616878327225168,101.5054931640625,45.807059641382914,1
215.52392962598424,0.21482318744721193,0.019662246123520775,0.9498173580812094,99.829345703125,46.574616221010295,1
207.37235482283464,0.2673921004370456,0.1642265407146127,0.9705266746057719,92.94921875,59.606893865262336,1
208.22016486220474,0.2006012844832671,0.01840739912925636,0.9607180821846839,118.59393310546875,51.68514263829062,1
203.85783710629923,0.19678015199633483,0.018878069580941424,0.9310355673946326,105.8250732421875,38.77530255367972,1
160.98277559055123,0.1944722011722502,0.018078776103030582,0.9673407794728315,107.74945068359375,49.784251625421966,1
167.5889517716536,0.21000419864471248,0.02239456284296305,0.9747334852943866,127.6641845703125,57.783978576640266,1
117.75184547244093,0.23048816450142806,0.023255108961917473,0.9751678727098897,129.2763671875,49.06053975070799,1
118.31206938976378,0.14458867010442028,0.01680078306517097,0.9743375622593735,123.3150634765625,48.368128020918114,1
72.64677657480316,0.2646325248661149,0.025991331722931433,0.9848888067798685,131.22894287109375,49.11970207104776,1
93.81434547244093,0.18749325899192787,0.017781456571104717,0.9790251076903784,109.24578857421875,47.565493249154656,1
147.01802411417327,0.15126077219552964,0.016147678804472345,0.9724772215933695,112.5760498046875,51.754303089716196,1
271.209030511811,0.22973351851853202,0.02418421828162847,0.9588700372011487,135.6240234375,57.69411759530614,1
97.32160433070865,0.23736750260739392,0.02367005763313129,0.9795733393939963,133.0587158203125,49.56088274386245,1
463.02220718503946,0.16057488163004835,0.07956244569736404,0.9353426238886221,106.66607666015625,60.17675082157052,1
268.5715428149607,0.19480254726293864,0.07907863167334604,0.9625411891572744,128.443359375,60.65203641537345,1
235.38416584645668,0.22202955258204085,0.10375924333461242,0.9543784534486311,83.874755859375,51.04824820657342,1
168.6762426181102,0.18143377466650748,0.021642180883834506,0.9669411054216482,142.184814453125,50.97074522712554,1
149.78161909448818,0.17905353099118518,0.01751336168634591,0.9686824963040213,85.69134521484375,48.953234801753716,1
236.18571604330714,0.15862855372191462,0.049715762519783005,0.9616793914352829,130.09674072265625,56.41058764590915,1
301.10857529527567,0.1448949821772155,0.0373413258323952,0.9555187679117205,124.37982177734375,58.91664953432984,1
96.80247293307089,0.23065825084648073,0.023922864622277364,0.9651457271097909,75.2825927734375,37.321395632913614,1
170.30573326771656,0.23772396263544568,0.030106570053224504,0.9607579349110869,76.33941650390625,46.608048129489205,1
197.12985974409446,0.17672404821013452,0.01874777577508544,0.9602149970273428,127.35064697265625,50.32429411764112,1
150.7683932086614,0.1947180314685423,0.018607573225725867,0.9694317504249487,125.46185302734375,50.02129316995328,1
120.76697834645668,0.18916094651833282,0.020995397800028136,0.9792776313967373,125.1905517578125,54.7175102353508,1
285.2026328740158,0.15595856098148878,0.04119683971927094,0.9558635076159174,125.87823486328125,57.57593177564312,1
154.69740403543307,0.19021037129853965,0.07636988730632192,0.9794234226896432,121.11016845703125,61.95708538035859,1
193.08901328740157,0.2337108649351539,0.023460052996274686,0.9684952819437804,122.037841796875,55.68027808661786,1
201.14739173228352,0.19891422440211518,0.018846923381812666,0.9660465392986137,124.1153564453125,54.705618637107555,1
210.40840305118115,0.19458964998328535,0.01863444925078091,0.9659128480161622,112.3209228515625,55.8070890497869,1
137.81237696850397,0.18435934121527073,0.025070252360553248,0.9677760718362827,159.61138916015625,46.95409129282226,1
136.80493356299212,0.20546541601566007,0.020380613878081245,0.9644440305274166,84.796875,43.899670047432444,1
303.3621432086615,0.16635965172043576,0.01835608687484058,0.9503581614121654,130.78521728515625,55.65595674514486,1
173.5045521653544,0.20228066752241133,0.019010705188884168,0.9612522461141216,107.2059326171875,47.40669623182524,1
96.84245816929135,0.19535808316194228,0.02418273173848627,0.9888685356419726,129.4464111328125,66.58702643286313,1
373.378937007874,0.160282864792368,0.055894648704456505,0.9431070690811315,116.24468994140625,57.63874122172988,1
136.9153543307087,0.19263673718627788,0.01877455187825572,0.9743977466006069,117.88385009765625,51.9334866353351,1
266.11657234251976,0.21117688884976094,0.10404173577068995,0.9628831327831073,112.061279296875,60.296714293677724,1
279.55640994094495,0.16737346640614997,0.05725270702339447,0.9522407121726625,114.5096435546875,54.75310823234984,1
209.5036909448819,0.22386255883517664,0.02377967606463461,0.9706076121452155,139.75689697265625,60.076767052599585,1
191.093811515748,0.18726674067204152,0.021881282146214986,0.9684557358755844,140.4649658203125,55.63176414411052,1
128.30253444881888,0.2256419901857218,0.025152946128339477,0.9760906377043507,144.0025634765625,52.41112145917387,1
147.13847194881888,0.17355448564367185,0.021313053976862742,0.9704055858541835,141.1075439453125,50.52278726409143,1
149.28537155511813,0.20827527375340307,0.024073808968195737,0.9739803076007727,133.946044921875,53.94859879999069,1
156.77159202755908,0.18801586186641484,0.019787140632973134,0.9672091253472586,126.99505615234375,49.259887693913434,1
274.2178272637795,0.2603422444294141,0.16493920767139408,0.9677871359783955,96.109130859375,65.5405832023962,1
277.63496555118104,0.17516622397934375,0.02013435900016002,0.9636755862708515,117.4317626953125,61.95383221473974,1
127.48296013779529,0.2807138997621181,0.1423655037361136,0.9793271700658438,99.82562255859375,55.83654188255626,1
70.21647391732283,0.20275422991274877,0.022858584820812263,0.9680841601599872,143.56146240234375,33.4872349412985,1
96.47084153543307,0.19134530617958642,0.02316919419105815,0.9695844252537547,118.663818359375,40.91911138136365,1
112.8677411417323,0.20565748112886012,0.026946846861566873,0.9628937837543159,123.46661376953125,40.12093362631427,1
269.74852362204723,0.21320568727094938,0.1065790115663148,0.9614369568420211,103.42877197265625,59.61886130124579,1
239.28444881889766,0.2016353250329311,0.021792425847788666,0.963538488883004,122.90032958984375,57.654975552384535,1
171.47219488188975,0.19084337649910307,0.01863074276686492,0.9642959236801488,91.4212646484375,49.036651251678975,1
201.81176181102364,0.18112026352157884,0.01773505523645613,0.9658706614844464,110.98785400390625,54.485701665399084,1
349.5939960629921,0.2760514790781783,0.10694674235299748,0.9675940569251221,131.5296630859375,74.07390783703646,1
343.3953001968505,0.18787599472977484,0.08603180249614124,0.9529993803970372,113.59002685546875,60.955926305863976,1
72.30437992125984,0.21983998595486648,0.028628724615226312,0.9771475285002746,129.92718505859375,40.29484997863516,1
123.66818405511812,0.18322597211877423,0.01765560911181019,0.973349089336633,117.634033203125,48.36810784380057,1
95.77466781496064,0.1782675914711297,0.020622644183662987,0.9766135153045163,136.72393798828125,45.77548383290754,1
172.0353715551181,0.1791160502138733,0.020570189163030668,0.9549192261366432,141.08880615234375,44.26148538588557,1
130.08889025590554,0.23153894021473792,0.021176299258587876,0.9659201346189141,98.44775390625,44.131497450468274,1
189.93091781496065,0.21533408678434002,0.020738472320590683,0.9514761007975154,94.5345458984375,44.463818495645576,1
150.59953248031496,0.24139922899313007,0.02484189166321944,0.9700900143093287,107.37103271484375,50.28337878357504,1
161.16590797244098,0.18426091270210246,0.019610357920869764,0.9671596152171619,131.8453369140625,50.19821677136709,1
149.79343011811022,0.24487237849625718,0.029352295738267517,0.9766506015972181,123.17938232421875,57.114408441054536,1
261.3856422244095,0.18352357366042893,0.021224716061129797,0.9525428387003214,95.908447265625,52.71309678983918,1
261.3856422244095,0.18352357366042893,0.021224716061129797,0.9525428387003214,95.908447265625,52.71309678983918,1
275.56729822834643,0.289001313579617,0.11036466961043556,0.9773951660089161,129.13330078125,78.5701190209868,1
307.98019192913387,0.2120379725895176,0.1113567494269496,0.9601929065673344,109.79736328125,62.71430993626645,1
341.31576033464563,0.29181240587838553,0.13575712370931148,0.9722317840216543,132.36090087890625,78.95462587053646,1
231.41147883858267,0.23722392234381823,0.12024443787677351,0.9569897701105734,90.486572265625,52.27828756707654,1
229.242125984252,0.2264163465048802,0.11799020349883527,0.9751072077346751,122.6932373046875,68.46274604387057,1
228.47176427165354,0.19335203568964798,0.08377413910273368,0.9730007378789285,126.33831787109375,65.72344815368032,1
152.52294537401573,0.21486380639647631,0.023250023250034873,0.9635643918905867,141.12188720703125,46.47808622852057,1
148.71905757874018,0.1859336143766834,0.02557912533339612,0.9655940835299907,156.2823486328125,47.40147435931765,1
100.56938976377954,0.221121956344768,0.020930818015544642,0.9752070499178237,128.80303955078125,45.454899770260326,1
116.11884842519689,0.21407344761494568,0.022376009828044784,0.9757054535360703,132.141357421875,49.340990695423244,1
242.8881643700787,0.24566287980986798,0.10951010934340566,0.9767443108525243,128.3089599609375,72.86753973789341,1
193.4909571850394,0.21187270251703183,0.023863868760747562,0.9717701529643281,113.886474609375,58.82224449919591,1
128.1665846456693,0.199879600597531,0.01883582672112225,0.9719963426200784,114.2972412109375,48.093549760044695,1
173.7479084645669,0.20152468455205622,0.020737696800759504,0.9590582192205447,91.90631103515625,46.23111099934042,1
398.29915108267716,0.1602529144477489,0.019033731928563096,0.9282785617528616,101.77197265625,52.8955811988718,1
97.42568897637798,0.20979618338785266,0.024995499439414405,0.9699847205760476,160.85955810546875,41.0784057046329,1
260.6206323818897,0.20929484716292276,0.08356707767892663,0.9640656071061728,100.3155517578125,60.60219075862185,1
134.88478100393706,0.21896696189348297,0.01992421862449396,0.9728862234909915,108.13568115234375,50.156952986700205,1
202.61448080708666,0.21837131583429556,0.05949073782027958,0.9693099577871032,107.24688720703125,57.9741670845594,1
368.7331446850393,0.21203897558853113,0.11134249283103358,0.9580509731382301,123.951904296875,66.83359192835238,1
307.14831446850394,0.24749686292173131,0.08843011275255641,0.9640017840213178,127.61761474609375,65.77994327512995,1
197.33556840551185,0.2063098023869691,0.02016816104059663,0.9392575728600527,92.43792724609375,40.58788935393903,1
132.98019192913387,0.1768459534675897,0.02136612051574421,0.948312235669351,145.643310546875,36.652536299215086,1
359.54872047244095,0.2435393669461678,0.061897300344950314,0.96447883695671,131.9591064453125,71.79989732881324,1
102.57240403543305,0.25338929550178746,0.0265774017781115,0.9798514932109906,123.93243408203125,50.85370324349248,1
212.39443897637793,0.2538386767957801,0.1415933109567079,0.9748838470464237,109.691650390625,65.49773197715483,1
177.68116387795274,0.18613614925782657,0.022222686368965194,0.9701778257159899,138.535400390625,55.12817399571118,1
142.12715305118112,0.23104755500785693,0.026834090178412942,0.9750410253728028,134.53594970703125,53.758244976292374,1
128.54712106299212,0.254724673756625,0.03129229373011599,0.9719828413426579,152.50390625,48.855525905459494,1
185.59959399606296,0.16346271645289956,0.019938268418057303,0.9627574956760034,129.03570556640625,50.742284396705294,1
256.7850024606299,0.20907824541319842,0.05024675059611303,0.9677396950742242,146.568115234375,64.01757284352308,1
97.62432332677164,0.22417742994556936,0.04178513504285595,0.979938382545813,122.06207275390625,50.171957645530846,1
256.42962598425197,0.2074829733498693,0.0216888162287214,0.9598918046185726,134.63470458984375,56.83691993726195,1
300.9435285433071,0.14320756265226778,0.016967142882179116,0.9514332357307764,135.53948974609375,55.90531134040634,1
231.3672490157481,0.1961029198230002,0.04809839197420609,0.9631176993478949,106.45574951171875,56.56824897320304,1
311.17002952755917,0.18945552662550608,0.048480303048633884,0.9543832019086977,119.689453125,59.09417653446798,1
306.2615034448819,0.21079246778091196,0.11198164296449094,0.9576582219509099,106.9351806640625,60.542646607323945,1
157.7583046259843,0.20766247261760715,0.020206073926036218,0.9709473401405516,123.90032958984375,52.42995597074725,1
155.14917568897638,0.24363847595240787,0.03279623131386606,0.9607042353617657,74.17327880859375,44.46301725764583,1
320.6329970472442,0.23441801376409158,0.13514821541979197,0.9539080736345142,92.89056396484375,59.320816550310695,1
304.08070866141736,0.1653117787274743,0.060796530713773674,0.9592894920383898,125.15972900390625,61.662899467405374,1
172.16750738188978,0.18981268716752522,0.021715233319994025,0.951559669299045,145.51629638671875,42.75023817840776,1
162.2995816929134,0.17982980559239142,0.01748708895309884,0.9653599337539637,103.96875,48.7961070024418,1
279.83335383858264,0.14851074730784483,0.018771276252388894,0.9452152470532444,141.36053466796875,50.87254373108505,1
142.80493356299215,0.19788490171429052,0.023352377805336912,0.9456792959207865,150.14849853515625,36.92893938238293,1
149.2328371062992,0.19780117738437528,0.022101881469375608,0.9717693102933673,132.710205078125,52.04104288808803,1
167.20294045275597,0.2393492392725672,0.02859896831756911,0.9750115171535517,139.18670654296875,58.14468745501201,1
151.80056594488192,0.17903038331621354,0.019623427202142604,0.9633061243445363,108.84942626953125,45.86406993549293,1
189.94974163385825,0.2621532176814773,0.03865994368876434,0.9777088544656297,112.390869140625,65.45201478846617,1
202.73898868110237,0.2716449037646919,0.11176733437017235,0.9804413947249354,135.71624755859375,72.6789001299743,1
365.2969365157481,0.1893222184984733,0.035840011359201215,0.9531890498194413,134.1773681640625,63.29259185017234,1
278.6176181102363,0.1832073432955729,0.08233244597539092,0.967189678943224,121.64678955078125,65.79622610621348,1
199.19894192913392,0.1787358541018715,0.021310701275612312,0.9657320287308685,135.23382568359375,54.23378147059702,1
154.83753690944883,0.20664957258287106,0.01938458733462818,0.9708051056032413,106.48785400390625,51.60654462544362,1
191.5361097440945,0.1995744536882769,0.02002755691772691,0.9687197109634533,104.55914306640625,55.32896156127692,1
195.15446604330714,0.1755332699495296,0.034637299429801274,0.9714957515361209,126.91046142578125,59.31392708481401,1
369.4303026574804,0.23244394901256882,0.09876739847837192,0.9584878701533447,121.2142333984375,67.29320266237004,1
247.03943159448826,0.14005609614640346,0.024714253223776305,0.9583490040682832,137.1373291015625,55.45575937754111,1
263.9752706692914,0.1829251556969181,0.03513225174384918,0.9615243019339876,129.31591796875,59.34796918039421,1
107.76648622047244,0.19058745876372046,0.022440815037418772,0.950695775029135,125.03466796875,33.62465902602312,1
132.98271407480317,0.1811562127187917,0.01990616719054715,0.9615169474113533,120.857177734375,42.31272920732385,1
185.9031126968504,0.24800207906217772,0.09598354226704695,0.9746690065464196,101.942626953125,60.8914970935551,1
234.93639271653547,0.18048387452705325,0.06327805991514099,0.9572682063345076,109.7783203125,52.98990685246896,1
216.12906003937013,0.24057466167440894,0.024768550328200648,0.9522861523448393,101.0396728515625,47.68329804441985,1
128.44968011811025,0.2566658359942579,0.024072001203271336,0.9769613918646531,107.349853515625,52.98850032762514,1
216.747969980315,0.20983423867231793,0.0191132903841179,0.9494838354670692,97.80340576171875,46.45987390663387,1
171.6796259842519,0.24168066336509156,0.02709410824477972,0.9708027715302832,99.98529052734375,54.310621829387074,1
151.54029281496065,0.23815903198219235,0.023095046952009268,0.947592917860374,82.016845703125,38.23298563847272,1
75.48185285433071,0.21437779187613995,0.020613604989939655,0.9799570778957792,115.12457275390625,43.88314195830662,1
150.68079478346456,0.20075049914162094,0.01868560465573747,0.9676457659434753,108.57293701171875,48.46348146451172,1
352.6605561023622,0.1669862918403728,0.025233569385925747,0.9400689952131521,130.09375,55.02372535154722,1
212.36158956692915,0.22823649255664477,0.07270206351234824,0.9741956207118837,127.79254150390625,64.8649898612716,1
285.93270177165357,0.24360528415520843,0.14669672570089143,0.9709410416981546,117.30731201171875,70.62570073802885,1
236.51297982283464,0.16428822630905365,0.016552194939805254,0.9569383218628451,121.17913818359375,52.67574821527002,1
157.0056594488189,0.1969806065213372,0.035913845190760296,0.9777091851067854,134.84552001953125,60.28489896856822,1
239.28998523622045,0.2240824208919765,0.12247879668284178,0.9733998153125102,114.49566650390625,67.48429346176273,1
125.8122539370079,0.21683719308976032,0.024055567895890938,0.9691231863127979,136.900390625,45.87936733983656,1
229.9849901574803,0.2477764743821778,0.10806210763626323,0.9740007564015344,122.28875732421875,67.11775672023707,1
211.2466166338583,0.1909540906044346,0.0779896934968827,0.9723368111612545,136.09429931640625,62.5274262614816,1
131.85771407480314,0.22649875247178683,0.021280803787610613,0.9721362208965401,113.63201904296875,49.012722585765104,1
147.90065206692913,0.2554739308640049,0.032819098382490065,0.9723134066108237,92.15771484375,51.73661798645615,1
121.76876230314961,0.2210875911568787,0.020176884030351068,0.975852203973848,124.92523193359375,50.56539665557331,1
184.91350885826776,0.211118222802518,0.021861384798164452,0.9724580578562654,119.24578857421875,58.09804546038212,1
291.8171751968504,0.18238762939340375,0.020095463441210326,0.9476178025578489,113.84661865234375,53.175621305378016,1
153.1286909448819,0.20990412160240918,0.025495253535666926,0.967606343221272,137.6396484375,49.59675312143834,1
271.16406250000006,0.1630540397029026,0.051707105827442784,0.9615738412289041,142.43695068359375,60.26854417011633,1
123.62481545275591,0.20442743501261162,0.020251625186588153,0.958596836196611,80.24749755859375,38.78026901631836,1
149.75738188976382,0.16456139895661562,0.01974487821576998,0.9681803218463185,149.4375,49.56501092118499,1
90.62253937007875,0.2667076050730426,0.03467041420808813,0.9816759609661132,136.74847412109375,50.540199799440806,1
303.04687500000006,0.18236572262964262,0.08091311111862128,0.9568545594715778,118.12579345703125,59.95212004574004,1
202.90889517716533,0.22249501956827658,0.021354605160246863,0.9628895468120946,117.78961181640625,52.51287264986663,1
135.11687992125982,0.1980209468844716,0.021018500727039455,0.9527200616639673,79.60882568359375,37.98173161228257,1
161.06379183070868,0.2216576222157737,0.06600724325892421,0.9807900030870284,127.28680419921875,65.44592536712965,1
308.5161786417324,0.1604074976876307,0.019265432002512378,0.9525384519977417,128.32061767578125,57.335546711515015,1
236.39222440944883,0.2291100154386514,0.023884316036725833,0.9654753775029277,104.41094970703125,58.5134564829029,1
225.691313976378,0.17607025098663912,0.01867385486793866,0.965894963997341,113.96697998046875,57.78362514563515,1
160.6666461614173,0.19802026495533598,0.06211933216447483,0.9777012984346051,123.1260986328125,60.720132893365175,1
393.3188361220473,0.1725036981174536,0.09033921142927169,0.9496484881414863,118.37908935546875,63.1107350044629,1
111.80142716535435,0.22717154105613968,0.02734501280818716,0.9741935662993774,162.70159912109375,47.26230626139542,1
231.24815452755905,0.20821875652005065,0.07553954769174802,0.9705212003697146,118.50335693359375,63.25727835670915,1
326.4446358267716,0.22399484977935213,0.12685389999746194,0.9609960720384462,115.47027587890625,65.17310629734764,1
311.5876599409449,0.24748630094671203,0.16370403345133552,0.961796912649587,95.4583740234375,64.13268050443803,1
266.99292568897636,0.20167454723377623,0.07956688077503868,0.9463339014797609,89.709228515625,50.271833553381306,1
230.16959891732284,0.22260256543200677,0.02197894920909361,0.9561325953674426,124.0496826171875,51.37096502171776,1
132.27663631889763,0.21813664508010402,0.02170961257286216,0.969445456497477,98.2813720703125,46.6855134143972,1
246.7087844488189,0.1830494926382073,0.07292369554581606,0.9511569116993727,96.71697998046875,50.763660797648356,1
192.390440452756,0.23898216618650914,0.031543365761465554,0.9619289164445626,81.9674072265625,50.41572690879672,1
237.40218996062993,0.17166287687602197,0.0559484291060778,0.9604830577752141,116.3621826171875,55.46883187073052,1
130.00190698818898,0.19115737529461588,0.017853349617433425,0.973297218692961,121.594482421875,49.73168101431377,1
245.0957800196851,0.1736187441005841,0.02373806554666496,0.9603239622378114,132.91015625,55.99614906694163,1
235.1003937007874,0.15210764154846806,0.020511651108620105,0.9556438345757596,162.9554443359375,52.30446606233771,1
320.5848302165355,0.17999028344872617,0.08239000510656776,0.9597448132289159,124.4232177734375,63.65945882006162,1
140.84824064960628,0.25950909038450476,0.061464622578755616,0.9725995699015668,98.17523193359375,51.0646323216034,1
147.5553641732283,0.2152505687933703,0.022032644718172397,0.9485412393822749,73.07122802734375,37.96424378230985,1
182.58649114173232,0.24408663338080677,0.02589038450022193,0.9651722278641806,101.6107177734375,51.299414748013525,1
100.11208169291338,0.2346106421443436,0.025262496318358894,0.9797872153866242,145.23284912109375,50.41692547695193,1
207.2787893700788,0.20297366515157195,0.018159913515249024,0.9559882307997098,108.445068359375,48.73543863154007,1
132.34627214566933,0.2004995050864662,0.020517830580933743,0.9726386707987571,125.4600830078125,49.58746680024081,1
299.16621555118115,0.2336359885489389,0.09066531241042397,0.96665097148669,119.40692138671875,67.49622478190354,1
257.63232037401565,0.16829702175293548,0.051094244875791166,0.9522099820766167,111.29803466796875,52.61965977436839,1
167.02897391732287,0.2019501615069761,0.01908436235845721,0.9682261307097689,110.27972412109375,51.43730007386405,1
303.1315206692913,0.22094827749922935,0.023190253982545733,0.9534989924542204,93.6932373046875,57.16834667447113,1
159.51703986220474,0.19915473205852027,0.020034924574321444,0.9354766253234271,66.91015625,35.26430248371695,1
282.8355068897638,0.19279382863163044,0.017326159147983983,0.944922284442459,112.55078125,50.83328208712303,1
202.9564468503937,0.22132197818229726,0.05895471723887585,0.9715153764945285,109.0628662109375,60.20283365154384,1
257.357406496063,0.18946083554076998,0.08752330186854897,0.9668371261964743,118.22454833984375,62.92809388823369,1
151.97459399606302,0.22443602596630977,0.023848204444929348,0.9681573563754383,120.00732421875,49.216330000708425,1
117.52958907480317,0.24648378330576198,0.051823686267024466,0.9804193071226951,135.121826171875,55.51789022420022,1
159.1192175196851,0.18003158537225855,0.018102047592688006,0.9697693252493456,110.48956298828125,51.48843059191828,1
99.21395177165356,0.24486185786248918,0.02673225560580054,0.9727020123063375,136.42071533203125,43.29491760818165,1
137.33347687007873,0.21391854214661818,0.025225319886102195,0.9311342708910848,69.22149658203125,31.611639104320496,1
134.1136195866142,0.22938868769760984,0.0230242359289878,0.9738895837194709,123.93798828125,51.135723749781086,1
135.79890501968507,0.18646720830010924,0.02154693903693692,0.9761600166514579,140.52276611328125,54.05091407884582,1
299.11614173228344,0.18760109535554234,0.0907569540100838,0.9650188132065702,127.66131591796875,66.0706047138418,1
149.12112450787401,0.2418924494291798,0.029513778875187677,0.9757072346110296,123.18524169921875,55.680846039627056,1
160.79558316929138,0.17975060695458808,0.017637274083266964,0.9581104509337992,111.8468017578125,44.16453132518889,1
269.6751353346457,0.24493141634687216,0.061256976025329694,0.9733785264899429,129.61151123046875,71.75823237024258,1
224.65391240157481,0.1449096201732563,0.024517209228998776,0.9631820080168976,120.33685302734375,56.02756906532712,1
119.6056840551181,0.22797045797129287,0.02036840203411378,0.9735507253414462,119.7113037109375,47.790596025946165,1
264.06957431102353,0.26488073571828863,0.1322690508913545,0.9744891298200131,117.4747314453125,72.40352701218934,1
342.3674335629921,0.18405802581426928,0.0905026596753835,0.9614179337545566,122.7869873046875,67.0626704594018,1
293.20927657480314,0.2004804860441759,0.09678454665299137,0.9636580652823675,105.953857421875,63.86080344441032,1
286.1977731299213,0.21410043589616923,0.11265556650379781,0.959238454007663,104.748291015625,59.68904813935717,1
249.9700418307087,0.20600205193901586,0.04793426927140596,0.9682435228946608,141.603271484375,63.55149340114786,1
221.6528666338583,0.20469425869472654,0.0369886167031481,0.9681579885252922,145.316162109375,59.87408371654296,1
326.7723917322835,0.12498742012572336,0.02767128507547419,0.9489078550624406,132.79095458984375,57.406627981853816,1
287.9596456692913,0.26292776394418466,0.12790260926550498,0.9724431501215741,117.8419189453125,72.74455511216001,1
43.99427903543307,0.24835762067263684,0.027918290441681797,0.9827369742886732,138.03271484375,36.34082478356726,1
228.0925812007874,0.21700504664932144,0.06281616384792217,0.9686373826053515,130.691650390625,61.086414709982456,1
158.51021161417322,0.19967622048733946,0.027943321176573603,0.9642477564805054,158.21112060546875,47.807759118144624,1
231.6505290354331,0.14446964916070898,0.016014074626507765,0.9591938113226387,125.44384765625,53.705158404915856,1
347.7163508858268,0.15663307805388463,0.06544947479065792,0.9580277568320847,123.68170166015625,64.93760953382588,1
232.00258366141733,0.2138099692103065,0.08403997956903414,0.9668534484593562,104.67108154296875,59.61615523900091,1
288.1651082677165,0.22019786541878372,0.12469182188197195,0.9647171541281633,106.43597412109375,64.35014729841305,1
176.8113312007874,0.18809906235404608,0.019106310059927176,0.9667749000760348,124.61785888671875,51.89730578328774,1
203.69045275590554,0.19624175165853514,0.027985372442700725,0.9663784071456819,124.52801513671875,55.87346803265271,1
468.408095472441,0.22040337067512605,0.14355477131843614,0.9527860218215727,100.6624755859375,70.7213846802934,1
213.44069881889766,0.18772007464565305,0.0224161393815103,0.9492587682182626,148.1248779296875,46.143657105278855,1
172.37985974409446,0.18924205521775422,0.019002791081623383,0.9590608087504613,119.512451171875,46.3066688958095,1
225.20361712598432,0.2751153811151145,0.14132274153786262,0.9707840400912208,106.0987548828125,62.54400707274286,1
125.69549704724415,0.22963402102691557,0.02032432278488034,0.9640035058694861,82.9337158203125,41.82662055990432,1
271.1359498031496,0.14623718724751558,0.015139686726677903,0.9496483385754224,121.47216796875,51.951374094434804,1
148.13988681102367,0.23378942472012523,0.02516065535968559,0.9226632382705316,79.57000732421875,31.096870624653388,1
169.20540108267716,0.1839509832343041,0.017434587500945356,0.9657944900581636,115.22265625,49.990636177631664,1
309.76531742125997,0.1617071502524539,0.016169458543872087,0.9264801447452187,109.18475341796875,46.20308784728319,1
304.84233513779526,0.18001467449649353,0.08375542479901035,0.9507972342844616,112.06268310546875,56.158696854978594,1
220.7138287401575,0.28421089944974226,0.05742464600851604,0.981467027974525,141.56646728515625,77.77193487103416,1
266.5767716535433,0.2680685420025765,0.18149668160964685,0.9682794938769652,103.87152099609375,65.22338537283396,1
191.935654527559,0.26050992921648597,0.1535166873881195,0.9663984428451041,88.6304931640625,53.81071754861324,1
242.154343011811,0.18544198401939835,0.01844410989036129,0.9401408572951478,100.7850341796875,45.147900727350795,1
274.6251845472441,0.16690892355557568,0.06558617385355431,0.9605833359124809,112.8878173828125,59.52821197154464,1
176.91190944881896,0.20078336372187855,0.019684799072721325,0.9634245975037914,90.28912353515625,49.42885550670289,1
181.28248031496068,0.19454815020681474,0.018826231125352914,0.9697771953170958,125.1043701171875,55.23803002796919,1
193.99680118110234,0.17061957090567426,0.01954744566128897,0.961451875172948,139.942626953125,50.86741732049043,1
135.30148868110237,0.2628854440830236,0.032371372883073755,0.9687276964455552,153.91961669921875,47.14485289241671,1
226.13625738188978,0.12378736904004167,0.016716444709411072,0.9294594902369543,146.81378173828125,40.59288157035398,1
233.84584153543312,0.28506580860316266,0.18776311409294502,0.9684144308306363,87.2926025390625,61.09681661072917,1
212.50233759842524,0.20965956204513234,0.08541671500579948,0.9634908764309863,103.98931884765625,54.507558389250164,1
188.60248523622047,0.2250214883096449,0.020602036382043033,0.9701296346629888,125.08502197265625,56.38406904840739,1
91.98449803149609,0.267416158932973,0.026192961982113083,0.9590988490752591,76.361328125,33.57118331564508,1
240.37623031496068,0.25816721464047104,0.026371070070580278,0.9649519920522583,104.620361328125,58.60077804072926,1
355.40981791338584,0.25711787427519855,0.12900124442579555,0.9628383275264603,124.5682373046875,69.73801320135104,1
283.8074557086614,0.17606929089625392,0.08574265906187946,0.9620738855488916,129.37774658203125,61.745720534277574,1
133.12475393700785,0.19012920023127045,0.01835505607412126,0.9653858790301785,121.06317138671875,44.29102806540783,1
223.40895669291336,0.27868395513368466,0.14263728538842102,0.9764462629378804,114.4775390625,69.33968332063745,1
292.8011811023622,0.1645909464569981,0.05514760724599551,0.9574768729567267,122.21893310546875,59.24696912107497,1
144.84245816929132,0.21779701897046785,0.026350972737942895,0.9684817867375608,145.85418701171875,48.493705201179,1
156.46635088582676,0.21028742410859205,0.019356260274898753,0.9676655931803929,94.78240966796875,49.291859943539365,1
159.32787893700785,0.2119722103656587,0.02213844855761612,0.9776226546334656,129.27630615234375,60.14485594308198,1
204.96136811023626,0.24571559042802876,0.02937575036093302,0.9706518240221467,130.242431640625,59.341670878741475,1
120.7087844488189,0.22583993943284517,0.026844946648123594,0.9778037426192919,149.4190673828125,52.645737245353374,1
221.1945127952756,0.2025669625635965,0.06918052380998663,0.9705130506771971,115.7816162109375,61.853726329659594,1
257.6515748031497,0.15121147914437438,0.03328399920899709,0.9557685597994455,139.7774658203125,54.7019638464293,1
330.0240526574803,0.17622887160893763,0.0756051942954899,0.9604975448354912,134.0079345703125,65.2452212954048,1
197.48216043307082,0.2164700781409433,0.024522610821166947,0.9672344313542951,141.65167236328125,55.15693225840501,1
133.22151820866145,0.21847112338403443,0.023558242613577612,0.9727313963224066,153.08160400390625,50.35958218683551,1
227.05997785433078,0.18975109830467488,0.04839901744878615,0.9641256996769011,112.4945068359375,56.87700004296683,1
303.6886687992127,0.14633259073400626,0.04316058600353409,0.940626908061052,112.46588134765625,51.25189766855955,1
171.66455462598427,0.18314675348687887,0.035626090126674566,0.9716575305506124,138.02410888671875,55.6225593505278,1
194.75959645669298,0.24567589709255752,0.10468221799984151,0.977978978117346,122.9266357421875,67.11313827130404,1
121.63268946850395,0.25399078330915825,0.02790690233127128,0.9752627578430297,145.14068603515625,50.04523388386044,1
226.60285433070874,0.21374912097642113,0.026216789261670845,0.9737805661264143,126.63629150390625,66.06876081834194,1
294.9717027559055,0.20069115382921365,0.10205712885470128,0.9657086878220605,121.00714111328125,66.20169329110827,1
248.16707677165357,0.15993649381399375,0.018071814987183604,0.9587463677357222,129.4954833984375,55.229578815021625,1
331.8738927165354,0.19832773199011308,0.10785122978310749,0.959472554434508,106.205810546875,64.43029141319406,1
353.3113927165356,0.2539884713669084,0.074353023749735,0.9677609084677156,137.17962646484375,74.71900745889042,1
218.94020669291342,0.12585032244643565,0.01375141859798229,0.9624213147468056,138.96044921875,54.568175832305315,1
151.30050442913384,0.23383200392383977,0.025557183751349053,0.977375909258931,137.78924560546875,58.358268095821515,1
204.99999999999997,0.16240845143744628,0.020135486649058055,0.9212128597339726,157.288818359375,37.022413990260354,1
275.37081692913387,0.13895148096530346,0.015662010927728842,0.936690761581978,139.064453125,47.47626613155965,1
184.14068651574803,0.13763069243757955,0.016647313945208755,0.966713793588811,154.6512451171875,53.54227279894856,1
111.35230068897637,0.2409359821002916,0.025982885886863694,0.9789377918951748,146.6824951171875,52.23849862410818,1
149.9346087598425,0.22166318646418015,0.02320856371716962,0.9739083500957297,135.44775390625,54.06164720998265,1
258.6945127952756,0.17718744509926973,0.0617346161786725,0.9500396583474753,99.80047607421875,51.44895450062078,1
197.7527066929134,0.21709384562379597,0.07101710036243622,0.9756195978643847,137.7076416015625,64.45399412447698,1
369.1015009842521,0.2141571607144676,0.07006402008319948,0.949164889542103,121.57489013671875,60.88370126679212,1
292.3521776574804,0.1653236711030208,0.05991253320123994,0.9662707482476587,122.888671875,66.47378043224887,1
117.78371062992126,0.22070011862555652,0.025511834875203015,0.9748794299698972,145.2481689453125,48.962447086257676,1
225.79699803149612,0.2583897148152805,0.14244112592858915,0.9717378614339156,113.12762451171875,63.66122904536198,1
239.70503198818903,0.18308836896275663,0.017619295835047483,0.9565321325209598,112.5985107421875,52.79174599355221,1
218.523314468504,0.18883384997404062,0.021405447370436852,0.9596622793012318,130.364501953125,52.584939423246276,1
196.02798966535434,0.1908951916542734,0.019364078775146874,0.9660984970351536,127.650634765625,54.0416834886236,1
346.44266732283467,0.2823914857367431,0.1525672714660245,0.9691886265986352,119.1881103515625,75.4312254034284,1
425.66154035433067,0.17933066633989012,0.09585517611252084,0.9505673206032976,116.909912109375,66.17583694892504,1
162.87450787401576,0.183790881198162,0.033091413067352915,0.9681009586949246,138.77996826171875,51.00006928418019,1
178.9916953740158,0.14298068773066544,0.017481245205699,0.9762235343369533,115.57867431640625,61.92951975267732,1
133.8483021653543,0.20241178202964527,0.018906312488399808,0.9692289126292509,109.39959716796875,46.86278020236057,1
113.45300196850393,0.23497066190718,0.02202487149407582,0.9778958771779637,115.51409912109375,51.01429383259384,1
158.47428641732282,0.24066166247747084,0.024433564164232095,0.9769937029782403,131.3944091796875,58.99339921027905,1
113.47453248031495,0.20975416129031527,0.024895340386393263,0.9680840908863195,151.484619140625,43.18665071016711,1
133.53666338582678,0.1967430838802946,0.018670865596023878,0.96727082613259,111.78717041015625,45.46483476432877,1
222.62296998031496,0.20564823341987912,0.04426879843261925,0.9714001907527481,142.08001708984375,63.307185125970705,1
171.18245570866142,0.18924488232615885,0.018786842977853727,0.9615272172164717,128.34344482421875,47.516456362428386,1
199.49187992125985,0.22677041785013832,0.05780400512325777,0.9765351880949025,114.5091552734375,65.73362969158913,1
158.77392962598427,0.17896351204732275,0.02345630239148146,0.9678690643186414,146.3841552734375,50.204913434135264,1
129.2795275590551,0.19596062687335342,0.019556880889817087,0.9708464333782755,115.96514892578125,47.488828031906955,1
52.69008366141733,0.23066875818176147,0.02336278701751082,0.9778215268591284,115.2178955078125,34.587431419125,1
100.57000492125982,0.18218390475998894,0.01842979369188729,0.9774579523109456,120.72991943359375,47.641092552061146,1
78.81391486220471,0.24130411187343648,0.025015173013838883,0.9751736303899001,121.28082275390625,40.30423920213505,1
91.70410925196849,0.20070492893273262,0.021691520444823156,0.9756083350862188,147.88671875,43.84062025954025,1
92.0115034448819,0.19667315583657805,0.022827440627500493,0.9601425701399467,140.97625732421875,34.58296622594085,1
138.49323326771653,0.12845630888769352,0.015806614801262373,0.9709545141526248,146.56646728515625,49.7821325258245,1
127.47010334645668,0.21453259577957343,0.021456301381830127,0.9744098709191117,123.84234619140625,50.289803316775036,1
124.22360974409453,0.23238018838718413,0.024772866042114816,0.9733833259145539,93.99139404296875,48.4379648330519,1
75.54669045275593,0.2214616222552679,0.02327507488284349,0.9755119223807982,138.681640625,39.49969052543608,1
279.7547367125984,0.2089752639107116,0.1171313877559276,0.9657183619711988,118.0643310546875,64.38243481180758,1
291.25153789370086,0.1524024823587511,0.04888176197574417,0.9471881905295938,120.47210693359375,53.275302805043104,1
109.2703617125984,0.19894886702832715,0.019081040756620857,0.9761699987243356,118.73614501953125,48.28407553607608,1
165.16529281496065,0.20753942659581856,0.020994812015454275,0.9618636958907024,129.2030029296875,47.04612566621361,1
118.05253444881888,0.20727373938186802,0.020297027609924426,0.9729762610645394,111.11553955078125,46.961529694183454,1
121.13841043307086,0.2016432930964468,0.023628053877677326,0.936760085934625,74.530517578125,31.036438959500497,1
164.29792076771656,0.195026752743237,0.023289053029481085,0.9731506495131478,134.4559326171875,55.695122465654116,1
335.76906988188966,0.17182094782936833,0.07694464420361306,0.9528026365575549,121.30108642578125,60.299049129883606,1
275.83956692913387,0.19517753646239344,0.020196567245400133,0.9596500215933189,142.73828125,58.71991715989259,1
87.46315206692913,0.2247145568478358,0.022185831705510292,0.9623938025062103,85.84979248046875,34.25620216006942,1
212.9252583661418,0.12747458889688715,0.015512400700969285,0.9616747373464745,145.82733154296875,53.83622972873126,1
324.40809547244095,0.13962287773585463,0.01680241596670389,0.9412001155815242,152.3516845703125,53.83971300879356,1
202.42205954724415,0.21269089189639534,0.023514872443107994,0.9616134626259483,136.21142578125,51.79320406786575,1
397.39831446850394,0.2261474433963661,0.02536213795891777,0.9180209861684097,147.3153076171875,49.58823560486316,1
330.1123892716535,0.13321563838694878,0.018096663819728322,0.9662035777320717,157.7742919921875,70.9050015607143,1
319.7753444881891,0.11921612131098794,0.01459194518651613,0.9439557185898496,149.63427734375,54.634729332929396,1
163.16412401574806,0.1786328471502411,0.01778619110779398,0.9558467382165426,122.4608154296875,43.39720115497167,1
192.48252952755905,0.25235768550640963,0.05393554362779314,0.9751777392711024,110.07415771484375,62.78797081022256,1
131.9488804133858,0.21642862437993596,0.019686577203710247,0.9748466947473174,122.50177001953125,51.4529185654058,1
163.47034940944883,0.2164835691049484,0.021611078520961155,0.9681987675078119,112.69793701171875,50.94472250982877,1
157.8577140748031,0.20910345917402182,0.021661930193970235,0.9740280266103499,107.67584228515625,55.25248299707728,1
189.4836368110236,0.13833274539491744,0.01639541831491487,0.9689651274140344,155.32696533203125,56.511148049969364,1
226.46788877952756,0.24553177255739367,0.02831121541862031,0.9709777880564691,118.49041748046875,62.62567954324683,1
145.37782972440945,0.19509301596107018,0.019864110386597206,0.9564949333878144,122.32916259765625,41.53015499087784,1
83.68061023622047,0.21744987612264116,0.027160160656946673,0.9556467469247995,147.377685546875,31.51191111475539,1
217.58993602362207,0.21753321529767047,0.11299879479382774,0.9650517788391267,102.30902099609375,56.312795041788725,1
154.4848056102362,0.1364565933306434,0.017219135863111128,0.9718488707741747,157.2659912109375,53.76532689945623,1
95.36681840551176,0.22370843427587772,0.02477569185449787,0.9732249005264784,140.11529541015625,42.987880121488786,1
93.40452755905511,0.21326798852325465,0.020079026625832,0.9771555708610801,113.7623291015625,45.71405619109371,1
102.57652559055121,0.22506665866521286,0.02366574068656926,0.94566359668208,76.41448974609375,30.968113602006653,1
117.87383120078741,0.1881511987574459,0.022136012631036848,0.9621621279254932,149.4337158203125,40.21525639159719,1
97.17138287401575,0.19624509395051387,0.0209576488761226,0.9794836479097772,126.59027099609375,49.001777765649884,1
131.83359990157484,0.18847214164418188,0.021104833019132224,0.9738178689565367,129.78240966796875,50.76003841273419,1
103.97121062992125,0.2297079264841124,0.02284906384243878,0.9785564360478742,142.8792724609375,49.988468641547094,1
260.8040108267717,0.12420939509373832,0.01572861563390651,0.9194249135878327,128.67462158203125,40.97212902586909,1
135.562438484252,0.1728502912733879,0.01761387192716297,0.9707396036313967,107.5087890625,48.455983579196705,1
189.5766486220472,0.18748591782884536,0.06422856865809842,0.9592432617569538,105.1605224609375,48.82341716424837,1
102.79816683070867,0.20267674912047856,0.01948131967225369,0.9777248977979316,110.5665283203125,48.25303678872615,1
128.82978592519683,0.1955090540369111,0.019377118872751772,0.9702576970188014,130.1165771484375,47.14846360917779,1
248.18245570866145,0.18813181936310167,0.07795144907326902,0.9718056634483934,145.5345458984375,67.32652787281567,1
165.5672367125984,0.1653599369711383,0.020171444328887192,0.9754123201261063,165.51190185546875,59.47191190479302,1
157.81385334645674,0.20364343647099806,0.019519888078745454,0.9628191932548933,118.31817626953125,46.386105651939715,1
109.51107283464566,0.21615479948533012,0.020586004041845393,0.976644925396222,113.00994873046875,48.714789328935886,1
159.99747785433073,0.19730170514334983,0.019601479346138106,0.9707821311696555,110.1024169921875,52.78310603991251,1
131.17304379921262,0.22359069961727002,0.022071298322391044,0.9729197768853486,122.30804443359375,49.57539578185648,1
74.32025098425197,0.2435184340636866,0.025803528274060444,0.9719621562739734,97.5732421875,36.71330088338347,1
194.2562746062992,0.14716303377855053,0.01850024119475047,0.9734038897281393,160.3604736328125,61.740466433926436,1
128.09036663385828,0.21394199196181166,0.020575937254627228,0.9679602871876164,98.926513671875,44.7817021757724,1
157.75221456692915,0.18322998866648235,0.01808390363165673,0.9691449251141792,123.9010009765625,50.88703730228648,1
212.72662401574794,0.2695868195583579,0.16224692537649418,0.9683497847838254,89.1146240234375,58.28261808050172,1
146.8245570866142,0.20537109752978708,0.020434944477031994,0.9670506097677055,103.2501220703125,47.54346220380824,1
153.03518700787401,0.19719392443168912,0.019135699300549987,0.9604545718233717,115.446533203125,44.55240531145324,1
158.96136811023626,0.15947182469071627,0.023711348615526786,0.9585403458952592,159.96038818359375,45.014661844799605,1
278.85906742125985,0.18940046197964566,0.08609953612924055,0.9642167604161672,121.941650390625,63.07993451401036,1
103.29952017716535,0.2183200230312587,0.031056772341076195,0.944683775919179,164.744140625,31.87747523850951,1
146.78598671259846,0.22749120058985983,0.022027878038624365,0.9527215257226838,82.66497802734375,39.607669206668405,1
124.28740157480316,0.24311801819027204,0.022366706400956993,0.9767702308615515,114.99053955078125,52.02264588067087,1
133.59436515748033,0.2371787332428074,0.024515742877193044,0.9705364618097472,142.2470703125,48.03728680966608,1
279.6059301181103,0.1872612145180827,0.024297552423834433,0.9650647118012802,128.83953857421875,63.39393667928537,1
311.0902436023623,0.21298011156342517,0.02312051201751573,0.9529416917588257,107.7513427734375,57.76307482413281,1
160.03303395669292,0.210013674398103,0.020456506823257954,0.9707578595687971,89.58538818359375,52.40216804383231,1
290.65674212598435,0.20475947054586216,0.10049783154347558,0.9634412664959278,121.5689697265625,63.722182035859326,1
284.9936023622048,0.23166717239807638,0.13091762360899498,0.9597608991285131,99.1053466796875,59.798782760648265,1
155.3380905511811,0.22044154097389987,0.022883899608907708,0.9610222506473772,110.55718994140625,44.98876162632149,1
264.44260580708664,0.17716782098535988,0.0168020781380274,0.9437911068884376,104.67626953125,48.66919694026362,1
139.3089320866142,0.22196153733325333,0.02300158465246904,0.9656386028495023,137.56304931640625,45.4458939480436,1
166.4634596456693,0.2251188027425638,0.02134472357916616,0.9474984113237004,93.8863525390625,40.051828291465014,1
176.00356791338584,0.2116988323258496,0.022920457329017038,0.9591337138617712,101.6854248046875,46.75171461872007,1
378.4769315944882,0.20513168918838515,0.06312226196948743,0.9495671883150937,135.796875,62.04678646745132,1
229.76334891732293,0.17142404791088092,0.05530496683865572,0.9605686769161491,112.62579345703125,54.34750378990435,1
79.24206446850394,0.19666730614460656,0.03487221357755784,0.9828609717653519,114.93804931640625,48.64627394020169,1
62.03303395669291,0.2288113319433783,0.02683289146774622,0.9843567418276765,136.656982421875,45.36498996502738,1
80.15520423228345,0.1799311225938549,0.01912946899221066,0.9810504886145301,115.8876953125,46.4048041121651,1
115.9224286417323,0.2237443687439688,0.02157743235264318,0.9695193994828536,99.94677734375,43.886801735460416,1
145.40649606299218,0.16997833832009637,0.01815579751717663,0.9552857248090493,106.2509765625,40.99191277689815,1
267.24477116141736,0.26190602581937733,0.07770997413852258,0.9756883230317815,135.68701171875,74.78245589849801,1
125.38109005905514,0.21797772504971255,0.019842810173945406,0.9757128483810505,116.06182861328125,51.1354989790445,1
148.73603592519683,0.19715398454502306,0.01849533139134469,0.9686735250030297,108.8858642578125,48.90969971245011,1
340.4854207677165,0.21145749155047866,0.044045468900787685,0.9596934064476751,159.16912841796875,65.31730242939044,1
156.0822465551181,0.18003360222217266,0.018141514540706408,0.9681362554249533,110.5028076171875,49.83356446603758,1
142.25356791338578,0.22053879733096088,0.02427312734454021,0.9752221583559008,127.18792724609375,53.95133665450011,1
109.96622785433071,0.23371372949146785,0.023153100755051267,0.9773609879857569,115.10687255859375,49.55885091226895,1
168.37143208661416,0.21757721857848705,0.021391565153802316,0.9717300835219024,127.893310546875,54.80713449345833,1
150.50848917322838,0.22625370749670595,0.022354902395322958,0.9727469954732835,115.29296875,52.72529421236332,1
180.3642962598425,0.21526389471018642,0.023389821200022757,0.9704759549856904,102.609130859375,55.36782128999519,1
117.52565206692915,0.25530801178493523,0.027545183121143915,0.9745536424073231,152.58233642578125,48.492872160766986,1
136.5286663385827,0.2151780445695275,0.020011300704471477,0.9651555613137319,107.287109375,44.521825645763755,1
293.57720226377955,0.2179938576216319,0.02761998858399262,0.9482664690536532,169.73248291015625,54.73626535182351,1
183.97053395669286,0.16547394336550575,0.017955539580829665,0.9650562933185924,133.007080078125,51.85659569674147,1
223.81637549212596,0.20630024373555197,0.04316194497440302,0.9627946316692928,143.31781005859375,55.90357198369517,1
110.53020423228347,0.22311464723800128,0.02468629344515987,0.9751693469315978,151.95257568359375,47.67594761422873,1
333.85353100393695,0.2559988677338375,0.11697430173280311,0.9663452571320293,131.63909912109375,71.06964950065147,1
106.11521899606299,0.22046840891522945,0.02149590335760377,0.969882479269287,99.77294921875,42.163724037382494,1
203.91609251968504,0.20490575407379272,0.031552062226005116,0.9748004348994092,145.1392822265625,64.55305707408287,1
84.33058562992126,0.24607491930942801,0.028836060526181203,0.963526294947454,184.03985595703125,35.30266125213732,1
167.7690083661418,0.2375406022189495,0.02157019683462075,0.9676680390262462,111.369384765625,51.16639670305709,1
210.35519192913387,0.20950129449145735,0.06076354828705467,0.9744278422836907,134.409423828125,64.94381566722136,1
275.24477116141736,0.16041803249320663,0.05222389926907624,0.9633154086334571,132.82867431640625,61.99394840796447,1
315.9708415354331,0.15798915839253874,0.016967644692971767,0.9406891036944023,135.910400390625,51.78586944010704,1
317.2201648622047,0.16272216564211298,0.05542548415108929,0.9285622260685873,101.0064697265625,47.52901131046648,1
216.95410925196856,0.20272636841845518,0.0948280270577558,0.9719033207623765,116.708740234375,62.75243168513365,1
190.43503937007873,0.22937747412878123,0.12281154983062,0.9683755081282381,92.08154296875,55.22679793469152,1
208.58987450787407,0.21489008860301093,0.11446774953352772,0.970823119064361,106.907958984375,60.228803245336906,1
185.99249507874015,0.21353696103881206,0.10057690295339354,0.9716668689412908,113.9998779296875,57.78546348368386,1
164.98062253937007,0.1733571185117748,0.018381992504936644,0.9411813970414474,106.40887451171875,37.90411321590901,1
96.41172490157479,0.2412742880469324,0.02415721153796886,0.971189111330475,137.8023681640625,41.62414811507692,1
154.95669291338584,0.23681050078072258,0.02277138175672958,0.9667895459920757,118.272216796875,48.76286383331517,1
158.7035556102362,0.17464102363497114,0.018870601186827707,0.9676802741624403,135.3115234375,50.1529277426124,1
267.93165600393706,0.17685690510880578,0.01767076669547027,0.9316337417265677,87.71502685546875,44.369589005201405,1
245.1328740157481,0.27092421722894644,0.03976371005581511,0.9722115104533322,106.27679443359375,66.65238380707588,1
209.07246555118107,0.2468156130998778,0.038734996753016476,0.9712310307965126,96.66357421875,60.48456855689741,1
104.82794045275591,0.22920049119859426,0.021568530129019485,0.9686829677689054,89.8621826171875,41.06876825637162,1
145.67734990157481,0.2282748949446533,0.022527659904919176,0.9749363495892007,119.0234375,54.187916191993104,1
248.0714197834646,0.20480723195876102,0.09261821524112406,0.9639595655655873,107.97149658203125,59.08295967189119,1
326.01863927165346,0.1867933934670863,0.06680074925805857,0.9563334822818003,124.690673828125,61.65062712683378,1
143.3829355314961,0.2148043303583897,0.020555696843212692,0.9665856172999728,130.9498291015625,46.53332950010481,1
186.6002706692914,0.22618588674360302,0.020734731310398387,0.9601469776646646,89.4326171875,48.480713844063985,1
94.69801919291338,0.22854394769038902,0.025293896235830022,0.9755098661404662,127.9727783203125,44.36332087940335,1
375.7931225393701,0.2409300795968662,0.0951229113065192,0.9585743473692191,132.19830322265625,68.00596803969103,1
157.07941683070865,0.20033795779044877,0.021616112176021877,0.973510730059919,120.719970703125,54.74874429209899,1
191.71782726377953,0.17573036245135876,0.02404844855384983,0.9640977709064686,152.02447509765625,52.556707182026265,1
165.03740157480317,0.22208359947500586,0.021635491745822133,0.9731984238816055,113.25103759765625,55.65476429049028,1
242.85187007874018,0.23953256746762416,0.025848036001758053,0.9656561088442434,124.7535400390625,59.76015232024779,1
161.96850393700785,0.20219217455983507,0.019693736160216187,0.9692728278932016,122.0980224609375,51.60372439164967,1
153.35593011811025,0.2189737590137132,0.019685135488200375,0.9683151128937377,99.51416015625,49.306435232628104,1
196.25375246062995,0.25875745569664693,0.1305604691559906,0.9786726700909566,117.91864013671875,68.32763483992944,1
174.76027312992125,0.24138583656476836,0.10076301121891908,0.9771588837907895,121.34393310546875,62.44587057222334,1
223.84307332677164,0.16112293539929382,0.018567058863021686,0.9593042798641495,138.07183837890625,53.042043713068175,1
130.84036663385828,0.2494032022596725,0.027133082577588685,0.9745445567943726,154.2730712890625,51.182336883234456,1
261.2171505905512,0.25537881538631174,0.0706143850888342,0.9757149739863458,118.33221435546875,73.79967323675959,1
186.5028912401575,0.17469781719129612,0.01789748861287555,0.9666679535364101,116.019287109375,53.19511222773644,1
262.60500738188983,0.13685865019359103,0.015629116653435658,0.9509233615267025,121.68157958984375,51.972350648951334,1
188.35439222440942,0.19176456576735423,0.02634619736856334,0.9540053307150015,158.5384521484375,46.02303087630861,1
240.00092273622045,0.18626603433278266,0.031630761179078794,0.9597503566331047,146.78509521484375,55.58889185328563,1
92.47717765748033,0.18094956529679784,0.021459475756158093,0.9577348318582044,146.9609375,33.63028990249387,1
185.583968996063,0.2213651008904441,0.023104179937719984,0.9663893748019016,114.22467041015625,52.79262176068694,1
266.67999507874015,0.20188367228017762,0.01965103215626595,0.949686838826381,104.1138916015625,51.59335575250612,1
166.75547490157484,0.2036842541266994,0.021941685152871714,0.9600352805906371,123.64532470703125,46.05970007037905,1
214.65465059055123,0.1646529623783672,0.017385083952430873,0.9604193436883807,120.61346435546875,52.363491537112246,1
240.97410187007878,0.18950951021645748,0.018549675762551367,0.9557617006853563,114.7425537109375,52.41446953767691,1
115.27294537401575,0.2309537174808606,0.021134576573340755,0.9697502320003517,103.24359130859375,43.99522986275582,1
160.08747539370083,0.22927310370689785,0.020915942340622783,0.9667760629821732,114.6478271484375,49.345208305174474,1
118.91861466535433,0.22844325868987803,0.024150318027132876,0.977006553993747,142.82073974609375,51.32881379902789,1
305.87450787401576,0.171419649755891,0.06630458857008686,0.9502478107758299,113.40625,55.96667142636656,1
150.66024852362204,0.18911921577106128,0.01777570959703904,0.9647154593319823,120.610107421875,46.68157446905937,1
482.5725270669292,0.15563841594809555,0.02659707903231883,0.9323401346288378,142.2943115234375,60.16841132643843,1
206.26015009842519,0.18983854534822636,0.01874076027002633,0.9376168734850215,88.70135498046875,40.855127744357596,1
220.30874753937005,0.2048221942726445,0.018815926742828257,0.9535933636143877,115.39813232421875,48.941798920456336,1
172.17304379921262,0.1987572396213838,0.02033279266860041,0.9709520121664212,116.46734619140625,54.62920806819802,1
138.2015255905512,0.2051311132846603,0.01867289227329032,0.9658214262100052,94.5716552734375,45.04325170017051,1
145.7878321850394,0.2173242403617872,0.020085810208286186,0.9662472811342583,103.174072265625,46.74161853153892,1
435.6793184055119,0.26004940780840796,0.14723441217295943,0.9514213710745266,102.1614990234375,67.31065777785345,1
416.66252460629914,0.188165844701188,0.09484877579817555,0.9397561364607329,103.50482177734375,59.145593840080565,1
257.20367864173227,0.21171845779038762,0.029690446899107322,0.9311880994531735,66.22686767578125,43.27466932489236,1
380.5670521653544,0.16900332029217086,0.0602592832064715,0.9342408669426272,123.4937744140625,54.40638987374224,1
198.35500738188975,0.21948147020144324,0.08607879960242523,0.9713414653272407,111.2091064453125,59.39132978635353,1
150.53229576771653,0.20707560536041578,0.02064401048141052,0.9737690794490599,123.1658935546875,53.948484983944525,1
191.97976131889763,0.2222912864433303,0.021486747210427874,0.9636413649194072,92.9891357421875,51.38800972114716,1
230.9538016732284,0.21727636475373954,0.06649209289526198,0.973092167178445,129.3275146484375,66.24586539850806,1
316.41886072834643,0.2056542015951066,0.09912039753166509,0.9498265398530592,100.50750732421875,56.456637097430985,1
205.85888287401576,0.2462267694829576,0.10487221792056763,0.9761113240327829,126.49237060546875,66.31982291531621,1
198.49489419291336,0.22481444395608863,0.02105856662346823,0.9493835890298291,95.5377197265625,44.416534458205035,1
167.67882627952758,0.22039768524496484,0.023710989526470477,0.9661916630316322,112.07177734375,49.929175663012145,1
181.35445374015745,0.2346628444979612,0.02825920580780858,0.9400789186776962,160.5262451171875,39.35101786602554,1
111.97607037401575,0.21925745053237206,0.026962640781520424,0.9625011288747017,160.78564453125,39.18411317818922,1
308.9221210629921,0.2750029123408654,0.12223940704195477,0.9678492614909526,116.63201904296875,69.79891092617495,1
130.30825541338587,0.2223422900843614,0.021530863326714313,0.9708241114901547,104.072265625,47.502329839487274,1
300.167691929134,0.16991677007327827,0.06546428909215776,0.9505973508905289,117.94244384765625,55.63051715339496,1
55.82221948818898,0.21530857151291583,0.02809057882437778,0.9716293780233775,120.2978515625,32.15613088038914,1
244.80628690944886,0.1471295212071337,0.01618606635944423,0.951148260448454,108.1199951171875,50.35364443038707,1
217.03893946850397,0.24300886212095352,0.12068791679188305,0.9678338186381396,89.48272705078125,58.28577244086277,1
255.9593380905512,0.14190762068882948,0.023451784737931775,0.9365412060866533,131.80108642578125,45.665155662614055,1
210.3796751968504,0.2324826736981568,0.1211492725385369,0.9701815051693232,111.82598876953125,59.9881320120797,1
104.4232283464567,0.25271809416871027,0.02254323462876762,0.9739507221829655,99.0345458984375,45.08797447571901,1
152.51070374015745,0.162737865591046,0.018281979405978022,0.9422200555692611,101.220458984375,36.73608442407507,1
245.2907234251968,0.20074698710041128,0.05494554795590739,0.9658988408231401,131.95745849609375,60.58365583861069,1
179.92802657480314,0.20770615034913084,0.020715650783355497,0.9698492541797012,118.3834228515625,55.009364957347486,1
160.3562376968504,0.26045664662821927,0.03445496992329125,0.9628838054062578,77.08172607421875,46.50651886481089,1
126.17421259842524,0.1913680803823289,0.01879983056387849,0.9769128376316435,127.7008056640625,52.683130975578585,1
154.65563484251973,0.1935942413092799,0.019500395097749125,0.9665588326006623,105.2166748046875,48.237557852527,1
139.9993848425197,0.20493326656441185,0.01886483496840326,0.9704733353465386,110.16021728515625,48.878345692029164,1
149.05314960629926,0.24386340500302492,0.029478883045771575,0.9694410210020002,159.43231201171875,50.27561908510854,1
353.17095226377955,0.26974130751432424,0.1288308157274052,0.967812413312675,119.9293212890625,74.48631546158836,1
228.1411786417323,0.18610132900530718,0.020387157900231632,0.9652404567340813,121.1153564453125,57.65581278221672,1
176.308501476378,0.17359126256761728,0.01733816747581518,0.9647089847298018,95.534912109375,50.158287068174175,1
201.0818159448819,0.22003936495404314,0.022343938973573577,0.9657407665899904,123.5560302734375,54.45212548637067,1
242.57806348425203,0.28105513500339957,0.16394058224681143,0.9758822661377355,108.7684326171875,71.27331180168373,1
84.02515994094487,0.20412563696624741,0.022584198081892617,0.9747792005706393,143.1767578125,41.53204219800247,1
216.7261318897638,0.2673180812190975,0.1322373832363937,0.9770332262297581,118.009521484375,69.2031605057874,1
81.57523375984252,0.22569245402843033,0.023630055749570705,0.9779463222300747,132.12103271484375,43.406472866687395,1
372.82258858267716,0.20339671877391197,0.060687958955220056,0.9570188301900444,135.64862060546875,66.67218813496893,1
165.2827878937008,0.23273633875384322,0.028862884804836095,0.9629483262990919,159.61749267578125,48.037105095737715,1
265.87912155511816,0.20367882223723793,0.02208740901147272,0.9595406396290374,118.28497314453125,57.59751966242928,1
127.05930118110234,0.22558262115230548,0.025347810120285533,0.9685611065235907,149.7884521484375,45.4673786138404,1
139.2222563976378,0.20637341698678122,0.01857678833129796,0.9672472035236687,92.18487548828125,46.262162550477484,1
149.74920029527559,0.19989861431006087,0.019316336697967007,0.9695883077533792,112.72161865234375,49.89773557042189,1
160.46106053149606,0.22600215918348318,0.02124075623845909,0.9497525411980875,80.232666015625,40.18106987489007,1
185.46733513779532,0.152320612453571,0.021580062848624168,0.9642657215527656,124.58477783203125,51.655704258540105,1
144.08821358267713,0.2163538631337064,0.022976152477354298,0.9750490215886894,112.64373779296875,54.017666503885536,1
269.70909202755905,0.1827120163310495,0.02385633531037144,0.964040223147811,139.732177734375,61.52735592477065,1
273.35968257874026,0.1684739740827223,0.020691981125031646,0.9441742877178662,87.47662353515625,49.739543208789286,1
141.69156003937007,0.2134628353708144,0.02116374191819157,0.9723305718653712,116.55157470703125,50.95819318180622,1
121.90674212598428,0.19144059168931374,0.01849620093065966,0.9693833739730803,99.19671630859375,44.955801715348315,1
164.21653543307087,0.1985593317052839,0.019155217688768364,0.9677325085865737,115.33465576171875,50.64844056237126,1
152.79509104330708,0.21865207942580003,0.02326035625068237,0.973291779687788,105.10400390625,53.62925139382877,1
74.55524114173227,0.21398908066144903,0.022086466688455885,0.9786173278734545,128.17742919921875,42.13770586654749,1
242.04638287401576,0.16763240018234982,0.0331776676944624,0.9609543465820217,117.01873779296875,56.40448255513992,1
405.41412401574814,0.17637446878690627,0.047640918622596694,0.8964187391449462,90.70477294921875,44.54432304458342,1
286.93380905511816,0.25454179480740785,0.15138952476370976,0.9666739202045322,110.1934814453125,65.9642776750275,1
219.49975393700785,0.1792161236586488,0.05906192610138805,0.967487072308818,131.82293701171875,58.61197911242654,1
170.62253937007878,0.24647728626602974,0.12742726246399075,0.9688827584421212,90.59503173828125,52.77134238739011,1
216.30794783464566,0.1756513928067742,0.04504421078937483,0.9632679103953384,118.49530029296875,55.063211432892096,1
267.07511072834643,0.1386955188098717,0.017281765268495695,0.9525726370087999,135.0516357421875,53.724053691789244,1
198.79195374015745,0.18377556717208118,0.019701660828387445,0.9651338898630246,128.51788330078125,53.838166221571996,1
153.01808562992125,0.2034862586760247,0.020846170387129465,0.9688674338142436,125.9556884765625,50.16746846271636,1
235.7012795275591,0.1592455793129784,0.01615728424356603,0.9557816736157803,110.87225341796875,51.8672361156407,1
214.19389763779532,0.21911204155113057,0.023668978470305867,0.971502971930797,132.0343017578125,61.65574549298436,1
370.13035187007875,0.21086915007131482,0.05745705883060111,0.9551553126478811,137.92193603515625,65.1382933684249,1
333.03481791338584,0.1644409465123807,0.06565659965396566,0.9555407070178528,134.02557373046875,61.762206953773244,1
375.0054133858267,0.17902856718721769,0.03167717591850802,0.9455714249971217,140.743896484375,59.7156170427953,1
324.8271407480315,0.16108589298906997,0.06727470598919247,0.9491309051870763,113.92529296875,57.14985022529407,1
311.1961737204724,0.22842947924941648,0.08794186645867347,0.9627045325141685,128.96697998046875,65.12460878159388,1
89.77226870078742,0.21274810652683554,0.022720598160942098,0.9542481072904571,109.61810302734375,31.94980639727524,1
253.8318774606299,0.22636966218394017,0.05217561803603094,0.961527516100481,146.0445556640625,58.393120825270806,1
259.4438361220473,0.15266557264384267,0.0364776715283166,0.9484026580743463,118.2928466796875,50.685965245356094,1
128.9806225393701,0.22626807211524969,0.021248593696058,0.971839393124234,125.382080078125,48.211069910179475,1
290.5345718503937,0.2549010312445131,0.10275377578684992,0.9700622998018319,139.2431640625,70.33155003843596,1
188.1232775590552,0.1778552164266971,0.04884404626426937,0.9582805318190373,124.4295654296875,48.20813557737226,1
140.7170890748031,0.227646907734909,0.023397343122325456,0.9728561642984278,139.20849609375,51.269054775966744,1
123.199126476378,0.20549211428397904,0.023385978424568434,0.9666806112786738,145.79510498046875,43.327251027559896,1
135.84301181102364,0.19311117238221484,0.022770384644613416,0.9481615139900382,70.4000244140625,36.276275364158856,1
376.2925073818898,0.23567346431239033,0.08529052536142515,0.9588448293688222,141.28692626953125,68.40360986636193,1
248.51734744094486,0.1546158599752022,0.020078178516876665,0.9520105043832162,150.0736083984375,51.21275754076009,1
159.35439222440945,0.18709602721231405,0.019207744386519142,0.9654390731827472,131.48931884765625,48.57679827087127,1
393.4956938976379,0.24103387728305314,0.10777638934004045,0.9586954950323285,124.2291259765625,69.60841217991357,1
137.3158218503937,0.22512956017856683,0.03361485258935593,0.9802470715485777,111.1898193359375,59.13935747375657,1
91.08027805118108,0.2128537586270671,0.024796760726991215,0.9646242893074707,151.20343017578125,36.37437996748605,1
212.53893946850394,0.20647152609055297,0.049234950478790764,0.9770780861836966,134.295166015625,68.83933408351858,1
160.02872785433075,0.21313499049178464,0.020062434879242266,0.9698824995797715,128.98052978515625,51.72533638492253,1
130.8594365157481,0.20185042581913074,0.019592789890774877,0.9603798811639009,96.11151123046875,40.83313215937149,1
291.3359375,0.21933547379556717,0.07626342758559694,0.9651129544604797,144.71087646484375,65.40947561969243,1
346.98080708661416,0.23434112389045525,0.14526884960664577,0.9580047798687009,92.6466064453125,64.5484691819852,1
259.2261318897638,0.20137017981929103,0.024023061367301684,0.9547785371974585,102.4996337890625,53.75883035080099,1
261.7795890748032,0.2087522566058011,0.10416306506725238,0.9690044410583079,121.29827880859375,65.5964173764348,1
140.51593257874018,0.18145146945806406,0.018273128440150235,0.9661235093168263,122.173095703125,46.234577705142634,1
379.78998523622045,0.2966795296012776,0.1581888913306476,0.968857527831361,129.3309326171875,78.6092079431324,1
234.67937992125985,0.18927222924176354,0.08587917895739597,0.9653231130844571,99.89373779296875,58.52053446397107,1
137.01156496062993,0.2530875949479964,0.024360391562775197,0.9612877212563078,88.62109375,42.18348487114387,1
143.28143454724412,0.20968789682924202,0.0201886025415634,0.9633427276400537,84.973876953125,44.311214072584626,1
101.10900590551182,0.23075037269742354,0.021990051580019647,0.9763735900755808,112.0125732421875,46.56280503381112,1
228.5900590551181,0.1991874419850321,0.08726924390944073,0.9633687666897157,116.510009765625,56.404668194578804,1
226.66640009842519,0.2093132786654655,0.07134839004316727,0.9715399657156231,117.78057861328125,63.52237153789222,1
172.263656496063,0.21043225649003283,0.020422672473698854,0.9699456569173331,110.93035888671875,53.63544498016969,1
118.89105561023622,0.23629908900551236,0.02238818301670778,0.973453221435285,136.59393310546875,47.899657231548346,1
247.55585629921254,0.22646380013897677,0.023883919938023558,0.9527917114327846,114.69256591796875,51.624825291094076,1
129.6997416338583,0.21710491410624538,0.02115904776091981,0.96865440849991,106.43670654296875,45.624439720369956,1
216.03014271653544,0.1990647785213779,0.020258491070693257,0.9593843318299867,100.835693359375,51.72133306812066,1
165.576218011811,0.19826440170305687,0.018476447188974166,0.962680711032752,119.09375,47.44735723920116,1
236.5368479330709,0.26355417457882874,0.11481982345355864,0.9733253485774518,136.09466552734375,67.37724486679666,1
84.95189468503936,0.2060639468059859,0.021160880841487456,0.9771006703705813,131.69952392578125,43.84393080379588,1
62.895177165354326,0.25124220965215155,0.029679611271632465,0.9700944889252529,153.50128173828125,32.940362827995074,1
55.20047982283464,0.23857194124020925,0.02564376759897962,0.9687945585243545,138.56365966796875,30.11192054602482,1
403.6360728346457,0.17817642388775878,0.055788899481608506,0.939474130039299,112.33929443359375,58.365973345943296,1
109.50350639763784,0.20736606026159063,0.027549475945666257,0.9808154226658535,131.47857666015625,53.90049928587928,1
310.1540969488189,0.1496922752565201,0.04339049818627898,0.9452249980416022,112.55029296875,53.71210655466018,1
146.8363681102362,0.2136871210489715,0.02560071552711568,0.965475256097677,148.12567138671875,46.68160642147267,1
221.17587352362204,0.2091871338332844,0.020588163852354294,0.9647015314849032,121.51470947265625,56.17892669957116,1
170.94691190944883,0.19188165163903634,0.018769512217064178,0.965595777225578,121.91546630859375,50.12403920966202,1
187.09325787401573,0.1695062925728368,0.0213443246749191,0.9738161229694839,89.04376220703125,59.84131421614443,1
196.40003690944883,0.15774808895930062,0.020586969091565214,0.970083345185719,137.21783447265625,57.695865004953916,1
231.07541830708664,0.20708538852781955,0.027907071831262665,0.9710666326229485,143.83673095703125,63.570243973915986,1
166.09270423228347,0.19036831094512446,0.03454307816685518,0.9726048159636906,161.61297607421875,55.742963752307155,1
201.80499507874015,0.1848400366805646,0.025204308975342652,0.9746516156750314,139.8341064453125,63.432654093180396,1
243.64702263779526,0.1798267490676312,0.02509397697284745,0.9710396837282056,135.27947998046875,65.21370895574593,1
183.2231176181102,0.22118747574884007,0.022779066364359297,0.9693816157590123,125.918701171875,54.85936593805606,1
296.84055118110234,0.2602167688826094,0.11668717757327701,0.967710382501642,134.69146728515625,68.47727572322097,1
217.92876476377955,0.15981682631609928,0.0414516189411296,0.9575804306931193,128.932373046875,51.19650711384236,1
192.08163139763786,0.1923170352365586,0.019677156086349686,0.9455346338489344,94.26507568359375,42.135982561059066,1
145.8917322834646,0.20394722881480018,0.02013271439896635,0.956558477330549,85.9747314453125,41.05358328291614,1
206.15237450787407,0.17724467874834027,0.01741449874919699,0.9517038215943882,114.40838623046875,46.45062751320328,1
126.76347194881895,0.21461311419295576,0.022461968091528957,0.9781530231836078,123.1136474609375,54.09491689126967,1
148.0231914370079,0.18397648581321474,0.02295679199403749,0.9669615775408316,151.54345703125,48.06241304813848,1
238.88693405511816,0.2049821382466673,0.06132250035034784,0.9667679695585832,128.42156982421875,60.77653380703898,1
53.17944143700787,0.2669841305527088,0.028821391722432452,0.9699552048530069,124.3583984375,30.230419521190655,1
372.13059793307093,0.16795181958994806,0.022542185457203774,0.9416157541622662,124.4036865234375,57.25477601089696,1
161.41104822834646,0.1995830948310437,0.019838566461978666,0.9531630930961207,79.55328369140625,41.58932513921968,1
170.52891240157481,0.20237619980052238,0.021293203234106807,0.9717494964749508,110.18939208984375,55.14839451205627,1
300.5919660433071,0.23473929773271196,0.05154505804729022,0.9674288202551382,146.63214111328125,68.84497697113325,1
338.3075787401575,0.19421851250784225,0.08860884953131637,0.961811568122947,115.30035400390625,67.07849485886614,1
263.2536909448819,0.17341797427405028,0.021833021411777082,0.9600919892319334,135.75347900390625,57.943494594107726,1
218.67218257874015,0.204378982235271,0.020803330875561455,0.9439683084265327,83.76043701171875,44.156471654437894,1
241.92722687007878,0.1556238552319967,0.03966835749826678,0.9645138579812738,124.56829833984375,59.19440750005094,1
146.94820374015748,0.19676019773215855,0.01862759421503908,0.9615835631188708,82.150634765625,43.770006749005766,1
164.0015994094489,0.20821181306816983,0.019303843647162682,0.9713061465579995,114.28106689453125,53.81784229556233,1
307.32295767716533,0.2027399408466336,0.10129309045488079,0.9540545077401816,102.27777099609375,58.31526051052544,1
185.51685531496065,0.20026729446446287,0.055025845210559934,0.9769317007998803,145.82330322265625,64.32921112323046,1
109.57572588582676,0.2559772113154806,0.030039658407230465,0.9781840826371774,137.8154296875,50.61822139427714,1
74.44518946850393,0.2334148601701853,0.024013568724635857,0.973079325730569,111.8843994140625,37.696091355692545,1
249.34965551181105,0.22335490369261474,0.08904339186757936,0.966312138402328,110.06744384765625,61.372163962442144,1
225.55173474409452,0.17753733379705378,0.055433864301110795,0.955441379721154,116.5660400390625,50.770699952572826,1
187.44961860236222,0.26809049116884354,0.1334936734405089,0.9790907233931714,110.74432373046875,67.39773972888977,1
150.2290846456693,0.19929303942157922,0.02104800670449544,0.9565829905044936,79.79339599609375,41.588697134393996,1
265.8101008858268,0.14948361921650377,0.018861875963462442,0.9563471663312726,133.7593994140625,55.74284805609525,1
150.02528297244095,0.20048259051690728,0.020390777095342795,0.9459316525062504,76.96978759765625,37.28168224293384,1
184.83193897637796,0.23546092437191518,0.023455374730052304,0.9715175636306386,122.43328857421875,57.165111035515864,1
173.40311269685043,0.21661569472586414,0.02631314100683519,0.9709281174523009,147.23333740234375,55.04285603449381,1
244.69777312992125,0.1651259303609306,0.021104653714073156,0.9556997702125418,142.45562744140625,53.20055274455373,1
242.45158710629917,0.1292014061442239,0.01741254293074902,0.9571520425026742,128.54681396484375,53.69250768677957,1
264.5805856299213,0.16425622787510727,0.01982621161535176,0.9456906420411559,156.4517822265625,49.99437462737445,1
123.14228592519683,0.243261552583993,0.02674856528743801,0.9778053556604145,142.1163330078125,53.20376414658711,1
180.6642470472441,0.16742300180287026,0.020289661875073733,0.96747043529394,133.75042724609375,53.11464656522814,1
152.55296505905514,0.1972461711719002,0.019711550184705707,0.9758180029618131,122.74822998046875,56.470246141305324,1
116.4974778543307,0.2338455069800191,0.02554163193643833,0.9707529258190577,140.55218505859375,45.17490111535563,1
280.3017347440946,0.270263152803081,0.14097109130452173,0.974014058487951,120.4246826171875,73.92126774049643,1
356.43122539370074,0.22716487249344625,0.13495491728568168,0.9608781817305214,103.56256103515625,67.85444585614863,1
346.4331323818898,0.23978467576151016,0.14781995534123213,0.9659629868844977,121.2760009765625,71.8442877333073,1
214.32830954724415,0.21197383453827787,0.04616657504490861,0.9707065032756572,126.70013427734375,61.25668099708671,1
222.71850393700788,0.15219048623210352,0.016560994527624752,0.938447143171242,76.47991943359375,42.53995235057983,1
153.95712352362204,0.2060578086610507,0.02310176393850682,0.9675474903123112,144.241943359375,49.2924293115514,1
155.96106053149606,0.20571431920530558,0.019994889331923952,0.9655696413508129,106.654541015625,47.69997910610577,1
378.63594980314963,0.1882617825057334,0.09715436259831907,0.9504450357846393,109.31915283203125,62.31064878899082,1
223.00910433070874,0.3292354996032293,0.2192540223307816,0.9788685843201699,99.01507568359375,72.87971485048915,1
174.8433193897638,0.20070107081968025,0.02222613437008907,0.9577873598359521,143.99755859375,45.984490410325826,1
112.57486466535437,0.24760043551708974,0.0347055418910753,0.9819073523782614,106.20660400390625,56.00361820273123,1
87.08919783464567,0.20200823181114894,0.035287070664442644,0.9851269014850694,125.83892822265625,54.906074324951284,1
170.3401820866142,0.2640310277597542,0.11177308157059676,0.981857450830726,135.78369140625,69.17340827760843,1
267.0183932086614,0.19048104389589024,0.08076406284015772,0.9647824232988969,121.1297607421875,62.208803143260795,1
193.88072096456696,0.18466154622736466,0.021978217460573136,0.9563226210020643,141.43115234375,47.49565945669974,1
178.19094488188978,0.21018107893652033,0.019413604040529157,0.9625428554752671,98.31842041015625,48.8072254026881,1
202.07031250000006,0.18607790532430266,0.020770380346336034,0.9623289617794786,122.4039306640625,52.10375531147148,1
182.62284694881896,0.2881709299861669,0.03696937802025073,0.9760780780663795,118.97137451171875,61.89277166195895,1
162.80450295275594,0.2136416742211961,0.020469729118568942,0.96706751923155,127.1429443359375,50.19275542147129,1
114.72336368110236,0.19532184238149078,0.020914494901865612,0.9412416052263617,80.22174072265625,31.458860062978633,1
204.64899114173232,0.22657398106132046,0.02370887478059876,0.9639966448720657,124.5501708984375,53.592702681731886,1
360.3601747047245,0.21346851686444746,0.05582695635231905,0.9500923568781336,139.256591796875,60.901269922949076,1
72.79109251968504,0.27100914651077623,0.037774776797099,0.9578054326207294,174.30181884765625,30.492647384957504,1
213.7009719488189,0.20399927614886473,0.018247275639664315,0.9548432927927377,115.03302001953125,48.821960320952435,1
328.3549458661418,0.16873445901805523,0.07326145949524566,0.9616077216297299,120.65765380859375,66.01165242310026,1
148.54546013779532,0.21987651579038295,0.02338294420838156,0.9764568629657797,127.4085693359375,56.464584748879155,1
220.0266978346457,0.2019451388325493,0.023973271850230574,0.9705151115161955,102.61492919921875,61.286398816956456,1
263.18374753937013,0.14103173020561582,0.03142392164244537,0.9531560597674817,135.164306640625,53.77208376644575,1
191.97828494094492,0.21791955315890452,0.020800192812994812,0.9659835674226325,122.78997802734375,53.60275657420085,1
87.58519931102362,0.21987913447287252,0.02130812632372832,0.9789317299679691,124.80029296875,46.05222477949064,1
254.5599778543307,0.22914246785724415,0.10831014010910589,0.968885811921628,106.41204833984375,64.38459579463311,1
65.7661786417323,0.23650788418602614,0.027192674424551318,0.9717114623443854,139.29376220703125,34.72272908616921,1
223.29835137795274,0.18869958043694496,0.047534142385544605,0.9567711989535868,107.12030029296875,51.491085659085016,1
380.4640132874016,0.16792930380006085,0.07291748116337457,0.9413894548153212,125.64764404296875,57.71087607928109,1
145.2585506889764,0.206913126335539,0.019360121054017996,0.9683714981014862,106.4952392578125,48.11450501220717,1
79.19180610236221,0.24380030990451962,0.03076045756866069,0.9721677376347891,153.4801025390625,38.460622105263205,1
217.32086614173227,0.24346789642246736,0.09106203005635814,0.9716404130955608,117.068359375,62.516151935136726,1
211.65637303149606,0.17040866177157113,0.016979460835846807,0.9637906965391058,110.4837646484375,54.34376891430882,1
155.13631889763784,0.23893102941370606,0.02682643866386173,0.9730791668288024,103.20526123046875,53.765676485327724,1
282.61226624015745,0.17842571906468382,0.0694475062049042,0.9570630193926882,111.3585205078125,57.87238560643455,1
268.49231053149606,0.18739520618743996,0.08496977237844497,0.947749331456103,100.97564697265625,51.23875238806589,1
279.3569758858268,0.20916090400783938,0.022381674565833995,0.9489209473235886,126.902587890625,52.76043599691034,1
200.9343011811024,0.1615200637804207,0.017254372314906605,0.9619912585541164,124.79132080078125,51.68322132535889,1
259.58169291338584,0.19437174154802914,0.021485162096531278,0.9626429016992535,109.25335693359375,59.02574465800638,1
138.2506151574803,0.21064219342754043,0.020068139839377663,0.9558171322558643,91.7562255859375,39.89471645698821,1
196.62481545275594,0.1801224232353999,0.018925467597090503,0.9509818088621673,121.83489990234375,45.148168072876004,1
197.576156496063,0.23297731124304247,0.07364478215004906,0.9701685636796304,95.02618408203125,57.93766948498084,1
169.140501968504,0.18025827369533018,0.01807888076100856,0.9650123755045348,105.93096923828125,49.37599195886504,1
281.44685039370086,0.17920712381984824,0.07312082787210196,0.9498791101119471,103.08685302734375,53.56698117931346,1
113.17765748031498,0.20648638147480275,0.06334240461007201,0.9645255050446963,83.653564453125,40.3505298692864,1
193.331938976378,0.1975958200342412,0.018626629229713754,0.9653706629341772,110.97283935546875,53.0691727077899,1
69.54176919291338,0.24882334799633796,0.029654355280158876,0.9885307884555908,108.770751953125,55.45052239261821,1
89.4242125984252,0.24768493596044178,0.028040791650738358,0.9786764011678338,151.36529541015625,46.649847750053404,1
251.00750492125982,0.22857379657192814,0.10863357147103549,0.9619498984384333,97.35675048828125,57.7467963810349,1
128.6540969488189,0.19548991800886592,0.01921562331537355,0.9604512399145652,77.19635009765625,40.42583944680672,1
156.37666092519686,0.26190013837014037,0.02577964930790273,0.9679949924264136,93.88677978515625,49.55668275515089,1
169.52054625984255,0.21471642049140857,0.01987239557129891,0.9508876593377223,100.21893310546875,41.88829494445822,1
193.9583538385827,0.23963168354887152,0.022863012794215425,0.9680630969162586,112.79571533203125,55.38641185229541,1
80.19426673228347,0.1979344456148558,0.020470145066174804,0.980061574527929,115.76739501953125,45.39607092869277,1
323.17759596456693,0.1782399086081071,0.021681007002532147,0.9336252815378718,141.40972900390625,49.98264499169701,1
119.34836368110236,0.18407649712546695,0.0203688200508999,0.9685083806288602,130.496826171875,44.27562309526191,1
319.2698695866143,0.20769368014504044,0.10495198688834699,0.9629251705236495,109.81976318359375,65.93581286750475,1
103.66357037401575,0.24873115364120857,0.022878731381068187,0.9655517315215768,82.46075439453125,38.95263045987252,1
116.62875246062991,0.21257746142627607,0.021823269757321673,0.9500587786647711,81.9432373046875,34.4994402506156,1
107.43387057086615,0.22591369899000302,0.021266128442891597,0.9636433667318136,98.14007568359375,38.62815673278233,1
82.91492372047246,0.2005185744180457,0.019703773534946185,0.97397068596515,91.69561767578125,40.287849056216494,1
279.14886811023615,0.19491240968668466,0.018732530107736203,0.9484455222048076,96.60650634765625,52.12852800327796,1
46.69937253937008,0.2124048006020404,0.025018084901159886,0.9773504701146567,147.7738037109375,32.706375738527676,1
116.02540600393702,0.2360668980638215,0.022667781059565777,0.9681288411678332,98.01263427734375,42.948312174027194,1
103.67285925196849,0.1931292406329574,0.018661641435428537,0.9717492977282997,106.4488525390625,43.134520531429374,1
171.7276697834646,0.14593446555859843,0.016885820719042138,0.9607933721669655,134.7685546875,47.50066968546151,1
117.04699803149607,0.18184978474986044,0.018885134267576844,0.9713334039931005,116.06146240234375,45.516955966744604,1
452.8500861220473,0.15568962498836333,0.043700109372233974,0.8452961402870471,72.18121337890625,39.13617815423345,1
233.61915600393698,0.19090734009358754,0.06653095232584358,0.9621333233420233,116.00048828125,56.0461431837839,1
230.08212352362202,0.19117615968869445,0.01922438482927608,0.9639761017037416,116.91778564453125,56.73452575096115,1
188.05874753937005,0.2123384980553081,0.020972946053301942,0.9559115421988803,101.38922119140625,46.40444739269278,1
323.20693897637796,0.18071353318715613,0.022050328248167203,0.9256602287792357,146.34326171875,46.69992271668127,1
178.42421259842524,0.26032644972646146,0.027599361025499567,0.9656142781518866,100.61834716796875,51.18639734582528,1
162.73277559055117,0.18859867854739923,0.018586156405599,0.9690629969350365,112.1917724609375,51.57982394281376,1
83.93590059055119,0.1973942757238837,0.025019559623884947,0.9556360757743336,141.03814697265625,31.283444172295567,1
323.03334153543307,0.2471796864545652,0.08431432893355228,0.9629565866838589,101.52252197265625,66.38743469172647,1
288.496124507874,0.21126698318616252,0.023914598139370247,0.9553442664344488,107.68438720703125,57.02970618963974,1
208.81126968503938,0.23163135574113355,0.0819853656097073,0.9704011823814138,104.41656494140625,59.88029539733624,1
201.18368602362204,0.1693693265059366,0.02092304238622679,0.9629791387912536,135.56036376953125,52.79441506888137,1
197.54595226377955,0.15587225608578265,0.01774641372736758,0.9662160892519,120.06109619140625,54.40535804095025,1
175.4344242125984,0.19868508410981867,0.02119264392559584,0.9688761445417514,117.3724365234375,53.37592589233591,1
165.93565452755908,0.1753077152787476,0.0181280031327509,0.9609296190878567,127.154541015625,46.18344867512185,1
296.8762303149606,0.1511769083484355,0.045915891683777015,0.9502165843381345,111.46966552734375,55.18023055830962,1
218.50116879921262,0.18946348256641354,0.020028926751276543,0.9566998388558614,124.65948486328125,50.354694836901224,1
370.74028051181097,0.19146367048863464,0.10176945302267926,0.9616311732856225,115.55120849609375,69.91771768195805,1
255.60230068897638,0.163429515803797,0.01586581659609024,0.9413582861121538,113.29052734375,46.867213604502176,1
288.66984498031496,0.2469146590358177,0.1450149898993583,0.9687943234509256,110.9058837890625,68.42294047861726,1
310.8604207677166,0.20520901478662543,0.11423060321787344,0.9631688820531401,114.63482666015625,65.30056436614721,1
214.82443405511813,0.21124759371428112,0.09372557619679056,0.9707095737421673,119.17193603515625,61.20236840555301,1
134.4201525590551,0.21877440482022303,0.020541608799213254,0.9746306110541988,108.65386962890625,51.8698110725285,1
50.79324557086615,0.2124411061215265,0.028147404228919003,0.9590817982002067,153.15625,24.93770559125779,1
155.5728346456693,0.20315650832034496,0.019036912699295288,0.9651243743815648,107.47637939453125,47.43529905422619,1
177.0465059055118,0.18690399324458354,0.018426918849399752,0.9577242828745166,103.66058349609375,45.97484630984882,1
137.0123031496063,0.19615721003022688,0.022787122034072335,0.9636834892807995,146.52581787109375,44.114062167278014,1
71.73166830708661,0.22382868460479427,0.02251266273381559,0.9777841760252581,124.0831298828125,40.827487241104905,1
197.21598179133866,0.20291546559633702,0.019730163278893844,0.9596484649040673,127.77178955078125,49.83050477982298,1
177.88644192913387,0.22230651388681857,0.02607353525162739,0.9673823043089599,85.04193115234375,52.39353054574576,1
109.20306348425196,0.24232824375724102,0.024558616755324548,0.9738412833403938,127.37249755859375,46.10269619711043,1
104.87014025590553,0.2558694216293303,0.026065733068299648,0.9735782423168918,136.4761962890625,45.193093423099185,1
227.9152312992126,0.21500099010460744,0.023284137254384187,0.9338582050021575,142.29278564453125,41.87501786035008,1
279.75688976377955,0.18670799056345702,0.08105963287154445,0.9649732407207273,124.22796630859375,63.89131355564739,1
391.4986466535434,0.11973784576640029,0.02448736327177975,0.9447548865097701,132.1712646484375,60.174395310940874,1
159.07572588582678,0.22505620170641252,0.02562184445069251,0.9682219860733686,143.08575439453125,50.75253546037355,1
194.89271653543307,0.1774932689344988,0.01995595897053614,0.9661557211438953,124.5040283203125,54.095314809681746,1
200.97244094488198,0.21118603452449683,0.022200069543516228,0.9551345804754093,134.36651611328125,47.62732605274832,1
139.482406496063,0.2465709592326691,0.030818284670648895,0.9757119468157394,129.0404052734375,54.086807696775196,1
139.482406496063,0.2465709592326691,0.030818284670648895,0.9757119468157394,129.0404052734375,54.086807696775196,1
103.69229822834647,0.21434763558021266,0.026108815515412397,0.9777837809531057,141.21551513671875,49.051222838143914,1
257.7821112204725,0.19327764751735596,0.07593968978633536,0.9592010670764224,107.18701171875,56.523556278001145,1
188.78081938976376,0.2121659091597896,0.0249109159073254,0.9523112221180782,141.16021728515625,44.93582964615145,1
136.87906003937013,0.20531723605406574,0.023456584715938818,0.9781080267608692,133.49505615234375,56.31117745196881,1
172.79927411417322,0.25869894697956997,0.029502012560705438,0.975183475232985,130.73284912109375,59.39559659240789,1
162.00203001968507,0.21799650017018524,0.020585314692917762,0.9674571873036195,116.08544921875,49.94829502565706,1
134.46555118110234,0.20810044644468834,0.02850300836197497,0.9799387578250479,107.21051025390625,58.16193852639236,1
227.9330093503937,0.2269294482845283,0.04164702462788393,0.960707584071688,109.2398681640625,54.24510420721274,1
198.08593750000003,0.19753479843723853,0.07530199729321926,0.967223501911385,133.5152587890625,55.492746891815,1
74.25024606299213,0.25985645471790575,0.03156174546750421,0.9829017239292726,151.20501708984375,47.619046920470446,1
166.2696850393701,0.20577743535906537,0.08651747661374563,0.9741930065012505,118.19488525390625,57.3230786627387,1
79.37936761811024,0.2559900887211291,0.02517151948507179,0.970793757545037,142.848876953125,37.592071070007776,1
98.17230561023622,0.2147861441069525,0.02146595531283068,0.9640719512143303,105.785400390625,37.401112673745665,1
230.55075049212599,0.21822671959771986,0.02433078095226787,0.9523956347416999,110.763916015625,49.46436164498711,1
135.55185777559055,0.18965957135731645,0.019995788285907038,0.9709458642771951,107.63751220703125,48.5533431940046,1
81.31772883858268,0.2483008167211931,0.02634547919303681,0.9768327775123378,111.23504638671875,42.458826445598994,1
152.72902312992125,0.2200333911719052,0.02182530712959943,0.964905239568605,104.484130859375,46.91347371223432,1
253.4851747047245,0.22190907070635107,0.07529885638534636,0.9740079551762353,142.76318359375,70.62759050158829,1
307.9040969488189,0.22436620498133714,0.1318864354601193,0.9641969187416529,109.8377685546875,66.03281247634601,1
198.20207923228344,0.3498934963685479,0.22612254339400423,0.9782856157764531,84.60894775390625,67.6724493129362,1
103.6103592519685,0.21589674944762757,0.023091032210361982,0.9724904258033127,116.74072265625,43.90055748090243,1
64.39154773622047,0.236408762680667,0.028142194127570026,0.9821875622166018,133.13604736328125,43.29590776619123,1
237.62795275590548,0.2605043947939943,0.08789352986231959,0.9740373728763808,98.787841796875,67.9517222466043,1
172.80923966535434,0.18555449822626785,0.021306483519429712,0.9709870538862119,133.82830810546875,55.064845490612896,1
191.99126476377958,0.18171644536059686,0.018286946491661384,0.9550832833094477,109.26068115234375,46.43133898738041,1
291.4375000000001,0.2257296226108284,0.08775486123506794,0.9697840080005585,128.87200927734375,70.09877091159531,1
140.58618356299215,0.18655158301665267,0.018007362768108468,0.9697082491598001,115.34100341796875,48.428805806107306,1
129.20109498031493,0.2139120343451312,0.024458293186481732,0.9580806602711471,143.758056640625,39.91357464509934,1
221.5694512795276,0.21198407358669613,0.023039187533293398,0.9456827537540092,127.88739013671875,45.662681915348394,1
66.05542568897637,0.1949841375822026,0.024019556222467056,0.9767009854224136,117.0654296875,38.47242907634139,1
101.6448080708661,0.16983206286081462,0.02337837191235368,0.9779859635480886,108.433837890625,48.733075162181,1
130.67894931102364,0.1865650362840895,0.020349163979420003,0.9676907960150469,139.16387939453125,45.44165791336339,1
234.83415354330714,0.18001803372939137,0.0651478491827086,0.9579648404623939,107.73919677734375,53.26257495978786,1
164.71038385826773,0.19399528241742864,0.019655364489958277,0.9524049726842552,105.21270751953125,42.16733293601714,1
363.5829847440946,0.16844815426213042,0.017587211428394294,0.9347951470108894,115.22528076171875,52.98672462392225,1
184.32117372047244,0.18330896381296508,0.020765415033801197,0.9648773175511003,138.56915283203125,51.90269853626842,1
169.72730068897636,0.2573144306384387,0.07877340741130176,0.9799017583154108,144.73486328125,65.9727302608225,1
126.57437253937007,0.1949624245568978,0.019641256828424374,0.9758521718898908,127.0948486328125,51.676904690066614,1
117.82486466535435,0.22260529584125352,0.021088420294029343,0.9721069761290684,119.63702392578125,46.29683965606158,1
407.3862573818898,0.2268783232851072,0.07313094479027746,0.9567268918289268,141.02813720703125,69.45384210679231,1
373.419783464567,0.21767390813097898,0.08013992259142082,0.9566453157053568,133.80340576171875,66.4146684783142,1
121.28174212598425,0.21440281997043797,0.02931349649005231,0.9734771755272258,143.11572265625,48.85124989270316,1
162.3978223425197,0.1845398873535215,0.01905881576621461,0.9639356919791227,130.15216064453125,47.82874370689306,1
204.9634596456693,0.27693557784448186,0.14861381011827704,0.9774353850231572,95.97064208984375,67.65827927043199,1
123.06280757874016,0.21665593879108758,0.021889192801384412,0.977839473890257,134.6572265625,53.16372266628562,1
246.15963336614178,0.22918585992309912,0.07731613099043397,0.9704121467042636,142.3250732421875,65.21514343199718,1
249.39339320866148,0.22768063491347038,0.027543603193309087,0.9641071306814994,109.014404296875,59.29206203735228,1
135.29478346456693,0.22289166628725876,0.027053714002811983,0.9779587452318781,126.2108154296875,56.08089154692849,1
369.378813976378,0.18961782196196872,0.09595772502992359,0.9577034518771034,118.625732421875,66.65752963310129,1
162.57314222440942,0.17193207562948662,0.021332176686271506,0.9689959554765601,139.88861083984375,51.94605785743184,1
122.28266486220475,0.22364467733425478,0.02514760468990995,0.964902409014089,150.22265625,42.416769770788605,1
227.0088582677165,0.15710935458152114,0.02175284181518168,0.9565711473435765,144.88262939453125,51.693984402997785,1
111.06502214566927,0.22328446506642805,0.022104192759344044,0.9685539254640443,128.2132568359375,42.4214152258516,1
326.5412155511811,0.22934404356222182,0.08406420136687791,0.9635455185578086,127.581787109375,67.6011694836431,1
175.95097194881888,0.24900623590599644,0.025302871166325,0.9698531142629983,119.43603515625,54.255303872916556,1
61.91849163385827,0.22114232567186975,0.026156891022362343,0.9598813645733331,143.15966796875,28.1443599910145,1
229.8186515748032,0.21016900054517365,0.05445736968803335,0.9712771198902291,131.429443359375,63.950776452439094,1
197.85334645669298,0.2157344787911459,0.02581650387900202,0.9684148789168648,135.78656005859375,56.3337844983891,1
367.8403666338583,0.26972999228151423,0.12345295675700246,0.9597060042998213,122.63726806640625,68.07968554742125,1
213.22779281496062,0.230806184126104,0.023368698356888658,0.9608473223044798,118.38134765625,52.45241015245163,1
415.40040600393695,0.2849774465529459,0.15510625282751273,0.9611262924705288,119.22503662109375,73.56410516663942,1
317.4248277559056,0.24118739586217486,0.1431322285788462,0.966521334888646,113.652099609375,69.17926311265819,1
311.50442913385825,0.20773419157769105,0.05785362329416494,0.9588711569089381,145.22393798828125,62.4704331292142,1
224.4309793307087,0.22678523437137976,0.023023783943648048,0.9734929433224282,113.619873046875,65.25818080288963,1
216.083845964567,0.21273078281616276,0.02045572061351847,0.9116536927319938,70.23828125,34.989885667132775,1
136.0553026574803,0.21653499390293302,0.01897533992588359,0.9747790751817027,99.01715087890625,52.09292057760233,1
287.20109498031496,0.2648844420941492,0.06701085524491934,0.9661250734008382,151.7562255859375,65.98242340243715,1
201.79582923228347,0.21823674788672762,0.020002410911755822,0.9634227732000148,114.0712890625,52.668853238544294,1
197.525406003937,0.23695873210672064,0.0952858087349354,0.9740713218768525,106.223388671875,62.18152570110276,1
359.6321358267717,0.23691498197012165,0.15188889085890792,0.956857254115292,104.503173828125,64.9221146557329,1
230.525406003937,0.21755864887150594,0.019976617612987004,0.925372662176296,80.7657470703125,39.38737787313574,1
225.31496062992122,0.31537748700711926,0.20041151437163926,0.9790322513351702,108.62060546875,73.63998252706564,1
97.37832185039372,0.22391643950517998,0.020900693970383903,0.9716666559786293,94.046875,41.708241302866334,1
101.87210875984253,0.18525228525002518,0.021275690801465637,0.9552203134881632,140.566650390625,34.22138725726015,1
95.08649114173228,0.18073480745710147,0.021092771358442647,0.944824591885364,107.84844970703125,29.52643262276481,1
79.3492249015748,0.24377217729339884,0.03018038708470491,0.955664903181824,143.73162841796875,30.586288681486664,1
93.20066437007878,0.21400887046778674,0.02485415127408956,0.9569426914505762,131.46734619140625,33.58188428726822,1
104.47933070866144,0.2349993321915954,0.02713730114604669,0.9652841593055461,145.60791015625,39.86443949263855,1
145.5119340551181,0.19970839921192182,0.022554646461305183,0.9535525128425598,134.1341552734375,39.97234847976297,1
163.56963582677164,0.1684459950570024,0.016997948857451324,0.9548539546803684,99.76171875,42.78128691533058,1
318.67230561023626,0.1849473193165187,0.019589940841666726,0.9406584136940674,149.5335693359375,52.921691356838124,1
129.4420521653543,0.20498791676579958,0.019975717796278852,0.9599600551346701,88.67852783203125,40.45543323224339,1
146.21062992125985,0.21085545425527547,0.04354028848320762,0.9766517903387496,126.7392578125,56.79556078118392,1
137.67618110236222,0.22292322704075665,0.021488728438371765,0.966567024046361,94.54364013671875,45.612730315423235,1
99.5288508858268,0.24708618446835665,0.02821176187888525,0.9854762389061111,113.016845703125,58.84483875628802,1
124.32541830708661,0.14143033184402298,0.022427615883951996,0.9554256278135778,164.58453369140625,37.913663196593184,1
133.18294783464566,0.18230044092357212,0.019722585840061566,0.9712263603625826,129.57080078125,48.70359487004013,1
216.88281249999997,0.32175091785298987,0.18202506204379443,0.982500447773686,121.17803955078125,79.13713423116042,1
295.54472194881896,0.14356991838912989,0.03704096075107155,0.946567886080325,122.5008544921875,53.04093301820508,1
183.98302165354335,0.2744580194598166,0.13010390924650334,0.9823084458949576,121.71673583984375,72.62258224104247,1
265.0336491141732,0.17754651715578448,0.07031855443894287,0.9594328756832379,117.97509765625,57.67069064577583,1
142.1120201771653,0.19082570365592075,0.039227734453881044,0.9740984373197766,128.63775634765625,53.051340871893785,1
145.11915600393704,0.18379440938519104,0.0194118496406665,0.9599883129956784,82.1502685546875,42.72668752182919,1
262.8323080708662,0.17951869996210568,0.019546042084417882,0.9581509112810106,127.88006591796875,56.46083714356958,1
198.6635703740158,0.20566435773190167,0.0343361211532198,0.963119276186523,150.93780517578125,52.83234512006704,1
224.8716166338583,0.2736973049219855,0.1516475610141609,0.969166611396985,95.9150390625,60.743816665438565,1
207.085875984252,0.2608130676821052,0.06120393414105918,0.9749606893023609,103.28680419921875,64.7063375099903,1
181.08716781496065,0.21082670828596214,0.07855692291447287,0.9791992388130654,125.52008056640625,66.63255620182677,1
248.0963336614174,0.2473503032168516,0.06524164886285395,0.9716190786698854,103.39910888671875,66.48959623803805,1
419.5720349409449,0.18146442974965352,0.01861458810372675,0.9084473432001997,119.8056640625,48.12295249447589,1
252.53992372047247,0.18869234126894388,0.024493234948359806,0.9296224149778891,93.5550537109375,42.70736573741744,1
292.9836983267717,0.15052180857977765,0.017490767347955065,0.9423630255760559,146.04876708984375,51.34402343385661,1
211.03869340551182,0.14570512908755365,0.015530381293698933,0.9580286949940743,118.5487060546875,50.30906622391037,1
111.7701156496063,0.21587168274954105,0.021968056551457813,0.9714513832884801,116.44610595703125,44.54012412371086,1
300.2501845472441,0.2267597210638236,0.07196601137870892,0.9650707653045695,123.12713623046875,66.1935786496342,1
40.98548228346456,0.23816196996082944,0.031939678967270145,0.9521407612847479,154.2362060546875,20.921282610651026,1
185.35629921259846,0.2816218930611706,0.09123273854205932,0.9813374453052477,111.29217529296875,70.8852955092805,1
96.78063484251969,0.2634771272572937,0.03394122687308876,0.9770432619339797,164.93896484375,46.4447355704573,1
213.9331938976378,0.1768534773848138,0.036383249823188954,0.9692886327158902,131.684326171875,59.912152555740825,1
252.13742618110234,0.20653096554027975,0.10219213728364163,0.9592670547109565,103.73455810546875,55.98310084437453,1
320.84510334645677,0.15609784066300725,0.022328733668579393,0.9534966245155814,135.4599609375,59.61954458138894,1
160.1458538385827,0.24167828958540014,0.022090107259555045,0.969705863841504,118.43560791015625,51.585694396354484,1
122.11263533464567,0.1938505272120786,0.01801371858310325,0.9697139429274377,109.42327880859375,45.11009181314132,1
135.75873523622047,0.215683891097111,0.0246991282321037,0.9695522751443516,139.756103515625,48.287280538155535,1
114.41633858267718,0.24524356643436382,0.027702447673749686,0.9756120857715501,148.37457275390625,48.80967666928992,1
136.73160679133863,0.25541742475160745,0.02708726363494041,0.9759246101136757,122.70880126953125,53.75626649225271,1
172.22145669291336,0.22361938258087558,0.025282074384878072,0.9686649580107157,129.5947265625,52.819969299131266,1
127.65391240157481,0.22519159019572477,0.021780875267682336,0.9504254456266548,79.476806640625,36.11640859610187,1
371.6550196850394,0.16623481084991773,0.07964054063462386,0.9498359343466638,115.69757080078125,61.327200661484554,1
300.9869586614173,0.1878843747885331,0.06618138237994337,0.9525486976987606,103.3045654296875,56.62989349765095,1
414.96998031496065,0.18439044025578383,0.08042516528622597,0.9457027614526682,122.37750244140625,62.20389140300037,1
228.44445127952758,0.198322330742566,0.02170664911258933,0.9631315766454321,122.5240478515625,56.038182198244506,1
228.4689345472441,0.20517558886424694,0.02143874566582678,0.9586419485497438,135.50054931640625,53.198220448412926,1
176.19992618110237,0.22848094732620752,0.02424774129960312,0.9713774771514241,109.066162109375,55.67912804911422,1
324.26347194881896,0.17452609593811885,0.06939103171221793,0.9478069734802931,120.7216796875,56.30244021471694,1
213.8775836614173,0.25678210319772043,0.1294265390021052,0.9794196260698004,127.43707275390625,72.6652359706987,1
212.3571604330709,0.20367708722770417,0.020211223461322522,0.9543717379911968,128.96490478515625,48.61318744356876,1
204.08298474409455,0.1667286800819298,0.017284283239471322,0.9592935957044355,121.90533447265625,50.37905885536942,1
153.69463582677167,0.1846214015804475,0.01831589431124048,0.9589031287492447,91.9678955078125,43.46481486686624,1
119.40157480314963,0.22649898888673217,0.021759407923335947,0.9766630238620831,107.5509033203125,50.77193757559491,1
121.87623031496064,0.23477892420860427,0.022456239351491276,0.9722937949330412,99.1915283203125,47.04445865710454,1
292.4144315944882,0.1964950068548299,0.05746102682712421,0.9650575048982273,136.21038818359375,65.4612781908405,1
330.4509719488189,0.18178340124093903,0.08513992874301066,0.951564524778906,114.41558837890625,58.90018995411941,1
190.53469488188978,0.20875760918216163,0.07165020179598365,0.9723942324906429,105.4085693359375,59.22945722631851,1
120.38933316929135,0.14858769083397358,0.024823529005330126,0.9551187367536702,165.25048828125,37.35150285311933,1
53.856053149606296,0.23009034618948374,0.023723275262109086,0.9733332697411106,101.96038818359375,31.93987853095202,1
254.43048720472447,0.20525226803958524,0.06202704895159206,0.9710105904528358,137.49365234375,67.09113699164935,1
322.8367372047245,0.2142531286836365,0.01882452249598531,0.9386217056025595,121.01446533203125,51.48302680549144,1
116.53961614173232,0.21042379835241767,0.01958549742963481,0.9763442635712086,118.56927490234375,49.811947003396234,1
375.40052903543307,0.20058642882204225,0.05662405148874468,0.9579492537710462,138.0709228515625,67.64686514173302,1
289.4488188976378,0.1548827976273128,0.04859938760678036,0.9484244859160145,125.14501953125,53.53883930439768,1
372.53980068897647,0.19991571192274882,0.05419863823211098,0.9504521490337762,137.03436279296875,62.073193890477924,1
123.14554625984252,0.2327385760875428,0.024226975963219512,0.9703899547217085,141.35748291015625,46.16794295241264,1
153.24132627952758,0.24235009773868232,0.028318733014487257,0.9652829745366448,151.41632080078125,47.340813953293704,1
303.1329355314961,0.19089517976352732,0.04081640575712926,0.9608684151262454,149.17596435546875,63.242411738505325,1
171.60863681102364,0.2635801008571705,0.12243901848180036,0.9803579619659399,102.77410888671875,66.46384954947621,1
165.2313607283465,0.1888505314815899,0.04164066370916474,0.9734225593785865,127.44500732421875,56.65348046547966,1
80.52116141732283,0.21771878169846587,0.02571509109325035,0.976479029459445,140.24908447265625,42.18179539430725,1
297.82080462598424,0.2092138932901732,0.05748025373452104,0.9560063624594576,137.94781494140625,59.1750283756808,1
318.61890994094495,0.17879566098683883,0.029519548105391168,0.9455644772915945,138.29388427734375,55.16841112126406,1
239.4135088582677,0.20505430968006075,0.08719844806716623,0.9641727308787457,116.7530517578125,58.50169792510614,1
226.20780019685034,0.266551270040446,0.16366459275395803,0.974439667027198,102.9493408203125,66.88692484258425,1
251.4892962598426,0.2605360231758663,0.16817754678804192,0.9733271931880076,95.74102783203125,68.91795100707706,1
221.11589566929132,0.19794449715161563,0.021151087666668886,0.9654526190883834,125.19500732421875,56.749890271911276,1
229.72379429133858,0.1789009357429721,0.021419320589778613,0.9634779774960213,125.15576171875,56.36682448346254,1
181.93725393700785,0.21296136333990182,0.021965300240512547,0.9696049038189489,126.82745361328125,55.12450131497698,1
173.68866879921262,0.19122653966331687,0.019510434960535884,0.96697976535324,98.76019287109375,51.45595573618781,1
227.10968257874018,0.1717923596479971,0.019745548993795513,0.9531447044911322,130.58001708984375,49.97287539255379,1
139.50572096456696,0.2020518065761806,0.019125957368883936,0.9695086851509667,115.76556396484375,48.103304344571946,1
116.10642224409453,0.22808706148507502,0.02264573409560525,0.9757039428739058,112.40203857421875,49.22173897912762,1
282.4464812992127,0.219444901698042,0.1257494442895345,0.9667619579802941,104.29876708984375,65.58433381707809,1
328.7302534448819,0.23361486838325432,0.09306071173245307,0.9625975412487118,129.5625,67.01735268960896,1
180.3210506889764,0.22109720893999682,0.022959717709612353,0.9666465570754506,105.63250732421875,52.09255276080405,1
311.287155511811,0.17631467902463413,0.07706365539341119,0.9594222447352209,125.027587890625,62.68019411285736,1
253.20607775590554,0.20650360362116674,0.07382786813933376,0.9715500806233789,128.42718505859375,67.3970746372867,1
366.38939468503946,0.18483110851542706,0.09446723084791064,0.9514403383088376,116.4169921875,61.87046972316894,1
167.2406496062992,0.23273684112928567,0.1089789022387974,0.9815577170962658,117.3013916015625,67.8636434662092,1
267.5543799212599,0.15413266599201744,0.04421923384273313,0.9388807185787711,114.51678466796875,47.434132337987734,1
168.71044537401573,0.3501563206094888,0.2502042324165592,0.9855217042070445,100.97943115234375,76.55155217817173,1
278.2424335629922,0.16388739240982705,0.05269891168819446,0.9475570178885562,117.67401123046875,52.03518419223474,1
280.1500369094489,0.2333126748909992,0.05248221730527386,0.9676047326275357,149.769287109375,66.6789290860471,1
254.78973917322833,0.25254194868442553,0.10285519531033771,0.9743491276605124,115.50634765625,70.93569799982859,1
233.21518208661413,0.18567066993269812,0.020896484004163086,0.9644222675642179,136.4649658203125,57.697254162053746,1
221.99803149606296,0.2101866429504086,0.022599398951943468,0.957985029243701,107.6719970703125,51.62048663699923,1
175.1413631889764,0.19452016700833274,0.02272584397966609,0.9721435030354755,128.94384765625,56.56983201995436,1
376.5392470472442,0.23583886871669874,0.05624292362927852,0.9627614107816533,135.0120849609375,71.7767074194488,1
199.70632381889766,0.22368200787844608,0.07407480811516777,0.9734638909421517,96.5380859375,61.7000922324482,1
141.04090797244098,0.2319502403007654,0.0287808578274002,0.976843555238128,145.54119873046875,55.81528427693088,1
238.9769931102362,0.19381469932410303,0.01851281662244875,0.9578452077748714,96.7591552734375,53.25978858158552,1
135.23277559055123,0.1743420673222243,0.017679919219728314,0.9682989390375839,114.4622802734375,46.55071860259024,1
141.96579724409452,0.24050107697889223,0.024251954647910263,0.9763275942754998,144.5291748046875,55.10156308399537,1
255.62635334645677,0.20497203361439284,0.06596568034376213,0.971517928969573,139.01104736328125,67.82117735039732,1
145.0062746062992,0.31560064009587935,0.14313988890055016,0.9791587307940405,79.71588134765625,59.17502427361392,1
293.13330462598424,0.19279784512163223,0.07631505207281648,0.9506810726391993,98.7135009765625,54.7044801616365,1
257.76476377952764,0.17182171726131878,0.022329919969940177,0.9502110738229091,141.69842529296875,51.42707293370011,1
164.66473917322836,0.21048374159525832,0.021780918702386368,0.9699171678423114,134.41815185546875,52.76429026575099,1
245.35402312992127,0.23482432408454157,0.09658969571501051,0.9739853333914926,115.7371826171875,69.15524223503083,1
328.8831200787402,0.1814119377305506,0.08754725152426351,0.9613428698876165,125.1669921875,65.81293268595847,1
164.0737573818898,0.19928551475337558,0.045857236100149586,0.9733153180413248,127.59124755859375,56.12077146912095,1
97.5474286417323,0.2205880317680262,0.020755025034406658,0.9746637802365382,98.87664794921875,44.054277896372184,1
83.85328494094489,0.23693549735895847,0.0223884365544218,0.9832161351000738,122.01397705078125,50.265015319715864,1
84.40335875984253,0.24507360699539912,0.022589978130197863,0.97205284196383,97.9012451171875,39.29032485683891,1
228.63410433070865,0.1914969076025663,0.047733961142145995,0.9688715619123773,140.6898193359375,61.40092000457947,1
269.6409940944882,0.19464768424135667,0.08624677896251136,0.9632771193801288,122.08203125,61.007966943995505,1
172.07326525590554,0.18489422648124193,0.020609474089717836,0.9331522011653415,76.1973876953125,35.89489292228669,1
237.35193159448818,0.1932568370597677,0.02418124510395876,0.9601086869642018,82.0736083984375,54.614608357668295,1
319.1303518700787,0.2033919609240007,0.057489716673688546,0.9607448944842524,122.55908203125,64.39808199311302,1
143.44537401574806,0.2231234108902158,0.0208770528468426,0.9650213608990753,119.50811767578125,45.654122314405,1
168.8881028543307,0.18569939823492376,0.01827659687314077,0.9670090533048856,130.65313720703125,50.97402339147433,1
142.6208784448819,0.22525834601757236,0.021306527921211328,0.9729284586288902,121.49969482421875,51.59918202689232,1
233.4610605314961,0.23271570206509262,0.021186036125244376,0.9574689162758978,114.346435546875,52.5908658596242,1
133.6862696850394,0.21513477390112287,0.021542767532673753,0.9571745935860204,95.828857421875,39.93086533142489,1
134.80204232283464,0.2532604547185461,0.1127344352180206,0.985107096494607,127.55670166015625,67.904986849445,1
269.35408464566933,0.25393095154990336,0.024564625450856484,0.9623580513548285,123.87249755859375,60.16042023258339,1
123.53407972440945,0.17728872640664267,0.020296048773883253,0.9652028313546429,138.64605712890625,42.84323321317902,1
211.74095718503943,0.18897416538755846,0.038519543426827285,0.9704063211749052,132.3199462890625,60.67620000999869,1
150.10414616141736,0.20217028890299027,0.020203451840249388,0.9690946706449562,136.1395263671875,49.8408031081279,1
331.51500984251976,0.18747137284172777,0.09365303429573062,0.9512378738687963,101.590087890625,58.77087240923241,1
238.73702017716533,0.16992857237479775,0.0185664474173003,0.9621325168710642,104.818115234375,56.40841191288402,1
157.87001722440948,0.1793597821243505,0.02003327181021042,0.9666484541515502,132.48681640625,49.28698590412248,1
128.88410433070865,0.2243587475362428,0.026171318142449124,0.9708908273070586,149.85565185546875,47.70818098861113,1
274.98068405511805,0.28527331935838185,0.1699774125733471,0.9756149141481955,114.7449951171875,75.4746231335949,1
90.96075295275591,0.2239210515708445,0.021589179419912653,0.9748967089356163,121.10015869140625,42.9708455736067,1
107.8785063976378,0.23250481513488833,0.03831870705258434,0.9744961126575034,125.172607421875,46.509912802589476,1
230.77116141732282,0.18927803623201575,0.025143014660485175,0.9523892093520041,155.02056884765625,50.2270006180208,1
214.0828617125984,0.16763785108480278,0.05218015083198573,0.9537094033723273,111.3768310546875,48.531561546375784,1
265.75824311023626,0.15722685427352232,0.05098941240951597,0.958404252231806,134.102783203125,57.1266341231317,1
346.24796998031496,0.28868965615385517,0.1319770017878004,0.9664006675720681,124.81689453125,72.30421886817749,1
306.45300196850394,0.19677339995006685,0.09723380811259465,0.9601905512363577,122.3818359375,62.59356435747275,1
201.61921751968507,0.2995244177573795,0.18240636079966224,0.9620121798290754,67.734130859375,51.655851737031576,1
159.21376722440945,0.21911370634812222,0.02284691072349149,0.9650881418385286,132.6005859375,48.2861560983107,1
174.67550442913384,0.18111254723809944,0.018310418414006,0.960700932944956,125.6533203125,47.62175676611636,1
232.72071850393698,0.2864017556388756,0.15564183886697341,0.976128741664781,116.58795166015625,70.3032707752134,1
213.74981545275594,0.1777015146169579,0.017401836364891902,0.9589978327354374,101.24359130859375,51.122822880113034,1
257.0749876968504,0.16700964962285836,0.04372077891071811,0.9564482476617228,107.83270263671875,54.81869555359474,1
132.7973056102362,0.23145066334472425,0.02348451803678702,0.972813171718915,117.5357666015625,49.804368896512486,1
431.1339812992127,0.11400637967435272,0.019405610489945126,0.9348374210521003,116.01275634765625,57.939662900146615,1
189.11072834645663,0.32421912186205887,0.20278996401054555,0.981266826673624,97.7396240234375,71.26269813694314,1
270.70115649606305,0.15962389560543946,0.0534452026373494,0.9517008596292792,114.12872314453125,53.65717452592867,1
249.38588828740154,0.23382228303935942,0.10889668811675442,0.9734668384649877,110.930419921875,68.97970710721454,1
196.76199557086613,0.24702798261080133,0.026208596565579733,0.9525504886785096,115.0479736328125,45.78030361964758,1
115.52921998031498,0.23946554211728147,0.021656208242976885,0.9726632375088551,113.872314453125,46.1790001388401,1
151.73954232283467,0.19509576721428945,0.019107349844294505,0.9722438453738177,111.0748291015625,52.47774724842542,1
162.34842519685037,0.17282087434476562,0.027387844557119387,0.9469447085728007,185.0565185546875,40.203449631761714,1
122.23049950787401,0.26801551680672037,0.03169959678744645,0.9792555167133937,143.52294921875,54.915383112884875,1
100.60875984251969,0.22067285020518335,0.022308132816064488,0.9772272580238809,132.2392578125,47.735504097079385,1
412.37057086614175,0.27958427499626676,0.15494056096484285,0.9615358610591077,122.0692138671875,73.71176408497298,1
349.2279773622048,0.18171894704224162,0.08368958091478707,0.9537161842060363,117.30303955078125,61.96418486194167,1
249.5310654527559,0.2867306381701674,0.1558546365109503,0.978597637179848,121.11688232421875,76.79157581632452,1
93.11577263779529,0.17644293007844356,0.01869385547745225,0.9798468421749154,127.5867919921875,48.561674616554924,1
316.0965182086615,0.2028709207718071,0.11214767968398184,0.9640863993417895,109.695556640625,66.79145602860159,1
194.050750492126,0.17440330906377152,0.037842786268341595,0.9672848688550615,107.38262939453125,54.93221047416963,1
215.70312500000006,0.19600395635984214,0.057881628213516965,0.967956903243205,111.146728515625,58.56844311026109,1
265.18245570866145,0.2512244664555624,0.09185839975962982,0.9723501166903584,148.00909423828125,70.0657151972591,1
149.87703001968507,0.21030251373483638,0.02002075359746401,0.9614676666911562,102.35296630859375,44.416819667495794,1
296.32947834645665,0.17938762238854258,0.03130843376614638,0.9516919966315106,144.05145263671875,56.41835787283764,1
154.93251722440948,0.191297612262682,0.020709347610614923,0.9636603664855736,139.68475341796875,46.5319863520768,1
355.6279527559054,0.23025773015707424,0.08770659416091461,0.9650764010215875,137.8480224609375,72.11271219590549,1
307.5466289370079,0.24688851933121767,0.09730294158751962,0.9716848840892798,143.8785400390625,74.48945217131468,1
257.74643208661416,0.2700512012901075,0.039282224657941324,0.9606441824083684,130.56951904296875,57.80069073739389,1
327.185716043307,0.2600993465706184,0.0670039371587808,0.9685688126127557,146.780517578125,72.88302593913491,1
132.94968011811028,0.25575627795280653,0.02530133817450958,0.9745652669683138,126.33685302734375,51.62339202114133,1
268.78789370078744,0.28838089465611977,0.16984713034470073,0.9724953857298526,104.34783935546875,70.24062587915962,1
179.0113804133858,0.2890210868891851,0.15739864724832264,0.9827483174374271,113.53973388671875,72.40911267220486,1
338.2770669291339,0.25087029625117235,0.10797688245035547,0.965716536876928,133.541748046875,70.7793957764234,1
112.08661417322836,0.22582411018865478,0.020269649006295975,0.9732996919297663,104.3284912109375,46.147575868764754,1
335.91117125984266,0.18450409598842715,0.04505370297719668,0.9526226670924728,141.10015869140625,60.46569993901867,1
221.5160556102362,0.2772138305432827,0.03790358595755528,0.9705047264376,159.47900390625,62.07527600579233,1
130.48818897637796,0.1924676931204468,0.019452744410990225,0.9609515508090134,114.70758056640625,41.37793992288132,1
210.52620570866137,0.19488309315053876,0.05898532698356355,0.9716314501047885,125.5233154296875,61.63909767867095,1
159.61952509842524,0.20669214921408727,0.021050703357611625,0.9712929504574654,122.7227783203125,53.266023105505525,1
235.5421382874016,0.2208411998548288,0.022504887159134145,0.9540275631918987,124.6151123046875,50.95578952839409,1
303.3994217519686,0.22173012780880913,0.0515132778517205,0.9619173290806075,146.60736083984375,64.01678492372434,1
238.8003198818898,0.1855743915297747,0.03729982919065679,0.9665695131853674,131.28857421875,60.537256101408005,1
173.8043184055118,0.17800373198136474,0.01751076860285201,0.9611247432920982,108.80145263671875,47.543089987975016,1
223.61294291338584,0.16781440466223002,0.02516667067987629,0.965208932994703,115.66998291015625,57.36499978677606,1
182.42408956692913,0.2940970649485814,0.16559284116796733,0.9848355454934682,128.0875244140625,78.07404920210608,1
197.46665846456696,0.25019842005427984,0.024923559106193895,0.9622627350801662,108.446533203125,51.32423713103666,1
204.84147391732284,0.2573760308137174,0.10040205896712624,0.9802058928610529,143.72088623046875,72.7671182897541,1
68.49858513779529,0.20711437998872045,0.02444699601702715,0.9707217762081507,124.80328369140625,34.55345809420747,1
109.88724163385825,0.23476776450702033,0.04448405314299896,0.9779534625523888,111.40771484375,50.27545976461763,1
80.08735236220475,0.28698394814808215,0.028553745620033096,0.9770059663859914,81.38348388671875,41.88298924686678,1
264.69586614173227,0.18689909282961134,0.06728588470375116,0.9598515788791802,128.2532958984375,58.23672521230448,1
345.9549704724409,0.21724268843732322,0.06281726325942451,0.9461756135657045,147.59259033203125,57.26188571761032,1
121.39228592519684,0.21374533840897586,0.02117723740848782,0.9683980254643546,124.4437255859375,44.47827586159348,1
231.26076525590554,0.20190504060064976,0.0935588196590661,0.9640090338635152,111.09625244140625,57.253702080926,1
173.12026328740157,0.27116156569386135,0.03011194295259095,0.9809987049098113,128.12640380859375,67.7571532209295,1
126.58513779527561,0.20475312068214624,0.021024351238128375,0.9789016812704421,122.8602294921875,55.10346265905298,1
134.82062007874018,0.22525556653249956,0.02376260266832258,0.9785983345588172,137.61810302734375,56.52792962812383,1
172.6804256889764,0.1846864718992492,0.019427536143835637,0.9644860769250395,97.26123046875,49.488506752925815,1
230.4294414370079,0.16650762631241564,0.05036975411780688,0.940282870996196,97.7391357421875,44.36135977238097,1
237.21678149606305,0.16874864249127608,0.03354405287554149,0.9589610532855533,132.48992919921875,54.52027800744104,1
165.4207677165354,0.19650563663527582,0.020231294124941658,0.9554648171637666,130.78021240234375,43.670275815463256,1
203.15071358267713,0.219482656743404,0.046957654506809804,0.9750288451971698,142.457763671875,64.57106008171897,1
286.1574187992127,0.20451999787606637,0.018592823190646666,0.939917674956582,116.00946044921875,48.98683178500046,1
255.1010703740157,0.23463886806629905,0.10295383176386325,0.9712612828896363,113.4267578125,67.10480198938892,1
308.96727362204723,0.17804135401931526,0.019104675998727443,0.9441679938531073,106.52789306640625,52.77508339221239,1
108.66264763779529,0.23809437567284913,0.023853717870835803,0.9618398255553184,135.3592529296875,38.44830691356917,1
117.22687007874018,0.25762977092900047,0.03779323001642542,0.9757041745277745,153.55889892578125,49.77307707802461,1
224.11478838582684,0.17229467704782064,0.017463593886112527,0.9421456164073962,108.16497802734375,44.28466340192265,1
258.3201279527559,0.21478710774535242,0.020099841184059608,0.947237064950896,98.86279296875,49.629421121267754,1
208.10986712598427,0.2937817622364831,0.03611961984665892,0.9717702097348819,157.11834716796875,61.3541473080431,1
89.88865649606299,0.24063406549183977,0.0278142351003308,0.9825232471900549,149.256103515625,51.20729892063335,1
176.61417322834643,0.18941282249174557,0.018207830104453804,0.9701125343066689,115.0340576171875,54.47337600694799,1
304.17913385826773,0.1876225495571631,0.018916317575960975,0.9577943430517923,119.52166748046875,60.24728010468587,1
257.74095718503935,0.1934144618943602,0.02228696109878672,0.9592580190518832,122.968505859375,56.621885773513355,1
236.0987942913386,0.1910489969863551,0.02285129955892557,0.9657705928682828,131.376220703125,58.98671403453421,1
236.0987942913386,0.1910489969863551,0.02285129955892557,0.9657705928682828,131.376220703125,58.98671403453421,1
378.4111097440945,0.17393544812305373,0.08019095089725597,0.9514902993958714,108.9954833984375,62.92110367132396,1
58.613435039370074,0.24204685978957366,0.02826523111069695,0.9745585142132306,143.4940185546875,34.61463297197895,1
156.673843503937,0.19797127557583202,0.021242626803529077,0.9650872955248854,129.69049072265625,47.846280625874094,1
151.1649852362205,0.2998108553676516,0.030665153059271318,0.9731860987225419,116.07769775390625,53.34651890946828,1
134.98886564960634,0.2165225107098147,0.01991538496695044,0.9700448582280573,100.56842041015625,47.61229485523512,1
131.7165969488189,0.18688022202415608,0.018298893016161936,0.9684757127360163,124.1832275390625,46.118405714396495,1
454.4288877952757,0.2068849262435092,0.07502798162002079,0.9473598308543363,124.1500244140625,66.34255734104757,1
441.1715059055118,0.24757519781707144,0.10972015280260855,0.959862858599592,135.55694580078125,74.79920421710187,1
112.61614173228348,0.18445658175391158,0.018760185274814135,0.9726852262247746,126.11199951171875,45.99336359393161,1
305.53278789370086,0.22677230194490908,0.02307029191762077,0.9405510550658577,106.8609619140625,50.871952212651365,1
135.57960137795274,0.18124290741973376,0.019824827774825658,0.9673487662721019,128.5264892578125,45.76247115369381,1
105.96069143700787,0.23492504946705076,0.023050476956929647,0.9755887255013846,129.51727294921875,46.896506206951734,1
268.2177657480315,0.2677653304930238,0.031048180910358616,0.9494167382983398,141.8125,51.90736353975645,1
113.52565206692915,0.21696641731567193,0.02231156761240761,0.9578944133258926,112.99066162109375,36.983653459926025,1
334.8996062992126,0.11915129796756528,0.02116745180107747,0.9403864572238546,114.01470947265625,53.65226935345741,1
195.3179749015748,0.181867306581048,0.018029309720528314,0.9592669627757061,101.1793212890625,49.126029451366605,1
316.5120570866143,0.2278533477190031,0.08098103728071113,0.965349917256326,125.07904052734375,68.1500422734453,1
312.392531988189,0.2578168930613067,0.1253287088411325,0.9696875376946483,128.61505126953125,72.34197618993245,1
60.63841043307086,0.2288081426802357,0.026954007918690605,0.9728862697387046,143.86248779296875,34.119808428672684,1
109.78826279527557,0.21373850325835894,0.025234244225647656,0.9687625495385451,145.635986328125,42.159987428189844,1
148.48966535433073,0.20108634392682476,0.01808787908171576,0.9662107464393004,101.22406005859375,47.16598127640221,1
66.16289370078741,0.2384403308778814,0.028336266315456552,0.953593691008321,165.12469482421875,26.974063706121605,1
349.2460629921259,0.18718695489708653,0.021057847818260134,0.9339461590207062,109.72650146484375,51.60963840396468,1
331.9854207677166,0.24128314593555505,0.15017749874568923,0.9677111162138441,112.66485595703125,71.97984316816363,1
112.17710383858271,0.18679971744256493,0.019205035258190003,0.9793353328025235,125.48486328125,52.59934114462362,1
292.9087721456694,0.12110612211943045,0.0172059448273431,0.9677714578208345,142.20660400390625,67.76558340902879,1
246.78401820866142,0.16939762831316765,0.023691870155743523,0.9714082900048933,139.9869384765625,65.98291405041236,1
96.51211860236222,0.1866135842826527,0.018187919211750263,0.980588083076375,118.3470458984375,50.10764699783859,1
209.416092519685,0.20615807820291498,0.0936121340307516,0.9730187531843231,130.99017333984375,62.9646397822572,1
171.82609498031502,0.32352706884537896,0.21176221971052656,0.9761027796821248,86.72265625,60.20793019020074,1
191.6051919291339,0.19665278815160211,0.023507710083074163,0.9597226318758805,148.6038818359375,49.76141882312767,1
149.81711368110237,0.181742868744479,0.0186580924670918,0.9695940804705099,104.95367431640625,49.89060532732724,1
139.8959153543307,0.1975161784803279,0.0195086892685976,0.9471176121675176,94.8046875,36.55685803825195,1
347.15108267716545,0.19618390717119588,0.05277179994590319,0.9510276137077477,121.38397216796875,60.20125722546473,1
164.15778789370077,0.18014307600464002,0.019479765634535868,0.9694909240671561,133.3336181640625,52.41820639822146,1
132.81705216535434,0.23903340642236093,0.02380687265855105,0.979624850556136,118.84783935546875,57.228789772950265,1
322.26679379921256,0.24373392938151936,0.1380934622417913,0.9687590741954647,115.7265625,72.1657591212812,1
293.6783956692913,0.21841804364120362,0.12815367037282716,0.9643157270943092,111.25830078125,64.47974680843468,1
108.86847933070868,0.24178099548373325,0.027540305660652797,0.9733538886927117,150.81439208984375,45.63939638448789,1
203.47219488188975,0.20461229717813215,0.03194909667433436,0.9508936812196046,168.12786865234375,46.6996506182805,1
313.9123400590551,0.2850376571198761,0.03829675232897093,0.9434651594287264,157.00360107421875,53.12058390855818,1
344.63767224409446,0.21865754899301132,0.12344352297625955,0.9587548225319882,108.02191162109375,65.01616626530583,1
274.71407480314974,0.21611072345565124,0.01995975114884845,0.9531551342264338,108.51422119140625,54.4286220238393,1
242.93503937007873,0.24314954448460666,0.14349474231350381,0.9698371914575202,109.70391845703125,63.84293294629216,1
60.99563238188976,0.3085504973000563,0.038919638474280635,0.9753751660985014,149.18951416015625,35.88628871426915,1
305.5081200787402,0.18833599834559184,0.08449871534992973,0.9609831210923824,123.7337646484375,63.28515645802945,1
204.60937500000006,0.15772156608995602,0.046250986512777904,0.9675880014865363,131.2486572265625,56.954632273039174,1
107.04496801181105,0.22214025226887651,0.02656999679714986,0.9752502141228563,139.78839111328125,47.34595533744969,1
180.51267224409443,0.17736671155102968,0.01711498124204284,0.9638454456648275,114.70965576171875,49.93549539867987,1
97.95767716535433,0.21452276443677307,0.02121236577896588,0.9781974954179248,124.96832275390625,47.911727202071035,1
109.47194881889763,0.23954013248898268,0.030338554122541134,0.9751544147908892,142.78900146484375,47.69601029515145,1
155.21425935039377,0.19818821144451654,0.021419011412115142,0.9703272849409993,112.38006591796875,51.36758277505284,1
99.2257627952756,0.2410900273926785,0.026137932031717825,0.9784183053781594,124.32061767578125,48.45236087261585,1
124.67833415354333,0.215413760366678,0.022356933635866907,0.9554480200531349,76.06475830078125,37.51164393723899,1
229.81815944881896,0.18610837786823328,0.06440525491391869,0.956772555285665,108.6697998046875,52.15952867595913,1
136.32917076771656,0.2205184463012527,0.0199070701510028,0.9626436431405253,102.72845458984375,42.89721950561457,1
106.67993356299215,0.2347541405051358,0.02399232469827281,0.9752838292763446,142.43212890625,46.925679977664636,1
136.6764271653543,0.18087230907768864,0.018239393357193656,0.968563913267925,117.96160888671875,46.93150035774961,1
106.58113927165357,0.20299583770867613,0.020325672618125484,0.9722460544007306,120.76715087890625,43.96120523774086,1
271.1383489173229,0.1622029012889044,0.06188886292630012,0.9506573815206585,106.8079833984375,53.0640826723604,1
216.708968996063,0.1985799349856745,0.02001295528305998,0.9607003268631994,129.42010498046875,52.74552857593337,1
303.5059055118111,0.17185895703273,0.07442288230797647,0.9627337034488145,120.4439697265625,64.45569150392448,1
224.17310531496065,0.21289533056284568,0.09314544667837553,0.9640681738952297,113.9854736328125,56.35952149378217,1
192.96635088582678,0.27960287999972566,0.030947465629194322,0.9489121510465569,159.8984375,43.84387320122569,1
124.86491141732283,0.21889766569065863,0.025461798375000254,0.9676007507475326,151.1600341796875,44.28615968722713,1
250.04890501968507,0.14102286084171142,0.03855116395653984,0.9594638635020313,127.8817138671875,56.226984636911965,1
181.2541830708662,0.3084763534948145,0.0923037188449592,0.9832037550028204,106.6077880859375,73.77677101431617,1
123.14013287401573,0.22257676314355232,0.02337687459452384,0.9692238288203427,141.5740966796875,45.34917565224653,1
140.1781496062992,0.21867852386348502,0.02434360886648609,0.9756330121512695,143.435302734375,53.94962103817095,1
126.90545029527564,0.24116789481287787,0.02220041045760146,0.9687382890032776,104.8448486328125,45.25696192695602,1
124.65981791338582,0.34277056407033496,0.15674232516188102,0.9801948394882588,71.61187744140625,56.240090776834116,1
122.11909448818899,0.23426861108795957,0.02136970672417309,0.973933405180652,84.3314208984375,48.490501738184676,1
256.7607037401575,0.2046985950217962,0.05013174924380696,0.96106283419249,105.70489501953125,57.959794502509745,1
108.28918553149606,0.23987290191377286,0.022067311683315292,0.9709129302848636,117.38995361328125,43.55312398144099,1
223.26439468503943,0.2587051923606555,0.0867814978421138,0.9773748397755266,101.59698486328125,70.54582376148353,1
336.4550319881889,0.12106677932740123,0.019879582789384658,0.9357634299815143,138.65350341796875,52.043199605493456,1
135.51568651574803,0.23914535004332457,0.02976322991874041,0.9738168436366561,150.64874267578125,51.6593394099523,1
217.39050196850397,0.20867958437703135,0.02418801246434611,0.9635593765145449,109.6181640625,54.818160448784745,1
147.96081446850394,0.20890554495493444,0.020889873098383457,0.9713116099093669,130.0146484375,51.340735515903,1
161.43522391732284,0.23211018516830875,0.02720776931308725,0.9705270028925639,99.3743896484375,52.64882498993525,1
107.93374753937007,0.21850893512248004,0.022208164839226694,0.9770805169257243,114.917236328125,48.85405172451084,1
251.501845472441,0.17643588056055853,0.05468670423369026,0.9632281344736687,131.35009765625,59.07466177688166,1
110.75369094488191,0.24134828874393385,0.021388115307955268,0.9704283645320172,88.19427490234375,43.4935147928937,1
274.380905511811,0.2129446323570949,0.02026451431787504,0.945835170336095,98.0296630859375,50.44345921061107,1
211.68503937007875,0.27532066299026464,0.07136033588843807,0.9790858110514133,113.8651123046875,71.57758604384713,1
222.43565452755914,0.18930869022918786,0.017858012117858157,0.9458211432030077,85.94891357421875,45.4221519711343,1
84.83661417322834,0.2496728788867095,0.023555029771790754,0.9795972203884175,114.5443115234375,45.96436012524558,1
107.82320374015747,0.2321551218038913,0.02367996764304135,0.96159975039019,77.886962890625,37.51098525237762,1
126.76937746062994,0.22464286388858665,0.02124400735305084,0.9739314435689376,117.60687255859375,49.6874612237896,1
138.01783956692915,0.2227095387649727,0.021855109052973512,0.9768229919614605,105.71417236328125,54.77073491071435,1
82.55985482283464,0.24593578139859457,0.02336311096525023,0.9813638020817987,108.5445556640625,47.23430229844541,1
99.70687746062993,0.2379317729855516,0.023011946986705396,0.9689022791684138,80.1793212890625,40.093015595479365,1
155.60863681102362,0.20387677484763872,0.01981700009957403,0.9597067619762091,95.6318359375,44.303242511355286,1
177.40065206692915,0.16056165762058824,0.018657788238394715,0.9640907334307016,124.76055908203125,50.19306334532899,1
46.47367125984251,0.23878256232603826,0.025629449552084363,0.9718336269882928,122.84918212890625,28.959750246520645,1
137.58230807086613,0.1695091638508852,0.016969540288713853,0.9672726059587375,113.63018798828125,46.12320848182637,1
284.6019931102362,0.15258286590120818,0.044820882281879526,0.9503314219534347,117.574951171875,54.2492157966214,1
144.62444635826776,0.24883883558035,0.02378612017346844,0.9754294761517074,122.4908447265625,54.58105412059521,1
208.08470718503938,0.2038251387474916,0.024277959772067547,0.9673015853701065,116.30511474609375,56.65171428696463,1
241.95933809055123,0.1754782848028238,0.018238407832360515,0.936789094084833,121.73175048828125,44.10443763006514,1
60.31600639763781,0.2259122804869801,0.024740575434394372,0.9752836133294376,145.92291259765625,35.679667518512815,1
138.2687623031496,0.16895764859106174,0.019107547892044465,0.9585740694529353,141.56085205078125,41.24430101679326,1
148.8790600393701,0.17799645800080358,0.01891231617608946,0.9663362347270195,123.58160400390625,47.482779114814186,1
194.03918553149612,0.19930908965309038,0.01978513246093347,0.9650821388687204,112.21490478515625,52.958944474187135,1
202.65335875984252,0.3628567655239896,0.27526739717518345,0.9697609046802157,66.03375244140625,57.967010763424035,1
166.92556594488192,0.23183507910214396,0.06619963426849997,0.9785882582754454,112.05096435546875,62.979360169976545,1
67.52325295275593,0.20020453958850426,0.021300133111671744,0.9701186352954428,122.7225341796875,33.91565487398199,1
136.6669537401575,0.20594301009061847,0.019596266135293777,0.9557974159412851,84.07916259765625,39.46258111160702,1
75.6173720472441,0.20712443214749499,0.02261910716822974,0.9698803316188382,152.603271484375,35.9155225467374,1
183.57228100393704,0.21826338531828693,0.019653005893382924,0.948991316414284,91.89300537109375,42.58732228532972,1
178.24950787401573,0.20311352360799148,0.020864451431592733,0.9634826295161468,114.7591552734375,49.463990726419475,1
345.4504798228346,0.1666713366608632,0.02029833265122081,0.9480963089377844,129.43170166015625,57.932657846005995,1
119.51550196850393,0.19633622989357088,0.019699932081766437,0.9746586036595231,120.12701416015625,49.15109355623956,1
122.43208661417324,0.1874529471009768,0.01926484272242815,0.9703912617885254,122.51531982421875,46.02576697094708,1
105.97687007874015,0.2072125053920171,0.019952023823727835,0.9600018855932451,87.702392578125,36.739821801341385,1
198.88631889763784,0.18248341589175765,0.05773706027794109,0.9583469167568767,116.917724609375,49.4466333446421,1
179.21518208661422,0.18811943365682535,0.02132104234491582,0.9695599616847909,123.96234130859375,54.42676783459236,1
123.6109128937008,0.21193925623403478,0.020575431487005306,0.9718883957042946,129.06243896484375,47.33785875380508,1
183.26759350393704,0.23590768264283715,0.023496479294304335,0.9653846524247137,114.0489501953125,51.709040547917645,1
240.26218011811025,0.161673564167608,0.016553109400452883,0.9492561891485962,90.9515380859375,49.11750842484542,1
124.47963828740156,0.2315626132075206,0.022943477339228243,0.9778863529923331,117.0234375,53.337620817145506,1
172.4773622047244,0.2285758050104264,0.023716455071351197,0.9726114281243693,103.1429443359375,56.135504798194106,1
115.7361589566929,0.20196830207185246,0.02405419139187266,0.9823713613489857,144.67828369140625,57.74806863216891,1
116.47527066929136,0.19713657570904963,0.021757277416679835,0.9807897918416795,114.16424560546875,55.290563830314234,1
83.35802165354332,0.19011155135002122,0.022055990846271408,0.9718123082387612,131.923095703125,39.04819667864474,1
164.30167322834643,0.19144781235630295,0.019253200745072793,0.9683464059724592,122.6700439453125,51.266669269862,1
198.6676304133859,0.20790046619811092,0.023583568562018185,0.9541144719969196,144.08221435546875,47.01506434609787,1
179.8841043307087,0.1956022732937088,0.026910837218713596,0.970495478575599,163.05157470703125,56.365966300101036,1
235.95693897637798,0.13648713827925815,0.018642063000755032,0.9614864308829452,144.1478271484375,55.74193180709931,1
144.91104822834643,0.20701387128122337,0.023420177157391756,0.9702669085649579,148.32586669921875,49.65398658363945,1
324.17021407480314,0.22997549218286684,0.02730526692773846,0.9526558123764652,165.47930908203125,59.308454169270114,1
170.12358513779532,0.2014952537190569,0.02000085006176004,0.9632245217188715,99.72430419921875,48.27839398034617,1
156.07043553149606,0.2033763610464943,0.019533792808309577,0.9696911126218426,99.439208984375,50.794598877789596,1
153.5092888779528,0.3166057664451701,0.09730453609641865,0.9807750019630163,138.2808837890625,63.75108635563479,1
82.40440452755907,0.17511785793934204,0.0194493884392025,0.9743617101386937,120.83428955078125,40.45735775349987,1
203.75252214566933,0.2076636245705169,0.019704829803280723,0.9562543843754642,110.4532470703125,48.494512935657895,1
365.3049335629922,0.14522860775275173,0.04534107084504523,0.9485737434897775,135.39984130859375,60.28443811614008,1
194.89874507874018,0.2026003687280466,0.019363101635263263,0.9637195788553724,130.59564208984375,52.12504222919477,1
245.76630167322836,0.14045679194641136,0.01644186027142803,0.9416794977060834,141.606201171875,46.39122442588649,1
126.81342273622049,0.23344280594227498,0.024251603563509874,0.9756081913319873,95.281494140625,51.088464790807784,1
183.04625984251973,0.18811006808137926,0.01855533597886297,0.9575067599591643,113.60321044921875,46.81133532790212,1
231.5832308070867,0.20846144899579686,0.02072957490964198,0.9582932788070588,101.5145263671875,52.77015599920062,1
163.70275590551185,0.22918909043260785,0.021576906214964126,0.9723312644197913,113.94403076171875,54.49963808619648,1
147.85113188976382,0.2180566338378905,0.021142587630037263,0.9719596946214986,116.83013916015625,51.69193288248292,1
139.47994586614175,0.2356880786927191,0.020428739932586072,0.9645090668411663,95.900634765625,44.54509395101648,1
69.894500492126,0.24539018978999244,0.023331099417055447,0.9702159991045144,119.25872802734375,34.69280668505754,1
184.80142716535434,0.23982477611308753,0.14116420020530787,0.9775266167852447,109.67010498046875,64.60762822486595,1
115.2950910433071,0.2320633096422087,0.022197640379107063,0.9711878261941004,107.80340576171875,44.88378668571139,1
323.7989050196851,0.13632005291681296,0.03608539681906064,0.9492473397887657,129.40740966796875,57.397111763129374,1
229.87032480314957,0.16511876819359023,0.030102736170439827,0.9479383482909993,123.343505859375,47.580947646299435,1
264.7162893700788,0.167278567021742,0.05832534800750311,0.9606700935710712,114.07330322265625,58.24902707724947,1
230.93405511811028,0.19934519565027867,0.021110166648020057,0.9488270422510824,137.5816650390625,48.0163970483927,1
137.51488681102362,0.22623268993946974,0.021105729521578073,0.9570308928739408,92.755126953125,40.166711588180846,1
177.69482037401576,0.2064931187316768,0.019434011656694963,0.9600010151927363,115.93609619140625,47.26211640690965,1
153.6302288385827,0.2165535607058123,0.020446330008386665,0.9717935996982145,113.34820556640625,52.36359377077317,1
250.04595226377953,0.1875476166081022,0.01932872378397226,0.9531342818443663,110.8572998046875,51.73082985752314,1
202.46050688976382,0.2011723252778796,0.03694101340602939,0.9765858564571064,142.56927490234375,66.32268886595129,1
167.68030265748024,0.21382859609225066,0.02091037820031049,0.9616520669247016,96.48541259765625,46.8491494563756,1
90.17642716535433,0.1773709328228855,0.01833576942665039,0.9789392152425034,119.02655029296875,46.80717322689012,1
228.1125123031496,0.159116955329634,0.03047411554390513,0.9627879843175035,135.3345947265625,56.4368747757607,1
163.41067913385825,0.21685155088369915,0.02490787754610181,0.9747687387993649,133.36871337890625,57.2159315010606,1
180.16486220472441,0.19131425194489582,0.02422599971067691,0.9572770183669171,149.1826171875,47.021218309134966,1
162.19125246062993,0.17200287119339897,0.0174016189044572,0.9627544684161122,110.82806396484375,47.13367212368559,1
130.6410556102362,0.21198952467158266,0.022786167129253274,0.9565715041918541,144.43927001953125,39.61993939927577,1
180.96770423228347,0.2132233278475949,0.020112027940365797,0.9686852363326036,133.5419921875,54.20205474527062,1
200.50012303149612,0.15673044516434267,0.03286193484663229,0.9577644938668435,128.22198486328125,49.53158248671692,1
206.8055487204725,0.21922257405167062,0.022028436351717584,0.9687047365505375,130.96539306640625,57.885662836561835,1
315.98160679133855,0.14208840054872712,0.03448590062523509,0.9459232132112538,127.62152099609375,54.429146471143525,1
193.19451279527559,0.1686661414515218,0.01891606751326687,0.9598190787825408,115.79119873046875,49.427798048273765,1
88.21592027559056,0.21151875903849737,0.02234110200016348,0.977688274314288,127.38800048828125,45.02667698908823,1
104.50498277559053,0.23958872823634025,0.02299553780109073,0.9750503757978924,107.091796875,45.99166525091791,1
218.4381766732284,0.19227482349624178,0.01974023005625005,0.9536092225860606,131.35125732421875,48.88916154760009,1
193.0240526574803,0.23924136695860299,0.10431706077571154,0.9409542782284853,73.25872802734375,40.69332164504497,1
298.970595472441,0.3067094057930402,0.09812774165308959,0.9738584292473131,99.73944091796875,75.84164019057606,1
125.82800196850395,0.23041263397328293,0.028401761575397862,0.9750930778204427,135.4219970703125,50.76323617529001,1
325.27965059055117,0.13016796766809197,0.03596528085994723,0.9453560107236046,119.69049072265625,55.030889252113056,1
189.00479822834646,0.15820547216109715,0.017045024748101528,0.9619435396422884,132.595947265625,50.253905594696384,1
350.07308070866145,0.16640587306720403,0.07872514957168075,0.9524672641211345,114.61199951171875,61.076142603861186,1
181.8531003937008,0.15204440725547697,0.017995590706881538,0.9605902658488698,137.61859130859375,48.380407114314764,1
270.62955216535437,0.26061974841023045,0.07691680292138353,0.9756750842856913,132.981201171875,75.22360150096468,1
257.4190452755906,0.17964104523317379,0.02154263578780318,0.9541134680772209,137.95611572265625,53.48292080489384,1
194.81329970472441,0.22773981126959278,0.11195017733061564,0.9584088650833195,87.8675537109375,48.71503440541881,1
146.59356545275594,0.20345291524625192,0.019632825915166623,0.9551059231043421,92.1192626953125,40.579232753980136,1
396.52479084645677,0.14207020583865396,0.04950204389351181,0.9440317179919362,129.842041015625,60.13452692302593,1
229.57105068897644,0.15243997483681032,0.016621095223476188,0.9576510539881462,133.07806396484375,52.58169167194794,1
114.74446358267718,0.2021251050368314,0.01880657251539162,0.9746196112237739,114.8277587890625,47.98836372175881,1
148.23794291338584,0.18193644258562197,0.021077291839273374,0.9712484188643834,144.59661865234375,51.39521933127104,1
122.34614911417324,0.18893489432413438,0.020023635841716462,0.9746286382532552,127.67828369140625,49.68955211056763,1
184.74680118110234,0.1714729833835879,0.020012246194701364,0.9675423777276452,132.351806640625,53.85415178707023,1
215.8270177165354,0.18687871510093784,0.0798929249995122,0.9712620958813308,115.738037109375,61.89694097612375,1
352.9311638779527,0.1370570653258356,0.020378803458396377,0.9186957896772956,157.34130859375,47.13751193986942,1
446.1491756889765,0.183924166562046,0.034706414175902374,0.9506134313180902,140.7899169921875,67.6080862476326,1
237.7869094488189,0.2764369857168814,0.15870615327607343,0.9718864668250343,98.7913818359375,65.35917933380273,1
276.82812500000006,0.19966132426801161,0.025308441501013135,0.959568224678069,136.489013671875,58.9745294051458,1
114.72662401574803,0.1971465736711434,0.025983177168291106,0.9700630904683694,103.06195068359375,43.93262394600135,1
307.0960875984253,0.14199476841726766,0.029428101291121552,0.9479440198863154,119.23248291015625,54.8230471255482,1
192.60193159448818,0.22625012691712007,0.06787449551297142,0.9720637426990258,115.1470947265625,59.349825821610295,1
254.19106791338584,0.170664395321522,0.020418919936767324,0.9390943015669156,102.2237548828125,46.12329939660627,1
107.9232283464567,0.1590504176905016,0.01872176990282951,0.9612182975984244,154.3887939453125,37.9036296807974,1
207.05825541338584,0.22624228784809297,0.02221889720756872,0.970325461737523,116.76953125,59.42022319206093,1
132.32098917322838,0.2482399937824648,0.08336294060046472,0.9819946226311592,119.11663818359375,61.119615740357624,1
200.3717396653543,0.2505346066470667,0.025893672933669454,0.9671082551094514,121.1090087890625,55.362389946601226,1
223.6295521653543,0.38548173705081307,0.2909577082700179,0.974993558935751,78.46844482421875,66.96616964065657,1
93.1775344488189,0.24688353349585612,0.03301229879918326,0.9685006045501358,149.9383544921875,39.186002994573734,1
178.96616633858264,0.20343344848050535,0.019271127447668148,0.9587391841270972,120.91912841796875,46.768458247391486,1
219.14406988188978,0.18768197699807587,0.04218000316728359,0.9718324019578422,125.4532470703125,63.10537103310673,1
178.84012057086616,0.24147102993777875,0.0232304837699466,0.9684368356605427,108.8072509765625,53.37595556962155,1
373.4385457677166,0.15654466722072116,0.05469663318418742,0.9450051144929811,137.8739013671875,59.049798919684015,1
175.41941437007875,0.18479392340924575,0.019905311716542216,0.968863567047071,107.22821044921875,53.345485541943575,1
254.09153543307087,0.22835908851508616,0.08166115341296859,0.965434695896527,114.64068603515625,61.220622199055704,1
355.77331446850394,0.23587143146220588,0.06649751352693116,0.9591778661634702,136.677490234375,66.79999255261338,1
301.2502460629921,0.21284144859573292,0.10099590428854138,0.9373696917010672,82.36639404296875,49.2322870375554,1
91.68946850393701,0.23633573272814737,0.022098628133225957,0.9726212677430675,140.66656494140625,41.44835230095455,1
564.847748523622,0.13868959775397813,0.018126698409813298,0.9352870035871407,136.52606201171875,66.10863033932753,1
157.84399606299215,0.21607242632785092,0.022608774003951688,0.9666015217500697,127.4844970703125,48.9142141467761,1
179.63348917322836,0.22104236436819885,0.02324241294742734,0.9679143131223895,130.12506103515625,53.445352327597945,1
274.02774360236225,0.23829034344556696,0.11099715157747718,0.969747707776752,118.10986328125,67.8130023410315,1
210.54749015748035,0.21616494941296835,0.1056567669618459,0.9596618553099494,94.05584716796875,51.536815276535435,1
488.83193897637796,0.21676200931436226,0.05326984962403254,0.945201240561476,143.75567626953125,67.13103048996938,1
114.61392716535433,0.31154288535666874,0.03561910550659283,0.980172112254089,146.49383544921875,54.08545923328077,1
248.09104330708666,0.20447870355986858,0.06237120492793557,0.9510715879802677,99.635498046875,50.923722730802666,1
225.80874753937016,0.22827299889309388,0.022709061426137076,0.9725245695930037,154.39898681640625,64.7362648427438,1
201.1727977362205,0.2599991576928448,0.037525715583190886,0.9631322148867831,162.17462158203125,52.848066915798185,1
89.2882627952756,0.20258946790147903,0.02640674099216433,0.9796065438789111,114.41912841796875,47.02597097472145,1
232.39972933070862,0.18768296881546412,0.06499548531946017,0.9576147094481905,111.55499267578125,52.95134672826424,1
126.00381397637796,0.20448223020994005,0.023660583301472842,0.9771162073903517,142.311279296875,53.16690240600196,1
167.59750246062995,0.19103656093414517,0.01830266670329161,0.9607077110628357,85.13970947265625,46.21794524013677,1
167.9883735236221,0.14940131975120807,0.022072369876764034,0.9649732605414958,146.30010986328125,49.72849709009405,1
230.45903051181105,0.31512113704181693,0.09576783033633818,0.9781151978314176,98.6865234375,72.80677116024786,1
189.45466289370086,0.29314999737228964,0.17566662272635425,0.978949322443207,96.22705078125,67.27369442519571,1
557.6528666338584,0.1814960262510857,0.02891802906366001,0.9466234425768959,149.4415283203125,72.69108119407936,1
67.64185531496065,0.21681225549088487,0.027849178559986167,0.9617138021998269,134.29949951171875,30.22640535697553,1
413.4812376968504,0.26713283912091995,0.17327017473676778,0.9633392918974636,111.5570068359375,75.44995348367954,1
315.75701279527567,0.20409803924985898,0.048236094150851797,0.9526838695024494,124.81573486328125,58.21695656936417,1
292.9006520669292,0.21313129345705537,0.02549606987180087,0.965794505813546,111.3846435546875,65.60609194512656,1
118.91978346456696,0.22181353545570506,0.024743749040840136,0.9783940871176369,84.38995361328125,52.62656780387837,1
242.69525098425197,0.2197370084540382,0.09297179887285877,0.9553483417625566,83.956298828125,52.461129298537685,1
192.76691683070868,0.20451368489225608,0.02021529534657222,0.9644019629002086,117.7669677734375,52.22985409583305,1
354.76138041338584,0.1687734297281237,0.02112324850127309,0.939415733295789,146.9005126953125,55.30154256518263,1
320.3884719488189,0.243365953893694,0.09196386245537867,0.9634955924319679,137.82269287109375,67.04401007755797,1
199.2992125984252,0.2994467504069592,0.09513355241769231,0.9793561244578638,94.56439208984375,69.71211994434918,1
172.80394931102362,0.33649478568905955,0.046517906043952346,0.977887181498661,136.79937744140625,62.73631571642548,1
217.36115895669292,0.1960733984554689,0.03818168555057521,0.961833383232669,113.44683837890625,54.06830357229449,1
221.83526082677173,0.17649977868375777,0.061421757057973356,0.9607844334831299,113.490966796875,53.704597161619844,1
213.52645177165354,0.25891397139506156,0.0321464666223576,0.9568008296412117,146.095703125,50.3343774843017,1
95.93799212598424,0.24055174136539945,0.03174048671414141,0.9811947887860442,146.11138916015625,51.311053403157864,1
124.21173720472441,0.2636404801669399,0.03917691158327531,0.9473487689898592,179.0501708984375,35.010242606602105,1
278.2041707677165,0.24819895248431698,0.1489575163559377,0.9602008658401514,98.09881591796875,59.52727031944172,1
189.28561761811028,0.2069549812218818,0.02757563054991367,0.9476651555379315,150.9365234375,43.24010198814017,1
230.4386072834646,0.12894077584449531,0.019943581975082367,0.9557053013596131,131.87774658203125,51.74906714229628,1
214.2322219488189,0.2532819047340436,0.11236009249862482,0.9751408308372105,110.07958984375,66.0143464256934,1
269.74046505905517,0.12838121235025185,0.018614842216348362,0.9518978387124282,120.5245361328125,53.46440074480985,1
203.11355807086613,0.20401249504603775,0.08088014428125853,0.9690440976066677,118.61590576171875,57.71393830981733,1
56.08077017716536,0.24408820791659386,0.023726066587526736,0.9791557086111919,115.8958740234375,37.1216117662576,1
85.23997293307086,0.23047474193335596,0.025681517099764274,0.9736202349222336,165.05657958984375,40.74531204365932,1
153.9224286417323,0.22089462534924975,0.024036525819633274,0.9733085810475525,144.8134765625,54.30664367181872,1
256.48160679133855,0.29953318366896137,0.18258847091020283,0.9698837614511996,94.7410888671875,65.54310072704777,1
73.68670029527559,0.1976297533472551,0.023591189116039073,0.9664691732926787,139.67962646484375,33.34071433517889,1
79.25565944881889,0.21145609742259328,0.031239251059557785,0.9553103632099472,157.41082763671875,30.805867098714966,1
129.43608513779526,0.28099172568205416,0.029938299557532147,0.9787514606555254,125.5130615234375,55.51506715261277,1
230.82898622047247,0.3118172815571576,0.1777706934988047,0.9788857643013933,111.51025390625,74.29090829309908,1
148.52294537401576,0.2205747364920016,0.02091123779834545,0.9702061878914966,120.83642578125,50.047882115201915,1
271.3802288385827,0.17904747563788895,0.01914069197227443,0.9607598123382829,97.7626953125,58.93374035232261,1
143.3524237204725,0.25348443878493043,0.027552051319329005,0.9639872606574125,130.909912109375,44.98553168441799,1
215.02374507874018,0.1903489340954448,0.021268486074750213,0.9680001099803094,133.74237060546875,58.38859268310071,1
181.99704724409455,0.22337478429992993,0.020887155681156993,0.9586801866756673,114.4619140625,47.26291071388711,1
306.4486958661417,0.19553230401560323,0.0913766483861286,0.9574843552776714,112.34210205078125,60.62319862719485,1
469.8584522637796,0.14944413365037273,0.03114434853709846,0.9520145337779837,127.04705810546875,70.01587985955305,1
258.68756151574803,0.21877070275745106,0.06289579881005108,0.962291002029948,133.52423095703125,59.32560362012317,1
172.5932578740158,0.23508152200392923,0.025585079243490436,0.9727531440619317,143.35076904296875,56.8920106399195,1
313.527312992126,0.139782555332756,0.015880180440571365,0.9226632317274955,117.79302978515625,45.414084113727995,1
196.76747047244095,0.18978181461449173,0.018174025868103495,0.9616706703656361,111.54254150390625,51.00471046898642,1
212.35679133858264,0.21975597778791287,0.03861476833123417,0.9751354206881392,135.45330810546875,66.14315265474706,1
134.63724163385828,0.23380297576154938,0.020632734034153475,0.9679762997284053,107.77777099609375,46.204116984112375,1
173.7279158464567,0.3140043160503504,0.19596848828710986,0.9784428186752466,93.06146240234375,63.72209728832155,1
129.72557824803152,0.2221275481175233,0.02252400605234496,0.9739476868944322,126.53057861328125,50.42325050908097,1
87.40557332677164,0.1837706194453187,0.0191235334781153,0.9712421604832887,117.3099365234375,39.406762782843685,1
94.07535679133858,0.23638995293168547,0.023138876938845438,0.978215958830673,118.05780029296875,46.826265201694376,1
158.38785679133863,0.2654241014954638,0.030792948751266164,0.9708141633067405,133.5257568359375,52.35144482306066,1
284.0406619094488,0.24164324597309278,0.12976632224144072,0.9643806965592139,98.92401123046875,63.500581702735694,1
229.74501722440942,0.21151463556793115,0.017759203322604458,0.9586270290445161,114.19500732421875,53.091450775839085,1
397.3168676181102,0.21281704567198625,0.0684636974476845,0.9555034426124726,126.31182861328125,67.439425885715,1
91.38256643700788,0.3059483944922123,0.03696093235170046,0.9764126204131374,161.58367919921875,44.54174716999414,1
203.2293307086615,0.2754175983160047,0.1298968638782859,0.9786571018693204,118.81298828125,69.52212238021696,1
319.2684547244095,0.17078211159947318,0.06632876875193636,0.9494548211907652,108.922607421875,56.80662735769515,1
269.30788631889766,0.1757876292375922,0.025011050411904896,0.948630716422717,132.27569580078125,52.0271134816798,1
95.2746062992126,0.2545276190168704,0.02273271167363751,0.9697196606380221,94.0394287109375,39.83376140807966,1
326.60353100393695,0.1811045195400107,0.036735127015559234,0.9485770538083907,137.38116455078125,57.35643093959209,1
99.07572588582678,0.24235430200421412,0.02283083873359783,0.9714471500213456,111.82318115234375,42.020536764747035,1
229.5303272637795,0.20688604285824716,0.10178787598779084,0.967057888587609,113.511474609375,59.56120362877449,1
165.43399360236222,0.2681904652591504,0.12112343001583897,0.9821698120962885,121.347900390625,68.6012982427566,1
125.37149360236221,0.2664045541291299,0.030611456373873393,0.9737524178192518,147.507568359375,49.16007232780098,1
136.01384104330714,0.24775646140414462,0.023648305001038848,0.9643644498529483,133.15338134765625,44.130276409054304,1
254.76783956692913,0.2534332512687131,0.097420534584191,0.9736541993218083,105.39434814453125,69.89109531888118,1
325.7784202755905,0.22437842827093088,0.029693250770300817,0.9581831665993116,162.29345703125,63.63648415329594,1
64.93903789370079,0.2478861906183504,0.023897621136866023,0.9798063520993106,108.6324462890625,40.49781517751777,1
324.5374015748033,0.25156324377653505,0.12245684262950073,0.9670126117632739,129.01910400390625,70.7799836998891,1
129.4769315944882,0.18598945866757186,0.019992239548202742,0.9734162153065313,113.6182861328125,49.695792572474474,1
154.1746432086614,0.17702759882931135,0.02754312232771868,0.9432525165326191,169.36663818359375,38.123159378941494,1
225.16449311023626,0.19141658526020572,0.023026618977698685,0.9657341033041227,129.5162353515625,57.78531755463426,1
136.15378937007878,0.18645487989030327,0.022828269480506376,0.961969361513681,139.20135498046875,43.13404480126961,1
343.2914000984252,0.20834503512923236,0.061956360641653184,0.9483897445301059,105.20147705078125,58.18211340757765,1
110.19549704724409,0.24050279949746411,0.02247165307847401,0.9738888961389558,114.57574462890625,46.25214706858825,1
142.46395177165357,0.17814397370323243,0.018530030082248378,0.9615257293830578,127.72296142578125,43.369464987255014,1
101.66572342519687,0.2641889719452337,0.02671735238298311,0.9791045850276328,110.932373046875,49.61892813366965,1
57.44924950787401,0.18832250564250247,0.020927427834728108,0.977559340880572,70.438232421875,35.95138784917653,1
101.07049704724412,0.27322857462611305,0.032431578428991234,0.9655484588705466,157.887451171875,39.17186912579182,1
179.52743602362207,0.22832436371793471,0.027427401786945662,0.9719101720179595,92.34869384765625,56.61120297906878,1
202.2766363188977,0.24053094492771368,0.022936177794993115,0.9515428720577791,92.0465087890625,45.74948674168763,1
221.51027312992125,0.23115873261361358,0.0677163638727641,0.9758894212824333,145.72967529296875,68.70899333336794,1
103.32984744094487,0.250195969716656,0.02770077425865693,0.9753372036964914,144.55615234375,46.2127782150326,1
261.0601008858268,0.15864020259563363,0.020081806287406488,0.9608525071196334,120.135498046875,58.153880800797424,1
137.38078248031502,0.23499246859733902,0.04170876592544499,0.9762875039475738,130.355224609375,54.6097251602538,1
130.00190698818898,0.2729341025800891,0.028622610568802012,0.9692933796806007,151.89727783203125,46.41635524879123,1
162.11448080708664,0.21741769915254455,0.04779821124319334,0.9772669266474201,148.99200439453125,60.28702098668667,1
213.3743848425197,0.2373670551844118,0.02157848458951562,0.9616414089834381,113.755126953125,52.94597222349321,1
166.7126599409449,0.23771930074215084,0.09159455260663744,0.9725034658906797,103.70086669921875,55.499647505838,1
303.12684547244095,0.21403065114866662,0.05356886211019544,0.9563737891127189,125.742431640625,59.56588921155871,1
116.56883612204723,0.2413335564661384,0.02373216648434835,0.9705844338760357,124.40277099609375,44.89265837542913,1
138.44291338582676,0.21657128674365955,0.02230902336960002,0.9686553094578236,135.4324951171875,47.69027815593862,1
86.7488312007874,0.2194060919108417,0.027293103105576724,0.9702269121314573,156.11810302734375,38.65752138187052,1
113.43645423228347,0.20609308453385825,0.028258000593061716,0.9657429275554862,167.01611328125,41.40727721757499,1
89.34719488188979,0.16773130599956543,0.024284972875157983,0.9758018572815684,145.38031005859375,44.047141943381824,1
296.94666584645677,0.12451160378752232,0.022055047180883417,0.9482025324590361,120.9080810546875,54.362561195151166,1
143.7163508858268,0.1849830927326985,0.027147757579211004,0.9719854828641621,134.101318359375,51.380743702843006,1
351.683562992126,0.22270128699137698,0.038891455648431654,0.9582182186735732,138.5767822265625,65.69479984412767,1
74.54189222440947,0.26145273386199097,0.02418703463913393,0.9800677484054157,127.207763671875,43.80748370086967,1
327.5679749015748,0.18909200494510467,0.03481158190498711,0.9482712026465612,147.1336669921875,57.4704393217114,1
251.14197834645665,0.2707316146958348,0.057860196594045316,0.969115576175888,95.776123046875,63.92822762530637,1
121.26002706692914,0.21444314241448756,0.018944453524637198,0.9762442927242722,102.14886474609375,50.649453921528995,1
328.51900836614175,0.35441089722156593,0.21832135708019082,0.9773771857461253,130.31298828125,85.65484161360305,1
107.48148375984255,0.2251022142609315,0.021036542072245642,0.9650466321775,101.45050048828125,39.60959061816929,1
94.66320127952758,0.25697766395736804,0.028693453411864703,0.9744408941387269,137.78485107421875,43.552100259504755,1
181.81120816929132,0.214522137573475,0.020351302439112085,0.9621137884906895,103.52764892578125,49.12220036342749,1
82.96628937007875,0.21030309776714248,0.02737713426310858,0.9590746768392705,153.03387451171875,32.68804541367799,1
186.79250738188975,0.21671816032785024,0.026448445302206313,0.9514997045149243,158.97088623046875,44.27545165973555,1
142.072219488189,0.17975519796424075,0.022848566986844232,0.9771241234562422,127.4632568359375,56.25956943373796,1
311.3884104330709,0.16702183991001268,0.07055440640023238,0.9579211567161909,122.491943359375,61.40396034640888,1
195.7905388779527,0.29810039288849377,0.18056229115386183,0.9814994577617456,121.93231201171875,73.22892418825936,1
296.4285187007873,0.20639339323252845,0.10252004984553319,0.965076519308522,121.341552734375,65.74254478090047,1
90.92039862204724,0.24301348846779655,0.035038470442575374,0.9504219137817095,159.0791015625,31.888957464570474,1
142.2403420275591,0.18490355383114046,0.019847243645066424,0.9671911312213461,143.6402587890625,46.80049396828217,1
172.76439468503943,0.22375707917784615,0.021805358704513274,0.9605622169226329,101.551513671875,46.912534791464424,1
220.66879921259843,0.18703834376132483,0.026444832339180702,0.9558153462222746,158.4312744140625,50.2428760637089,1
332.0801550196851,0.2447872704351167,0.10394647983361407,0.9680909309264474,136.67010498046875,72.83880958980372,1
202.5119340551181,0.22911811445566868,0.11029529168861632,0.9743338076281739,106.31756591796875,63.26352698602856,1
188.38182824803155,0.19575673300961371,0.021947548202046408,0.9673153967743039,139.949951171875,53.83088536098599,1
271.43479330708664,0.25547504233429097,0.10934126147000064,0.9732964750504628,132.48602294921875,71.96621284304307,1
82.22902312992125,0.21642303673887286,0.020510359640439606,0.9750792068610581,106.37091064453125,40.82250440886426,1
118.85420767716538,0.2382728102537187,0.0276032684240372,0.9758588864920329,147.99658203125,50.147806318440935,1
227.9154158464567,0.2530733326062808,0.10080599350547734,0.9763942189990297,123.703369140625,70.06344971323638,1
150.3442421259843,0.20244766565422942,0.01967027966902793,0.9706525943533436,126.8399658203125,50.980692714853646,1
201.98911171259846,0.18761052190852853,0.020160842074513685,0.9595428993594168,100.15484619140625,50.041506304501,1
202.6363188976378,0.20202121814505716,0.0209323095211582,0.9614485481655634,104.690185546875,51.36358256233153,1
124.39616141732283,0.22839104278735747,0.032238742070590694,0.9703009700574385,140.88336181640625,46.55802995035708,1
117.1235851377953,0.20991610628546672,0.022628139590154035,0.9735247881456044,145.3614501953125,47.53038289444181,1
312.7080462598425,0.23321100311749654,0.08885719302419476,0.9667203895074566,141.2232666015625,69.32841785402155,1
272.0066437007874,0.22349545169275817,0.0726351737238452,0.9694579762572345,123.6488037109375,67.35460379497074,1
181.5026451771654,0.2086427722227223,0.02364894506992238,0.9652131088071492,144.32513427734375,51.3674916873744,1
108.3703248031496,0.21035287459171711,0.024740384240282496,0.9614082425358903,154.96942138671875,37.53452648852708,1
172.0405388779528,0.15853740525625298,0.018979078806014987,0.9643802426615575,135.56256103515625,49.745136502457505,1
238.34467273622045,0.2057139628620693,0.07051203541749804,0.9601226601506219,111.018310546875,55.32047551678818,1
120.0498277559055,0.18285280334923565,0.02041451793429029,0.9487518988544552,128.68426513671875,34.90341523393094,1
69.12592273622049,0.2027947961903841,0.020395184221933624,0.978624765023418,123.69622802734375,40.57486775084775,1
176.80616387795277,0.2357822827226152,0.024015105132901234,0.9646575165701469,103.46441650390625,50.0980503790672,1
376.11927903543307,0.14552534045335735,0.01950456687599908,0.9455873648410329,156.281494140625,59.19867411444422,1
226.3423966535433,0.2465610375384788,0.09352111532136853,0.9748558559559841,125.90545654296875,67.74394330854798,1
168.8473794291339,0.1977689469137599,0.07392118641002478,0.9711691078844812,105.18560791015625,54.6485388928346,1
267.2315452755905,0.16722411080250482,0.05500130565295187,0.9604246518955095,131.2703857421875,58.9870819904302,1
310.92759596456693,0.14123876620665346,0.041102210956136045,0.9492778876686672,123.59674072265625,56.07468266306846,1
406.036909448819,0.24713722219894377,0.1314099058127676,0.9544879207998974,100.7191162109375,67.11243143360144,1
306.4734867125984,0.24216909561043815,0.08578739951039785,0.9607133491035752,111.4818115234375,62.84105994242246,1
405.6251845472442,0.1690301577644423,0.027884790705359423,0.9399032636932467,139.14166259765625,58.41622492544735,1
162.427718996063,0.25108471554713646,0.023872192439992817,0.9601855897593576,125.69854736328125,45.51804279150779,1
223.76476377952753,0.2834676845404006,0.1572746977029541,0.9756444278801623,106.79974365234375,68.11658758576223,1
107.52011564960631,0.22363243753526815,0.02472121909310344,0.9743084491747769,148.85369873046875,46.22999350585953,1
365.005782480315,0.22181449824930047,0.08588174565186571,0.9592735211023844,135.524658203125,67.74309165640679,1
178.4144931102362,0.20146921156811348,0.02406445428331447,0.9706059710552578,137.091796875,55.79436007610886,1
287.1362573818897,0.2609102232135696,0.11335029011792923,0.9737815745607225,135.585693359375,74.66386168427867,1
132.27835875984255,0.18846864272081523,0.02017538356954192,0.9600930423888346,128.71356201171875,41.12703822430067,1
209.22311761811028,0.19038628907524277,0.02195633984026595,0.9623321853338433,144.21923828125,53.07133117219253,1
174.27263779527559,0.16622494324099155,0.02116325019815982,0.9656775788913085,133.375,50.74450714001282,1
186.33889025590554,0.24697452786840637,0.11104948850569386,0.9737692476365756,99.368896484375,59.88005609159241,1
341.97643946850394,0.27487581740230727,0.15151753949623403,0.9669995945364315,123.60357666015625,72.52438311957897,1
195.24981545275588,0.18468242358494094,0.017534308366297442,0.9573686419339572,100.41961669921875,47.882662811292725,1
132.36626476377955,0.19429689715565365,0.020533317199295558,0.950802541737493,77.14605712890625,36.834400224161236,1
214.94900344488192,0.21420881865103752,0.022681841497484808,0.9609239253460052,112.4178466796875,52.54406483018645,1
165.52762057086616,0.2530103545506422,0.03107957989376241,0.9733486148101568,137.1317138671875,56.04146335816346,1
103.7041092519685,0.2107805855008854,0.024353710949005777,0.9272315344521044,64.64447021484375,26.741214102529742,1
159.21530511811028,0.26141394915974336,0.028113941944636116,0.9670083010941348,116.09332275390625,49.163714461706384,1
84.04244586614173,0.2582331834989759,0.02393816392227736,0.9732804590960504,121.954345703125,39.75843335830842,1
149.51162647637796,0.2623416897802234,0.03992689565828708,0.9695899105271361,121.2330322265625,49.964588463013065,1
95.8220964566929,0.2612768110121008,0.024626591042518912,0.978726355591478,136.217041015625,47.63692628346836,1
229.2866018700788,0.2061691443981282,0.020457385492504414,0.9523987705746957,147.27838134765625,49.21782693992654,1
96.46635088582677,0.1760540205007784,0.016827508908813744,0.9795483627928409,128.06671142578125,48.71608651390423,1
122.14579232283468,0.19427150092412462,0.01684487200922698,0.9771370727518696,148.76715087890625,51.681432841254384,1
84.03893946850394,0.21632425708333405,0.020214546555663754,0.983443249286162,168.2479248046875,50.349494435712515,1
96.39394685039372,0.18139821508015563,0.01976642754490956,0.9709896002385936,163.24560546875,40.73916776590322,1
244.0963336614173,0.226140951089199,0.029232377964616335,0.9562876279710326,152.02392578125,53.50464224728651,1
135.84713336614175,0.2081505881144934,0.022991464535610316,0.9511708824757814,154.4976806640625,37.27244099736333,1
102.33230807086616,0.2569840446629063,0.0291670612285891,0.934003807473537,123.843505859375,27.852620672639585,1
171.29343011811022,0.34337120382901004,0.07360019275137293,0.9691255979863455,133.76971435546875,53.33230355796819,1
72.40588090551182,0.2964516410950231,0.05727555523077955,0.9900124964026163,126.27459716796875,60.61668333909454,1
226.6667076771654,0.27129222792361257,0.037573962917531546,0.9623505803869057,126.319580078125,54.88856379936059,1
178.01537893700785,0.20107140367344895,0.03691606116950767,0.973712979819131,134.03399658203125,58.40040186072463,1
145.2172121062992,0.27569295997924337,0.13367112308416812,0.9846383035845386,119.8985595703125,69.23600210282923,1
48.60925196850395,0.24908235100307452,0.02654584506699329,0.9844951327539064,195.66351318359375,39.6134659100607,1
62.14868356299212,0.2257248393079018,0.023274383884655178,0.9875256283422835,184.7696533203125,49.95561669748365,1
73.40378937007874,0.21082541390904133,0.03140193661292488,0.9877147708871512,185.22802734375,54.6629498968097,1
46.898929625984245,0.2205771557318266,0.018489857469906872,0.9910385427569394,162.361328125,51.26842569492537,1
167.90342027559058,0.24079526189927844,0.03618940662090035,0.9827804015407001,126.15045166015625,70.14204518319629,1
96.00941190944883,0.1903224368104869,0.01915072281100539,0.9743780886513491,153.030029296875,43.5367102933054,1
92.51962352362206,0.19698322102912255,0.020541010073576036,0.9612440200823948,98.69415283203125,34.502498281800214,1
238.55167322834646,0.36712318601424576,0.26293676548098494,0.9773310654057158,91.427001953125,72.50285583946955,1
112.36349655511812,0.22163187315907568,0.051885096563990485,0.9734436973649692,105.84295654296875,46.34388626232777,0
81.58956692913388,0.20833193635145264,0.021556771809204976,0.9654063317201877,97.34417724609375,34.28047211018964,1
229.6363804133858,0.16821292116673234,0.02005856778552112,0.9543801476011695,147.1822509765625,50.6354781537885,1
225.38570374015748,0.3510021080925267,0.11519987138753382,0.9772958848179492,124.7349853515625,70.60785851609083,1
73.14899114173228,0.2653379605501661,0.06462247630227023,0.9897680523571478,123.30401611328125,60.086721536164575,1
121.31311515748033,0.18291445171237528,0.02718233968134734,0.9739984587314868,117.84222412109375,48.589569221625425,1
98.94432824803151,0.17871547602897553,0.018102883763256854,0.9797486467080915,135.1578369140625,49.593518525065946,1
114.66197096456692,0.2058059804888132,0.031004425224252535,0.9861066021051793,132.02783203125,64.25345839569823,1
142.8552534448819,0.2513713768004566,0.028243734980203574,0.9850376788577402,146.396240234375,69.33890689433792,1
354.4696727362204,0.31895606732583764,0.05413948526812401,0.948094888845033,147.43402099609375,59.60471838211861,1
89.32714074803147,0.17917971183290962,0.02382514530594339,0.9750354307329717,152.0130615234375,42.324476128971966,1
193.67046013779532,0.16373339949114393,0.017295883063648182,0.9626549426957082,134.72216796875,51.40765890724211,1
180.50861220472444,0.30805637485439735,0.042013927396538364,0.9749662227670576,134.11859130859375,60.360058856370365,1
126.84830216535433,0.16296756310865346,0.01865119539807431,0.9683820815584764,101.37567138671875,44.856666491437416,1
134.46327509842519,0.26315397149117864,0.02228492348034185,0.978384353269445,142.95623779296875,55.84924166308699,1
113.00233759842519,0.17851680144417467,0.017479188607710385,0.9761703919607201,152.66046142578125,49.04736165916151,1
85.38275098425197,0.308658749701805,0.044902514216465066,0.9840992174807807,149.453125,51.87430581237329,1
208.68811515748035,0.1770820200611813,0.029093762310743017,0.9792959658085991,141.9261474609375,71.26143284714021,1
98.60433070866145,0.1563818237761429,0.016955597134966922,0.9669540278430977,118.35345458984375,38.55567465212173,1
141.31785187007878,0.41213222448747633,0.2596767099484877,0.9874046442266651,88.0579833984375,74.9501538930346,1
82.19949557086615,0.3916517773762124,0.25989822959200476,0.9889666129788864,76.47137451171875,61.16020132000299,1
226.61540354330708,0.20923067876567136,0.04509884749471047,0.9715542237248893,153.80938720703125,63.29130693438377,1
92.12063238188978,0.25217284372452586,0.023254498735217566,0.9863826552553984,137.66217041015625,58.127407288660486,1
118.77915846456692,0.26203403163276917,0.0550068611154214,0.9803864255069916,102.661376953125,55.04815968961519,1
132.2965059055118,0.2291486345831468,0.024163515811327498,0.9634079736168191,119.35272216796875,42.58541982993422,1
65.59375,0.2745760412980483,0.06192969423858165,0.9905950771956981,122.49774169921875,59.340918423902615,1
168.7201033464567,0.2591740958502823,0.08032131267127969,0.9785814767988962,136.34295654296875,62.976080299520596,1
188.148314468504,0.19595479840763771,0.021041488365998118,0.9696727587337974,121.76434326171875,55.86273434464425,1
230.20595472440942,0.15248863600405815,0.018834520801810074,0.956804918845139,146.7818603515625,51.92988458624431,1
157.04896653543307,0.14585452197571838,0.015285580323726277,0.9715228100364361,147.92718505859375,52.70605265582433,1
50.00270669291339,0.29948131826849006,0.031859456669389524,0.9887657455048361,153.2791748046875,47.391362361378576,1
96.97545521653544,0.15413282692572144,0.016110080656436748,0.9724558542662524,136.6055908203125,41.9574640795284,1
82.81385334645668,0.2213647882162158,0.024733462018289347,0.9753920668913854,134.656005859375,41.56789001779156,1
211.22170275590548,0.18620748936459244,0.030709361348145923,0.9662063321866949,158.93133544921875,56.48944357898261,1
176.0177780511811,0.20715348820148502,0.023726983665632577,0.9665642107565334,154.937255859375,52.11241879874345,1
199.86921751968504,0.21329426040920382,0.02826964884995918,0.9571290630050515,125.95672607421875,48.768648976292305,1
169.9669045275591,0.2263275662180283,0.019796939501417476,0.9763230331138353,126.45526123046875,60.21480267619521,1
52.67199803149606,0.21685592823906744,0.01971505347492141,0.9858963173139821,128.42584228515625,43.19082661356479,1
80.98474409448819,0.20264783775416892,0.021831158098944623,0.9722975620527603,143.8143310546875,38.26290631537281,1
142.4638287401575,0.27273759310771917,0.033281071462632365,0.9678633868301133,105.49530029296875,47.38806689624249,1
161.9029281496063,0.22333843811473839,0.07994747170746061,0.9806277713945926,109.90179443359375,64.87929983118418,1
204.94340551181102,0.2450975005265514,0.09452359594935925,0.9715347419613359,100.83148193359375,60.18317463690445,1
115.62180118110237,0.26942810908354875,0.035326405839303555,0.9754882304137708,93.76336669921875,48.76178716968588,1
297.83870570866145,0.08114086404796553,0.014647983390490475,0.8165662867699065,111.47796630859375,28.46960332257139,1
167.93633120078744,0.34075352871399434,0.046927666482178124,0.969498063974947,186.8856201171875,52.52266394414208,1
