modelo,representacao,tipo,doc,real,previsto,margem,texto,texto_processado
naive_bayes,bow,falso_positivo,240279,negativo,positivo,78.00430268614127,"No es el mismo concierto grabado en los cd's...: Felicito a Ednita por la gran calidad de sus dos CD's Acusticos. Tengo ambos y los considero de lo mejor de conciertos acusticos grabados hasta el momento. Lo que si no me parece que es promocionen este DVD como el mismo concierto si NO lo es.El concierto grabado en este DVD corresponde a un masivo que realizo Ednita como promocion de los CD's Acusticos, que segun sus propias palabras, no esperaba el exito obtenido. Esta situacion resulta en un engaño a sus seguidores, ya que compramos algo que no era, incluso la portada del DVD no corresponde al concierto que contiene, sino al grabado en los CD's. Me hubiera gustado que se vendiera en DVD la misma sesion de grabacion de los CD's, y no otra cosa, que si bien, es tambien de calidad, no se iguala con la altamente alcanzada en los CD's. Sugerencia para Ednita: tus fans de tantos años no nos merecemos este tipo de engaños publicitarios para comprar tu música, así que no permitas que este pase. Gracias",e el mismo concierto grabado en los cd felicito ednita por la gran calidad de sus dos cd acusticos tengo ambo los considero de lo mejor de conciertos acusticos grabados hasta el momento lo que si parece que es promocionen este dvd como el mismo concierto si lo esel concierto grabado en este dvd corresponde un masivo que realizo ednita como promocion de los cd acusticos que segun sus propias palabras esperaba el exito obtenido esta situacion resulta en un engaño sus seguidores ya que compramos algo que era incluso la portada del dvd corresponde al concierto que contiene sino al grabado en los cd hubiera gustado que se vendiera en dvd la misma sesion de grabacion de los cd otra cosa que si bien es tambien de calidad se iguala con la altamente alcanzada en los cd sugerencia para ednita tus fan de tantos años nos merecemos este tipo de engaños publicitarios para comprar tu música así que permitas que este pase gracias
naive_bayes,bow,falso_positivo,353582,negativo,positivo,76.86330939195614,"Un viejo que leia novelas de amor: Es un libro sumamente aburrido situado en la selva amazónica ecuatoriana que cuenta la vida de José Antonia Bolívar, un viejo que le gustaba leer novelas de amor. La paz del protagonista es interrumpido cuando unos gringos matan a los hijos de una tigrilla. La tigrilla enfurecida, toma venganza y mata al gringo. Las víctimas siguen apareciendo y el viejo, al haber vivido y aprendido las costumbres y técnicas de caza y supervivencia de los shuar, es el habitante del pueblo más conocedor de la selva, por lo que se ve obligado a hacerse cargo de la situación. La historia se alterna con eventos pasados que cuentan pequeños episodios de la vida del viejo: como se fueron de la ciudad para vivir en la selva con su esposa, sus relaciones con lo shuar, su amor por la lectura y otras historias de los gringos que no causan más que problemas. El autor, Luis Sepúlveda, es amante y defensor de la naturaleza y en sus libros y especialmente en éste,",un viejo que leia novelas de amor e un libro sumamente aburrido situado en la selva amazónica ecuatoriana que cuenta la vida de josé antonia bolívar un viejo que le gustaba leer novelas de amor la paz del protagonista e interrumpido cuando unos gringo matan los hijos de una tigrilla la tigrilla enfurecida toma venganza mata al gringo las víctimas siguen apareciendo el viejo al haber vivido aprendido la costumbres técnicas de caza supervivencia de los shuar e el habitante del pueblo más conocedor de la selva por lo que se obligado hacerse cargo de la situación la historia se alterna con eventos pasados que cuentan pequeños episodios de la vida del viejo como se fueron de la ciudad para vivir en la selva con su esposa sus relaciones con lo shuar su amor por la lectura otras historias de los gringo que causan más que problemas el autor luis sepúlveda e amante defensor de la naturaleza en sus libros especialmente en éste
naive_bayes,bow,falso_positivo,348571,negativo,positivo,74.82074078349046,"El Viaje a Ninguna Parte - La ruta hacia la decadencia: POR DIOS! Es imposible para los seguidores de Bunbury de antaño, ver como este hombre, que sin duda tiene gran talento, ha ido cavando su propia tumba. Desde la disolución de los Héroes del Silencio, Bunbury lentamente ha ido en descenso, y parece increible como la calidad de sus albumes ha decaido. Si se olvidasen los dos CD's anteriores (Flamingos y Pequeño) y se hiciera una comparación entre Radical Sonora y El Viaje a Ninguna Parte, se vería a este ultimo como algo catastrófico.El Viaje a Ninguna Parte no sorprende con su Música, y sus letras, en su gran mayoría, carecen de la emotividad y de la ironía que poseían sus canciones anteriores.Aun asi, para un fiel admirador de Bunbury, hara falta en su coleccion. Sin embargo, siendo el poseedor de una de las mejores voces y habiendo sido el mejor ""Frontman"" del Rock en Español, pudo haber hecho algo mucho mejor.",el viaje ninguna parte la ruta hacia la decadencia por dios es imposible para los seguidores de bunbury de antaño ver como este hombre que sin duda tiene gran talento ha ido cavando su propia tumba desde la disolución de los héroes del silencio bunbury lentamente ha ido en descenso parece increible como la calidad de sus albumes ha decaido si se olvidasen los dos cd anteriores flamingos pequeño se hiciera una comparación entre radical sonora el viaje ninguna parte se vería este ultimo como algo catastróficoel viaje ninguna parte sorprende con su música sus letras en su gran mayoría carecen de la emotividad de la ironía que poseían sus canciones anterioresaun asi para un fiel admirador de bunbury hara falta en su coleccion sin embargo siendo el poseedor de una de la mejores vox habiendo sido el mejor frontman del rock en español pudo haber hecho algo mucho mejor
naive_bayes,bow,falso_positivo,180595,negativo,positivo,73.77416504698635,"!qué sosería!: Yes es el máximo ejemplo de grupo en el cual ""el todo es mucho más que la suma de las partes"". Salvo algún disco de Steve Howe y el Fish out of Water de Squire, todos los demás están a años luz no de la estética (que es lo de menos) sino de la calidad de los de Yes. Los de Jon Aderson son ejemplos palmarios de ésto. Cada uno de ellos tiene una orientación muy distinta pero todos tienen en común algo: son malísimos. Si exceptuamos el primero que, a pesar de las buenas críticas, es bastante soso aunque pasable, los demás rozan el ridículo. Patético, melífluo, aburrido, dulzón, etc. son adjetivos que se pueden aplicar a todos sus discos. Este no es una excepción. En este caso le toca el turno a la vena ecológico-naturista. Un conjunto de canciones con ruidos de pajarítos y demás efectos campestres para un olvidable ¿esfuerzo?. El disco sigue la máxima de ""como conseguir un dinerillo sin despeinarme"".",qué sosería yes es el máximo ejemplo de grupo en el cual el todo e mucho más que la suma de la partes salvo algún disco de steve howe el fish water de squire todos los demás están años luz de la estética que e lo de menos sino de la calidad de los de yes los de jon aderson son ejemplos palmarios de ésto cada uno de ellos tiene una orientación muy distinta pero todos tienen en común algo son malísimos si exceptuamos el primero que pesar de la buenas críticas es bastante soso aunque pasable los demás rozan el ridículo patético melífluo aburrido dulzón etc son adjetivos que se pueden aplicar todos sus disco este e una excepción en este caso le toca el turno la vena ecológiconaturista un conjunto de canciones con ruidos de pajarítos demás efectos campestres para un olvidable esfuerzo el disco sigue la máxima de como conseguir un dinerillo sin despeinarme
naive_bayes,bow,falso_positivo,122016,negativo,positivo,65.13450880650157,"Se tima al mercado norteamericano con este CD.: _____Desafortunadamente para quienes les gusta el rock en español, y especialmente Duncan Dhu, este álbum representa un verdadero timo. Yo escribí el segundo comentario en esta página y me retractó de mi recomendación. En España se emitió este album bajo el nombre de ""Colección: 1985-1998"" y consta de dos CD's y más canciones representado toda la gama musical de esta agrupación, incluyendo cuatro canciones nuevas. Recomiendo a todos que traten de obtener la emisión española de este album (¡es mejor!) ya sea a través de una amistad o un comercio Internet español; porque verdaderamente ""Greatest Hits"" no vale la pena por lo que dejaron fuera. ¡Y ojalá la industria y su mercadotecnia dejen de timarnos! También les aconsejo enviar una queja a la casa grabadora (Warner) por vendernos tal subproducto en los Estados Unidos de América.",se tima al mercado norteamericano con este cd desafortunadamente para quienes les gusta el rock en español especialmente duncan dhu este álbum representa un verdadero timo yo escribí el segundo comentario en esta página retractó de mi recomendación en españa se emitió este album bajo el nombre de colección consta de do cd más canciones representado toda la gama musical de esta agrupación incluyendo cuatro canciones nuevas recomiendo todos que traten de obtener la emisión española de este album e mejor ya sea través de una amistad un comercio internet español porque verdaderamente great hit vale la pena por lo que dejaron fuera ojalá la industria su mercadotecnia dejen de timarnos también le aconsejo enviar una queja la casa grabadora warner por vendernos tal subproducto en los estados unidos de américa
naive_bayes,bow,falso_positivo,48146,negativo,positivo,64.313581477551,"¿Esto es música? Patético...: Resulta que un buen día este chico se puso a berrear como él sabe y los abrazafarolas aplaudieron sin cesar... No es lo mismo que 1000 lametraserillos te compren el disco, que 1000000 estólidos. Igual que no es lo mismo un guardameta que un guarda te la meta. Lo malo es que este tipo ha hecho escuela, de manera que él y sus congéneres están haciendo escarnio del panorama musicológico español. Es para colgar no sólo a A.S. sino a todos estos que valiéndose del poder de manipulación de las fórmulas radiomusicales, hacen confabulaciones contra la música de más alta alcurnia. En definitiva no merece la pena comprar este pedazo de trasto. No obstante, no hagamos leña del arbol caído, ya vendrán tiempos mejores. Mientras tanto, siempre diré que de bien nacido es ser agradecido, y por lo tanto me compraré el greatest hits de Manolo Escobar.WATCH OUT!!!",esto e música patético resulta que un buen día este chico se puso berrear como él sabe los abrazafarolas aplaudieron sin cesar e lo mismo que lametraserillos te compren el disco que estólidos igual que e lo mismo un guardameta que un guarda te la meta lo malo e que este tipo ha hecho escuela de manera que él sus congéneres están haciendo escarnio del panorama musicológico español e para colgar sólo sino todos estos que valiéndose del poder de manipulación de la fórmulas radiomusicales hacen confabulaciones contra la música de más alta alcurnia en definitiva merece la pena comprar este pedazo de trasto obstante hagamos leña del arbol caído ya vendrán tiempos mejores mientras tanto siempre diré que de bien nacido e ser agradecido por lo tanto compraré el great hit de manolo escobarwatch
naive_bayes,bow,falso_positivo,321788,negativo,positivo,60.54659356167622,"Erase una vez.....: Siempre he sido admiradora de los libros de P. Coelho por realistas, con muy buenos mensajes, siempre me han ensenado algo y la verdad he leido varios de el. Pero este es la mentira mas grande q pudo haber escrito de bonito y real no tiene nada, el enfoque q le da al amor es de lo mas denigrante.Si queria escribir la historia de una prostituta, lo habia de hacer real y no un cuento de hadas como este, porq no narra las verdaderas razones q han orillado a estas pobres mujeres al venderse para ser humilladas, usadas, ultrajadas, despreciadas, abandonadas y hacer con ellas todo los q les venga en gana, no se me hizo ningun buen argumento para enfocar el verdadero amor mezclandolo con el sadomasoquismo y la total falta de valores....Para terminarlo como un clasico cuento de hadas....Se casaron y fueron felices!!!!Que suerte de prostituta...eso si ni usted se lo creyo.Pero no importa, seguire leyendo sus libros, porq uno entre tantos no es nada.Felicidades!!!",erase una vez siempre sido admiradora de los libros de p coelho por realistas con muy buenos mensajes siempre han ensenado algo la verdad leido varios de el pero este e la mentira ma grande q pudo haber escrito de bonito real tiene nada el enfoque q le da al amor e de lo ma denigrantesi queria escribir la historia de una prostituta lo habia de hacer real un cuento de hadas como este porq narra la verdaderas razones q han orillado estas pobres mujeres al venderse para ser humilladas usadas ultrajadas despreciadas abandonadas hacer con ellas todo los q le venga en gana se hizo ningun buen argumento para enfocar el verdadero amor mezclandolo con el sadomasoquismo la total falta de valorespara terminarlo como un clasico cuento de hadasse casaron fueron felicesque suerte de prostitutaeso si ni usted se lo creyopero importa seguire leyendo sus libros porq uno entre tantos e nadafelicidades
naive_bayes,bow,falso_positivo,15509,negativo,positivo,60.13531669866347,"Yes, pero no es Yes, desde Montevideo, Uruguay.: Como fanático de Yes, compré el Ladder en Virgin Records en Broadway y mi primera impresión es que no es el Yes que todo fan espera. Mas allá de alguna melodía bien lograda de Howe y Squire, y los vocales de Anderson, falta la exhuberancia de la música de Wakeman que no han podido llenar Khoroshev y Sherwood. Excesivamente cantado (aunque abandonan los exasperantes coros perpetuos de ""Open Your Eyes""), no ha dejado lugar para demostrar el virtuosismo de Howe salvo en rarísimas excepciones. ""Homeworld"" y ""New Language"" quizas sean ""the best of the album"", pero están muy lejos del nivel de los 2 Keys to Ascension. La primacía en el tratamiento de los vocales por sobre las armonías y lo musical determinan que Ladder suene excesivamente lavado y pop, y no orquestal , sinfónico y musical como es el sonido ""Yes"". En resumen, mejor que el aburrido ""Open Your Eyes"", pero muy lejos del Yes clásico. Khoroshev y Sherwood: NO PLEASE.",yes pero es yes desde montevideo uruguay como fanático de yes compré el ladder en virgin record en broadway mi primera impresión e que es el yes que todo fan espera ma allá de alguna melodía bien lograda de howe squire los vocales de anderson falta la exhuberancia de la música de wakeman que han podido llenar khoroshev sherwood excesivamente cantado aunque abandonan los exasperantes coros perpetuos de open eye ha dejado lugar para demostrar el virtuosismo de howe salvo en rarísimas excepciones homeworld new language quizas sean best album pero están muy lejos del nivel de los key ascension la primacía en el tratamiento de los vocales por sobre la armonías lo musical determinan que ladder suene excesivamente lavado pop orquestal sinfónico musical como e el sonido yes en resumen mejor que el aburrido open eye pero muy lejos del yes clásico khoroshev sherwood please
naive_bayes,bow,falso_positivo,97205,negativo,positivo,59.979106422853874,"Creo la novela esta buena, pero los discos no se funcionan: Hola!Me faltan las palabras, creo la novela esta buena pero como puedo saber, ninguno de los discos funciona perfecto,por el final se faltan 20 minutos, el disco 1 lado 1 no se ven las ultimos 20 minutos(mas problemas hay pero no me recuerdo todo, pero son muchos), siempre se para la pantalla, no sige el disco.Me e pasado horas con limpieza de disco, pero todo por gusto!Tengo la solucion, pero esta mala!Creo telemundo pienso estos 4 discos y la novela eran de oro,se protectan las discos con una pila de sectores rotos, cuando uno se puse el disco en la luz se ven los errores en los discos, demasiado errores por los apparatos de DVD y computadorasTengo dos aparatos de DVD, en ninguno funcionan perfecto mucho menos en el computer!Mi ideomas de ingles es mal, pero los dos gentes de arriba escriben de los mismo problemas, entonces no es casualitad",creo la novela esta buena pero los disco se funcionan holame faltan la palabras creo la novela esta buena pero como puedo saber ninguno de los discos funciona perfectopor el final se faltan minutos el disco lado se ven las ultimos minutosmas problemas hay pero recuerdo todo pero son muchos siempre se para la pantalla sige el discome e pasado horas con limpieza de disco pero todo por gustotengo la solucion pero esta malacreo telemundo pienso estos disco la novela eran de orose protectan la disco con una pila de sectores rotos cuando uno se puse el disco en la luz se ven los errores en los discos demasiado errores por los apparatos de dvd computadorastengo do aparatos de dvd en ninguno funcionan perfecto mucho menos en el computermi ideomas de ingles es mal pero los dos gens de arriba escriben de los mismo problemas entonces e casualitad
naive_bayes,bow,falso_positivo,209419,negativo,positivo,59.14645994497437,"NO ES: La Historia Inedita de Operacion Pedro Pan: No es cierto que este libro de Yvonne Conde sea la historia inedita sobre la Operacion Pedro Pan. Randon House en Espanol deberia de haberse informado que esto era un dato completamente incorrecto. La mentira del titulo le resta credibilidad al libro. Es una pena que los cuestionarios nu hubiesen sido preparados por expertos en research para tener un ejemplo valido sobre la experiencia de los pedro panes. Que revelancia puede tener cuantos televisores, radio y telefonos habian en Cuba en esa epoca con el exodo de los ninos cubanos? Esto sucedio durante la Guerra Fria cuando imperaba el panico al comunismo y a la indoctrinacion de la juventud. Los pedro pans de Texas que he conocido tubieron experiencias mas positivas de los que aparecen en el libro. Pero eso no es lo que vende libros hoy en dia, el abuso de ninos si.",e la historia inedita de operacion pedro pan e cierto que este libro de yvonne conde sea la historia inedita sobre la operacion pedro pan randon house en espanol deberia de haberse informado que esto era un dato completamente incorrecto la mentira del titulo le resta credibilidad al libro e una pena que los cuestionarios nu hubiesen sido preparados por expertos en research para tener un ejemplo valido sobre la experiencia de los pedro pane que revelancia puede tener cuantos televisores radio telefonos habian en cuba en esa epoca con el exodo de los ninos cubanos esto sucedio durante la guerra fria cuando imperaba el panico al comunismo la indoctrinacion de la juventud los pedro pan de texas que conocido tubieron experiencias ma positivas de los que aparecen en el libro pero eso e lo que vende libros hoy en dia el abuso de ninos si
naive_bayes,bow,falso_negativo,354233,positivo,negativo,-44.5928354345516,"Now if they'd stop charging a premium for Mac users.: Regarding the C-Dilla issue... this is the statement from Intuit, makers of TurboTax. Keep in mind, it was never in the Mac software anyway.""In response to customer feedback, we have removed the technology from TurboTax 2003 products. In addition, Intuit is changing its policy and updating the TurboTax software license agreement, enabling customers to use TurboTax software to install, prepare, file and print multiple returns for themselves and their family from multiple computers.""I've always found TurboTax to be a very good product. If this C-Dilla issue proves to have been resolved, it may be again. However, their insistance that they need to charge a 25% premium for the Mac version is just foolish.",theyd stop charge premium mac user regard cdilla issue statement intuit maker turbotax keep mind never mac software anywayin response customer feedback remove technology turbotax product addition intuit change policy update turbotax software license agreement enable customer use turbotax software install prepare file print multiple return family multiple computersive always find turbotax good product cdilla issue prove resolve may however insistance need charge premium mac version foolish
naive_bayes,bow,falso_negativo,388754,positivo,negativo,-42.01305697933026,"Possibly a Great phone....BUT...: Great phone except I have 3 issues...1. phone locks up when accessing phone book... takes about 2 minutes to access the phone book... only about 20 entries in it...2. phone resets when attempting to access one particular picture in my out box... cannot access/send or even delete it... T-mobile says its a software issue... my vendor has about 4 weeks backorder for my replacement Amazon)... its only a few days old... :-/3. battery life is poor... after a full charge I got only 6 hours b4 shutdown , no calls were made only 4 pictures were taken and sent... (all lights are disabled) to attempt to improve battery. Also another day after a full charge and 1 hour on with t-mobile customer service phone shut off after about 14 hours...I am awaiting my replacement... outside of my return period... I hope my replacement phone is not corrupted and that the poor battery life is due to the bad software...",possibly great phonebut great phone except issue phone lock access phone book take minute access phone book entry phone reset attempt access one particular picture box accesssend even delete tmobile say software issue vendor week backorder replacement amazon day old battery life poor full charge get hour b shutdown call make picture take send light disable attempt improve battery also another day full charge hour tmobile customer service phone shut hoursi await replacement outside return period hope replacement phone corrupt poor battery life due bad software
naive_bayes,bow,falso_negativo,289940,positivo,negativo,-36.94410563106487,"Great Printer, Great Tech Support, Poor Documentation: If you have a Linksys router the a Linksys print server is your best bet. If you don't have a Linksys router then ask your router tech support folks for advice as different brands of routers and print server are often not compatible, sad but true :(I was looking for a print server for a home with two desktop PC's and one laptop and two printers. Having done my homework I knew that this server would only work with a Linksys router which is what I have. One printer connects to a USB port and the other one to a Parallel port. A word of caution here print servers work with printers not multi function printer/scanners.The reason I gave it 4 out of 5 stars is you should just plan on spending 30 to 45 minutes on the phone with Linsys' excellent tech support folks the first time you set it up. Thankfully support is 7x24 and toll free. The manual is not fit to hang on an outhouse nail it's so worthless.",great printer great tech support poor documentation linksys router linksys print server best bet dont linksys router ask router tech support folk advice different brand router print server often compatible sad true look print server home two desktop pc one laptop two printer do homework know server would work linksys router one printer connect usb port one parallel port word caution print server work printer multi function printerscannersthe reason give star plan spending minute phone linsys excellent tech support folks first time set thankfully support x toll free manual fit hang outhouse nail worthless
naive_bayes,bow,falso_negativo,182024,positivo,negativo,-36.32013236519924,"Software not included: This product works well. The latency is horrible unless you use ASIO driver or download latest driver from the website.The so called included software bundle was non-existent. The CD was missing from the product packaging.,Amazon replaced it with another unit, and CD was still missing. I called up Behringer and after being given the run around with their all US support, I was told I had to download a huge list of software/samples from their website. I requested that they send a CD out to me. I was told to either return it to Amazon or download. I insisted on talking to a supervisor, and was told I will be called back. It has been 3 weeks since, and am yet to receive a call. So much for customer service.Amazon decided to pull the product from its website verify its content and now I see it back online, touting the CD. Don't understand how a batch of products can go without CD and how the manufacturer can simply get away without shipping one!",software include product work well latency horrible unless use asio driver download late driver websitethe call included software bundle nonexistent cd miss product packagingamazon replace another unit cd still miss call behringer give run around u support tell download huge list softwaresamples website request send cd tell either return amazon download insist talk supervisor tell call back week since yet receive call much customer serviceamazon decide pull product website verify content see back online tout cd dont understand batch product go without cd manufacturer simply get away without ship one
naive_bayes,bow,falso_negativo,347376,positivo,negativo,-35.815292189240836,"Very good ink, believe me, buy the original Canon brand!: I have a Canon i860 printer and love it, and I frequently buy the replacement ink off Amazon. I recently bought this BCI-6 BK ink tank and it works very well and lasts long. When I buy ink off Amazon, I make sure I buy over $25 worth of products, because who wants to pay shipping? It's not that hard to buy $25 worth of items to get free shipping, because 3 tanks of ink equals about $30 or less. It's a deal compared to local office stores where you pay higher prices, tax, and hope they have the cartridge in stock.I've had a Canon S900 and the printhead died or got clogged from ink that was fake. I tried to use the fake ink to save money and I lost a $300 printer because of it. Do yourself a favor and buy the authentic Canon brand ink. It's more expensive yes, but who wants to replace a printer every single year?Great ink here, and it's genuine. I will continue to buy my Canon ink off Amazon...recommended!",good ink believe buy original canon brand canon printer love frequently buy replacement ink amazon recently buy bci bk ink tank work well last long buy ink amazon make sure buy worth product want pay ship hard buy worth item get free shipping tank ink equal less deal compare local office store pay high price tax hope cartridge stockive canon printhead die get clog ink fake try use fake ink save money lose printer favor buy authentic canon brand ink expensive yes want replace printer every single yeargreat ink genuine continue buy canon ink amazonrecommended
naive_bayes,bow,falso_negativo,396666,positivo,negativo,-35.594483341151886,"Amazon boo boo for the replacement evaporative wick: Since I live in the middle of nowhere on the Cumberland Plateau in Tennessee, I orderd a replacement evaporative wick so I don't have a crisis when the time to replace happens. The present Amazon product description says a replacment wick #1041 will work, but it only kinda does. One has to use duct tape or glue to remanufacture it to replace what came with the unit. I called the vendor, and the person I spoke with said the proper replacement wick was #1045, which I ordered through the vendor. Then I called Amazon customer service to try correct the error in the present advertising, hopefully to help others avoid my aggrevation. By customer reviews, I see at least one other has had the same aggrevation. Anyway, good luck.",amazon boo boo replacement evaporative wick since live middle nowhere cumberland plateau tennessee orderd replacement evaporative wick dont crisis time replace happens present amazon product description say replacment wick work kinda one use duct tape glue remanufacture replace come unit call vendor person speak say proper replacement wick order vendor call amazon customer service try correct error present advertising hopefully help others avoid aggrevation customer review see least one aggrevation anyway good luck
naive_bayes,bow,falso_negativo,42455,positivo,negativo,-34.83411685004853,"Good Product - Lousy Rebate Service: I read previous reviews before purchasing Quicken Lawyer 2003 Personal. I was concerned since other customers indicated the ... rebate information/coupon was not included in the box. So, before I actually purchased this product, I contacted www.Amazon.com for information. I received a response from customer service rep ""if mistakenly the rebate redemption instructions are not included in the box we will refund you for the amount of the rebate,"" as long as I met all the terms and conditions. I received another email that they had spoken with the manufacturer and provided information to get the rebate. I complied with all the requirements and mailed all the info to the manufacturer on 1/13/03. I STILL HAVE NOT RECEIVED THE ... REBATE, but the software package is user friendly and good. I am going to start bugging people tomorrow 3/10/03 to find out what the problem is - I will post an update with any new information.",good product lousy rebate service read previous review purchase quicken lawyer personal concern since customer indicate rebate informationcoupon include box actually purchase product contact wwwamazoncom information receive response customer service rep mistakenly rebate redemption instruction include box refund amount rebate long meet term condition receive another email speak manufacturer provide information get rebate comply requirement mail info manufacturer still receive rebate software package user friendly good go start bug people tomorrow find problem post update new information
naive_bayes,bow,falso_negativo,260429,positivo,negativo,-34.447809845858046,"Simply works: The installation was a brieze. This was the exact brand Comcast was using. So, I simply removed theirs and installed the new one. To get it activated, you have to first connect it directly to the computer. Shutdown both, connect cable to the modem, ethernet cable between the computer and modem, power up modem. Once all the lights stop flashing, start the computer. Start your browser. When you try to connect to a web page, the activation screen comes up. The activation page recognized the modem automatically and even pulled the MAC address for me so I didn't have to type it in. After activation, shutdown everything again, this time connect the wireless router between the modem and the computer and done - took less than 10 mins from opening the box to done. Now I am saving $7 / month.I have a middle of the pack service plan and tested the modem speed (thru the wireless router) using SpeedTest.net and got more then 23 Mbps download and more then 4 Mbps upload speed.",simply work installation brieze exact brand comcast use simply remove instal new one get activate first connect directly computer shutdown connect cable modem ethernet cable computer modem power modem light stop flash start computer start browser try connect web page activation screen come activation page recognize modem automatically even pull mac address didnt type activation shutdown everything time connect wireless router modem computer do take less min open box do save monthi middle pack service plan test modem speed thru wireless router use speedtestnet get mbps download mbps upload speed
naive_bayes,bow,falso_negativo,385810,positivo,negativo,-33.87069748743659,"Great Hardware - Weak software and support: The picture resolution is excellent and the unit is quite attractive. The buttons to operate the unit are fairly intuitive. However, the manual shipped with the unit is weak, you have go through quite a bit of trial and error with the unit to understand how to use all of the features. For some reason the software for my PC (to directly load images to the Frame) does not recognize the folders on my hard drive (but it will recognized a media card drive and files). I called the Philips support (the online email is not operating). After navigationg through an awful voice recognition system I talked to a patient person who suggested I re-install the software (I had done this) and suggesting downloading the software from their support site. She said if that didn't work than there must be a problem between my computer and their software but had not suggesting for how to fix the problem. I did download the software and re-installed it and have the same problem.",great hardware weak software support picture resolution excellent unit quite attractive button operate unit fairly intuitive however manual shipped unit weak go quite bit trial error unit understand use feature reason software pc directly load image frame recognize folder hard drive recognize medium card drive file call philip support online email operate navigationg awful voice recognition system talk patient person suggest reinstall software do suggest download software support site say didnt work must problem computer software suggest fix problem download software reinstall problem
naive_bayes,bow,falso_negativo,289933,positivo,negativo,-33.57337211244476,"Works as advertised: Found all the previous reviews helpful. Am using the server wired to my network (no wireless) with an HP LaserJet on parallel port, printing from 2 XP Prof computers on the network. The setup utility on CD-ROM failed to save at the end so had to switch to the web-based interface - learned this from previous failed Linksys product installs. Followed the instructions on the user guide on the CD-ROM to complete the setup via this interface and both computers are printing without a hitch. For reviewers complaining that their multifunction devices won't work - Linksys' web site for this product does say from the start that these devices aren't supported. Another note from Linksys manual is that they recommend that bidirectional printing be turned off for attached printers. This can be done (in XP) from Printers and Faxes, right-click your printer, select Properties, select the Ports tab, deselect bidirectional printing.",work advertise found previous review helpful use server wire network wireless hp laserjet parallel port print xp prof computer network setup utility cdrom fail save end switch webbased interface learn previous fail linksys product installs follow instruction user guide cdrom complete setup via interface computer print without hitch reviewer complain multifunction device wont work linksys web site product say start device arent support another note linksys manual recommend bidirectional printing turn attached printer do xp printer fax rightclick printer select property select port tab deselect bidirectional printing
svm,bow,falso_positivo,80070,negativo,positivo,4.831752917617736,"Excellent compilation Showcasing A Wonderful Singer: Lesley Gore - a name closely associated with all wonderful memories of growing up. Lesley has always been an underated artist both in England and Australia. When I am asked ""Lesley who?"" I simply play this complilation and, hey presto, another fan! An excellent compilation that shows all the love and care that has gone into its production. Lesley has recently toured here in Australia and is sounding better than ever. It is great to be able to play the golden oldies over and over knowing that, unlike the vinyl, the cd will not wear out. Thank you for giving me the chance to share Lesley's wonderful talents with an upcoming generation.",excellent compilation showcasing wonderful singer lesley gore name closely associate wonderful memory grow lesley always underated artist england australia ask lesley simply play complilation hey presto another fan excellent compilation show love care go production lesley recently tour australia sound well ever great able play golden oldie know unlike vinyl cd wear thank give chance share lesleys wonderful talent upcoming generation
svm,bow,falso_positivo,183982,negativo,positivo,3.914792476802054,"Shepperton 1973 Must be the Next Genesis DVD: This legendary 16mm film has circulated for years among collectors, and it still remains at the best document of the extraordinary Gabriel's era. It's simply one of the most extremely interesting performances I've ever seen, with Gabriel at his best as theatrical frontman, and with such an excellent voice.The entire band is mind-blowing, featuring the truly best ever version of Supper's Ready I've ever had the pleasure to watch and listen to. This gem can't keep hidden anymore!. It's clear it was filmed for an official video. By the way, cameras work is simply astounding. What a difference with the stupid MTV style of the today's DVD's!. Both the filming and performance makes Shepperton 1973 more than a Concert video, rather is a treasure, a document of art at its most unique.Shepperton 1973 has been unequalled. We need it on DVD!NOW NOW NOW NOW ...http://www.saunalahti.fi/~kotti/shepperton/",shepperton must next genesis dvd legendary mm film circulate year among collector still remain best document extraordinary gabriel era simply one extremely interesting performance ive ever see gabriel best theatrical frontman excellent voicethe entire band mindblowing feature truly best ever version supper ready ive ever pleasure watch listen gem cant keep hidden anymore clear film official video way cameras work simply astound difference stupid mtv style today dvds filming performance make shepperton concert video rather treasure document art uniqueshepperton unequalled need dvdnow httpwwwsaunalahtifikottishepperton
svm,bow,falso_positivo,256699,negativo,positivo,3.6609841434273322,"Good, but not great: Here we have one of those choices between great sound and great performance. This 1950 broadcast is wonderful, yes, but there is little humor in the performance; only Cloe Elmo as Dame Quickly sounds like she's having any fun. On the other hand, the astounding 1937 Salzburg performance--now newly-remastered with quite acceptable sound (see: Toscanini - The Salzburg Experience, Vol. 4, Falstaff)--has life, wit and whimsy along with outstanding singing. Also, Dino Borgioli, the Fenton on the Salzburg set, is the best on records, while the singer in this 1950 performance is quite terrible.If you want a good performance you will listen to a few times, buy this version. If you want a timeless performance that will reveal new hidden beauties every time you put it on, spend the extra $10 for the ""Salzburg Experience.""",good great one choice great sound great performance broadcast wonderful yes little humor performance cloe elmo dame quickly sound like shes fun hand astounding salzburg performancenow newlyremastered quite acceptable sound see toscanini salzburg experience vol falstaffhas life wit whimsy along outstanding singing also dino borgioli fenton salzburg set best record singer performance quite terribleif want good performance listen time buy version want timeless performance reveal new hidden beauty every time put spend extra salzburg experience
svm,bow,falso_positivo,22074,negativo,positivo,3.59943465187035,"Excellent album from a great band... But the ""ENHANCED"" reissue really sucks!!!: Back in the late 70s, Pop-Rock bands like JOURNEY (i.e. STYX, KANSAS, REO Speedwagon) ruled the American Rock music layout. Powerful tunes with wonderful vocal Queen-esque works, awesome guitar riffs, keyboards and drums, as well as very good, mellow ballads were the standards in those days.""Infinity"" was one of the best musical products of that era. However, why to spoil so much an excellent album, reissuing it on an ""ENHANCED"" version...???? Hey... Try to play this CD on some older CD players (portable/car/home) and you'll have some problems... My suggestion: Try to get any good European (Germany-Holland-France), older 1990s reissue of this great Journey album, you will get equal outstanding sound quality, without the reproduction problems!!",excellent album great band enhanced reissue really suck back late poprock band like journey ie styx kansa reo speedwagon rule american rock music layout powerful tune wonderful vocal queenesque work awesome guitar riff keyboard drum well good mellow ballad standard daysinfinity one best musical product era however spoil much excellent album reissue enhanced version hey try play cd old cd player portablecarhome youll problem suggestion try get good european germanyhollandfrance old reissue great journey album get equal outstanding sound quality without reproduction problem
svm,bow,falso_positivo,76044,negativo,positivo,3.560078205152876,"solid: An avid ge fan will enjoy this cd. As other reviewers noted D-light is highly underrated as it rocks with typical goldenearring intensity. The lyrics are generally right on and both singers are pretty damm good . The variety of songs is quite interesting . Goldenearring was a progresive band so dont expect to hear the son of radar love on this cd , it takes a couple of listens to get the feel of the cd buts its worth it. The most underrated band in rock history who is still alive and well today , 2006.",solid avid ge fan enjoy cd reviewer note dlight highly underrated rock typical goldenearring intensity lyric generally right singer pretty damm good variety song quite interesting goldenearring progresive band dont expect hear son radar love cd take couple listens get feel cd buts worth underrated band rock history still alive well today
svm,bow,falso_positivo,277520,negativo,positivo,3.344295811990176,"Just like Real Life: Just like the image implies, the value of this toy is in its educational approach to showing toddlers how to fire up their first Camel. It makes a perfect companion to the ""My First Martini"" gift set which has been so highly praised by educators like Bill Ayers and Ward Churchill, the duo who also gave us such delights as ""Bobby's First Bomb"" and ""Offing the Three Little Pigs"". For the less-educated, those are the colorful pop-up books designed to introduce kiddies to the fascinating world of class-hatred.All in all, if you - like millions of others - can't wait to introduce your little yuppie-larva to the joys of tobacco, alcohol, explosives and marxist anarchy, then this is a definite must!!",like real life like image imply value toy educational approach show toddler fire first camel make perfect companion first martini gift set highly praise educator like bill ayers ward churchill duo also give u delight bobby first bomb off three little pig lesseducated colorful popup book design introduce kiddy fascinating world classhatredall like million others cant wait introduce little yuppielarva joy tobacco alcohol explosive marxist anarchy definite must
svm,bow,falso_positivo,15977,negativo,positivo,3.2701887043047746,"Picture of Christ's Love: The love of Christ in my husband is what saved my marriage. My husband waited patiently for me to stop cheating, showed his love and devotion daily, and forgave before I asked for forgiveness. There was nothing tough about his unconditional love for me. We are more in love than ever before and cherish each other. He extended love to me I didn't deserve when I didn't deserve it...when I was deep in sin. Isn't that the picture of Christ's love for us? That very act of love on his part won my soul over to God.Understanding the Bible and God's nature is a good way to start on fixing your relationship and knowing boundaries.If you want a good book with good advice, read your Bible. If not, contact No Greater Joy Ministries and they have biblical books listing scripture after scripture. May God bless all you struggling in your marriage and give you unconditional love and strength to endure. The power of His love is amazing.",picture christ love love christ husband save marriage husband wait patiently stop cheating show love devotion daily forgive ask forgiveness nothing tough unconditional love love ever cherish extend love didnt deserve didnt deserve itwhen deep sin isnt picture christ love u act love part soul godunderstanding bible god nature good way start fix relationship know boundariesif want good book good advice read bible contact great joy ministry biblical book list scripture scripture may god bless struggle marriage give unconditional love strength endure power love amaze
svm,bow,falso_positivo,4300,negativo,positivo,3.2535109055005127,"A Great Book: This is a GREAT book! I was thrilled to find it at my library, because everyone told me that I should read it. This unique story shows how the March sisters deal with problems together. (I have two sisters, so I can relate to that). The four girls, Meg, Jo, Beth, and Amy, form a tight bond as they deal with frienships, money, marriages, and much more, during the civil war, when their father is away. When their mother, ""Marmee"" goes to help their sick father, they struggle to find any help for Amy, who is dreadfully ill with the scarlet fever. This, and many more problems fill their lives, and they learn to live a better life as they mature and grow strong within each other. This is a wonderful classic, and I encourage you to read the book,watch the movie, or listen to the cassete (of which I have done all three!).",great book great book thrill find library everyone tell read unique story show march sister deal problem together two sister relate four girl meg jo beth amy form tight bond deal frienships money marriage much civil war father away mother marmee go help sick father struggle find help amy dreadfully ill scarlet fever many problem fill life learn live good life mature grow strong within wonderful classic encourage read bookwatch movie listen cassete do three
svm,bow,falso_positivo,196881,negativo,positivo,3.186883623572149,Comic Book the Movie: This is a real treat for anyone who loves Comics. The special features alone were worth the movie price. Mark Hamill really gave a heart felt love letter to the Comic Fans. I really enjoyed picking out the voice over talents of some of my favorite cartoon stars as well. Mark truley hired a great grup of men and women who are all talents we dont get to see infront of a camera and gave them a plat form to do their stuff. His integration of the fictional comic book charater in to a real life comic book convention was fantastic. And of course it is always great to see Kevin Smith and Stan Lee.I believe everyone who loves comics as I do will get the inside jokes and the love of the industry and if you werent a comic fan before you just might be after you watch.Great job Mark!!!!,comic book movie real treat anyone love comic special feature alone worth movie price mark hamill really give heart felt love letter comic fan really enjoy pick voice talent favorite cartoon star well mark truley hire great grup men woman talent dont get see infront camera give plat form stuff integration fictional comic book charater real life comic book convention fantastic course always great see kevin smith stan leei believe everyone love comic get inside joke love industry werent comic fan might watchgreat job mark
svm,bow,falso_positivo,348949,negativo,positivo,3.1299428506418594,"Not perfect, But close to.: Now this is just my opinion but all free range hand-to-hand combat games are freaking awsome. Even if they dont have perfect grafics or any first person shooting capabilities. The grafics are obviously better than the first POP and the story is a bit better. Except the fact that the Dahaka kind of just came out of nowere and started attacking the prince. But overall this is a great free roaming/hand-2-hand fighting game. The controls are pretty easy to get used to and the game play is much easier and more challenging at the same time that The Sands of Time. Which consisted of fighting enemies as if they were boss battles. Plus the ability to control time makes you feel like god and be unstopable. The mazes are out of control and are amazing with the wall run/rope swing/ledge grab and jump ability. Good game.",perfect close opinion free range handtohand combat game freak awsome even dont perfect grafics first person shoot capability grafics obviously good first pop story bit well except fact dahaka kind come nowere start attack prince overall great free roaminghandhand fight game control pretty easy get use game play much easy challenging time sand time consist fight enemy boss battle plus ability control time make feel like god unstopable maze control amaze wall runrope swingledge grab jump ability good game
svm,bow,falso_negativo,321171,positivo,negativo,-4.541500440933217,"Awful!! Bad graphics, movements! Don't waste your money!: My husband and I convinced our 12 yr old to spend her hard earned money on this thinking that with Shrek, how could we go wrong? What a waste! The movements are rather difficult to master. The screen movements made me have motion sickness. My 12 yr old doesn't even bother trying to play it anymore. I could only play for about 10 minutes or so without getting nauseated. We will definitely have to make it up to her and get her a game that she likes. We will probably never buy another game without renting it first to try it out.",awful bad graphic movement dont waste money husband convince yr old spend hard earn money thinking shrek could go wrong waste movement rather difficult master screen movement make motion sickness yr old doesnt even bother try play anymore could play minute without get nauseate definitely make get game like probably never buy another game without rent first try
svm,bow,falso_negativo,197793,positivo,negativo,-4.459086407843156,"Metric Screw Checker: Used it for one screw, ok! OK! OK! OK! OK! OK! OK! OK! OK! OK! OK! OK! OK! OK! OK! OK! OK!",metric screw checker use one screw ok ok ok ok ok ok ok ok ok ok ok ok ok ok ok ok ok
svm,bow,falso_negativo,95858,positivo,negativo,-4.293474571001133,"Waste! Worst game ever!: This game is so corny, and cheap! When you first turn it on there is this giant monkey that uses a vacuum cleaner to suck up all of the bannannas out of the chimney! How bad is that! Then when you start playing you think it is so easy, then when you beat a couple levels these mokey go inside these magical balls and do this weird dance chanting ""Blah Blah Blah, Eie Eie Poo! Ok, this is where the game is getting weird. Then when you get to the third stage all of the sudden, the levels are almost impossible! So you are stuck and you can't play the game anymore. But in the 2 player mode it is kind of fun. But, after 5 minutes it get REALLY REALLY boring! This game is torture. Do not waste any money on this game!!!! (Because its worth half of a cent!)",waste bad game ever game corny cheap first turn giant monkey use vacuum clean suck bannannas chimney bad start play think easy beat couple level mokey go inside magical ball weird dance chant blah blah blah eie eie poo ok game get weird get third stage sudden level almost impossible stick cant play game anymore player mode kind fun minute get really really bore game torture waste money game worth half cent
svm,bow,falso_negativo,335705,positivo,negativo,-4.087483193626174,boring: this game is so average weve seen it all done before. ty is some aulstralian tiger thing and he has to collect these little dumb things. one word BORINGGG. ok if it had some decent music or a good storyline it would be a little better but it dosent. the music is so dull itll make you fall asleep. and the storyline is crap its just like any other completely lame. this game has graphics that are very bad. it seems that the designers of this game put good effort but failed misreably its a bad game that will never improve this genre. it also seems that the designers of this game were focuse on putting toghether a very common game. they didnt want to make it good or enjoyable they were simply just focused on giving it the common boring ingredeint of a platform game. and creating a mediocre game. doing only what is expected out of any platform game . there are some merits to the game but why get this with games like rachet and clank jak and daxter sly cooper or final fantasy x-2 out on the market.,bore game average weve see do ty aulstralian tiger thing collect little dumb thing one word boringgg ok decent music good storyline would little good dosent music dull itll make fall asleep storyline crap like completely lame game graphic bad seem designer game put good effort fail misreably bad game never improve genre also seem designer game focuse put toghether common game didnt want make good enjoyable simply focus give common boring ingredeint platform game create mediocre game expect platform game merit game get game like rachet clank jak daxter sly cooper final fantasy x market
svm,bow,falso_negativo,372105,positivo,negativo,-3.9620455311722016,"Great movies, horrible format: The good: the videos themselves are great, and recommended.The bad: despite what the description says, this is not a standard DVD. It won't play on computers, but will most likely play on your DVD player. It's basically an inherently defective disc that most DVD players will play anyway, but one of the shorts wouldn't play right on two different DVD players. Is it a problem with the burning process, or a problem with the poor attempt at DRM? Especially considering the price of the 2-disc set, I'd expect an actual working DVD. Since amazon doesn't give a warning about this not being an actual DVD, feel free to buy it, watch it, then return it. After all, you paid for a DVD and received less than a DVD. Also, who knows if whatever devices we're using 5 years from now to play DVDs will play this. I'm not even sure if your typical blue ray player will play this, so buyer beware.",great movie horrible format good videos great recommendedthe bad despite description say standard dvd wont play computer likely play dvd player basically inherently defective disc dvd player play anyway one short wouldnt play right two different dvd player problem burn process problem poor attempt drm especially consider price disc set id expect actual working dvd since amazon doesnt give warning actual dvd feel free buy watch return pay dvd receive less dvd also know whatever device use year play dvd play im even sure typical blue ray player play buyer beware
svm,bow,falso_negativo,336210,positivo,negativo,-3.820507249071098,Laughable comments: I see these supposedly scholars on here calling it rubbish and unscientific wherein they purport in believing that drivel about Darwinism as scientific proof. There proof extends to the fact that some fish crawled out of the sea millions of years ago began evoling and stood up as an ape. The ape climbed a tree and one day fell out breaking off it's tail which forced him to stand up. This is the drivel that the so called sudo science of Darwinism would have you believe. Instead of looking at the science Cremo has set forth they ridicule it.,laughable comment see supposedly scholar call rubbish unscientific wherein purport believe drivel darwinism scientific proof proof extends fact fish crawl sea million year ago begin evoling stand ape ape climb tree one day fell break tail force stand drivel called sudo science darwinism would believe instead look science cremo set forth ridicule
svm,bow,falso_negativo,176488,positivo,negativo,-3.7935259063990623,Stay away far away from this piece of garbage: If you think this is a newer verison of rares master piece Golden Eye think again. This game is made by EA games. EA has made a James Bond game before this and it [was bad] to. The game does not look to good but that does not make it a bad game. The game play is what is what makes it bad. Its very boreing James Bond games should not be boreing. The storyline is very dumb and dry. The multiplayer is also boreing and dumb. I got a little more than half way on this game and I stoped because it was so bad. The people who gave this game 5 stars are on drugs or work for EA games. dom man,stay away far away piece garbage think new verison rares master piece golden eye think game make ea game ea make james bond game bad game look good make bad game game play make bad boreing james bond game bore storyline dumb dry multiplayer also bore dumb get little half way game stop bad people give game star drug work ea game dom man
svm,bow,falso_negativo,68940,positivo,negativo,-3.7648271603041126,"Don't buy - EXTREMELY poor quality recording: The film and Sofia Loren's performance are 5 stars. The video quality is 0 stars. I expected less than perfect quality based on the previous reviews, but thought I would take a chance for 4.99. Sorry I did - I was unprepared for just how bad this is. Faces are just blurs. It doesn't track right in my VCR. It was poorly recorded in EP mode. What a waste - this film deserves better. Don't buy this - the ""Madacy Music Group Inc."" manufactured and distributed this video and don't deserve the profits. Included with the video is a brochure of other ""Hollywood Classics"" they have given this poor treatment. There is no excuse for this.",dont buy extremely poor quality record film sofia loren performance star video quality star expect less perfect quality base previous review think would take chance sorry unprepared bad face blur doesnt track right vcr poorly record ep mode waste film deserve good dont buy madacy music group inc manufacture distribute video dont deserve profit include video brochure hollywood classic give poor treatment excuse
svm,bow,falso_negativo,308652,positivo,negativo,-3.758087656735726,"Refutation of misleading and ill tempered 'customer review': As the author of this book, I am protesting for the second time about the innacurate and misleading so-called'customer review' of the work. As I mentiuones some months ago - the reviewer who accuses me of poor research is damnably poor himself. I quoted from Graham Hancock's Sign and the Seal - yet he accuses me of misquoting, claiming that he had read 'Harrison's book'. What the hell is he talking about. Unfriendly reviews I can stomach, after all 'de gustibus non disputandem' - but inaccurate and misleading reviews are anathema.Tim Wallace-Murphy",refutation misleading ill temper customer review author book protest second time innacurate misleading socalledcustomer review work mentiuones month ago reviewer accuse poor research damnably poor quote graham hancock sign seal yet accuse misquote claim read harrison book hell talk unfriendly review stomach de gustibus non disputandem inaccurate misleading review anathematim wallacemurphy
svm,bow,falso_negativo,52849,positivo,negativo,-3.556929740877112,"Poor Picture Quality DVD, is it a Bootleg DVD Amazon is selling?: I have a 62"" Sony TV. I could not believe the poor quality of the picture on this DVD. It looks like an old super 8 movie in some scenes. A am very disappointed. All the other DVD versions of the Harry Potter series look good except this one. How did they muck this up so bad? Is this DVD an actual Bootleg?I saw the movie in the theater and this DVD does not do it justice. If I were a star in this film, I certainly would not be happy about the poor quality of the DVD either. It makes them look bad.",poor picture quality dvd bootleg dvd amazon sell sony tv could believe poor quality picture dvd look like old super movie scene disappointed dvd version harry potter series look good except one muck bad dvd actual bootlegi saw movie theater dvd justice star film certainly would happy poor quality dvd either make look bad
naive_bayes,tfidf,falso_positivo,122016,negativo,positivo,5.165959986439674,"Se tima al mercado norteamericano con este CD.: _____Desafortunadamente para quienes les gusta el rock en español, y especialmente Duncan Dhu, este álbum representa un verdadero timo. Yo escribí el segundo comentario en esta página y me retractó de mi recomendación. En España se emitió este album bajo el nombre de ""Colección: 1985-1998"" y consta de dos CD's y más canciones representado toda la gama musical de esta agrupación, incluyendo cuatro canciones nuevas. Recomiendo a todos que traten de obtener la emisión española de este album (¡es mejor!) ya sea a través de una amistad o un comercio Internet español; porque verdaderamente ""Greatest Hits"" no vale la pena por lo que dejaron fuera. ¡Y ojalá la industria y su mercadotecnia dejen de timarnos! También les aconsejo enviar una queja a la casa grabadora (Warner) por vendernos tal subproducto en los Estados Unidos de América.",se tima al mercado norteamericano con este cd desafortunadamente para quienes les gusta el rock en español especialmente duncan dhu este álbum representa un verdadero timo yo escribí el segundo comentario en esta página retractó de mi recomendación en españa se emitió este album bajo el nombre de colección consta de do cd más canciones representado toda la gama musical de esta agrupación incluyendo cuatro canciones nuevas recomiendo todos que traten de obtener la emisión española de este album e mejor ya sea través de una amistad un comercio internet español porque verdaderamente great hit vale la pena por lo que dejaron fuera ojalá la industria su mercadotecnia dejen de timarnos también le aconsejo enviar una queja la casa grabadora warner por vendernos tal subproducto en los estados unidos de américa
naive_bayes,tfidf,falso_positivo,250569,negativo,positivo,4.873751127355163,"no para bebes: Me gusta la musica barroca y pense que este seria un buen CD para introducirla a mi bebe pero me desilusione desde la primera cancion. Tiene muchos altos y bajos, demasiadas variantes en los sonidos, lo cual no lo encuentro recomendable para bebes pues puede despertarle al cambiar la tonalidad de una cancion a otra. Encontre que no posee muy buen sonido de grabacion, escucho mucho bajo en la percusion, cosa que no he escuchado en otros CDs de musica barroca para adultos. He comprado CD de cuna en ingles, español y portugues, de todos estos este es el unico que no recomiendo.",para bebes gusta la musica barroca pense que este seria un buen cd para introducirla mi bebe pero desilusione desde la primera cancion tiene muchos alto bajos demasiadas variantes en los sonidos lo cual lo encuentro recomendable para bebes pues puede despertarle al cambiar la tonalidad de una cancion otra encontre que posee muy buen sonido de grabacion escucho mucho bajo en la percusion cosa que escuchado en otros cd de musica barroca para adultos comprado cd de cuna en ingles español portugues de todos estos este e el unico que recomiendo
naive_bayes,tfidf,falso_positivo,48146,negativo,positivo,4.660250406695468,"¿Esto es música? Patético...: Resulta que un buen día este chico se puso a berrear como él sabe y los abrazafarolas aplaudieron sin cesar... No es lo mismo que 1000 lametraserillos te compren el disco, que 1000000 estólidos. Igual que no es lo mismo un guardameta que un guarda te la meta. Lo malo es que este tipo ha hecho escuela, de manera que él y sus congéneres están haciendo escarnio del panorama musicológico español. Es para colgar no sólo a A.S. sino a todos estos que valiéndose del poder de manipulación de las fórmulas radiomusicales, hacen confabulaciones contra la música de más alta alcurnia. En definitiva no merece la pena comprar este pedazo de trasto. No obstante, no hagamos leña del arbol caído, ya vendrán tiempos mejores. Mientras tanto, siempre diré que de bien nacido es ser agradecido, y por lo tanto me compraré el greatest hits de Manolo Escobar.WATCH OUT!!!",esto e música patético resulta que un buen día este chico se puso berrear como él sabe los abrazafarolas aplaudieron sin cesar e lo mismo que lametraserillos te compren el disco que estólidos igual que e lo mismo un guardameta que un guarda te la meta lo malo e que este tipo ha hecho escuela de manera que él sus congéneres están haciendo escarnio del panorama musicológico español e para colgar sólo sino todos estos que valiéndose del poder de manipulación de la fórmulas radiomusicales hacen confabulaciones contra la música de más alta alcurnia en definitiva merece la pena comprar este pedazo de trasto obstante hagamos leña del arbol caído ya vendrán tiempos mejores mientras tanto siempre diré que de bien nacido e ser agradecido por lo tanto compraré el great hit de manolo escobarwatch
naive_bayes,tfidf,falso_positivo,180595,negativo,positivo,4.577552774351048,"!qué sosería!: Yes es el máximo ejemplo de grupo en el cual ""el todo es mucho más que la suma de las partes"". Salvo algún disco de Steve Howe y el Fish out of Water de Squire, todos los demás están a años luz no de la estética (que es lo de menos) sino de la calidad de los de Yes. Los de Jon Aderson son ejemplos palmarios de ésto. Cada uno de ellos tiene una orientación muy distinta pero todos tienen en común algo: son malísimos. Si exceptuamos el primero que, a pesar de las buenas críticas, es bastante soso aunque pasable, los demás rozan el ridículo. Patético, melífluo, aburrido, dulzón, etc. son adjetivos que se pueden aplicar a todos sus discos. Este no es una excepción. En este caso le toca el turno a la vena ecológico-naturista. Un conjunto de canciones con ruidos de pajarítos y demás efectos campestres para un olvidable ¿esfuerzo?. El disco sigue la máxima de ""como conseguir un dinerillo sin despeinarme"".",qué sosería yes es el máximo ejemplo de grupo en el cual el todo e mucho más que la suma de la partes salvo algún disco de steve howe el fish water de squire todos los demás están años luz de la estética que e lo de menos sino de la calidad de los de yes los de jon aderson son ejemplos palmarios de ésto cada uno de ellos tiene una orientación muy distinta pero todos tienen en común algo son malísimos si exceptuamos el primero que pesar de la buenas críticas es bastante soso aunque pasable los demás rozan el ridículo patético melífluo aburrido dulzón etc son adjetivos que se pueden aplicar todos sus disco este e una excepción en este caso le toca el turno la vena ecológiconaturista un conjunto de canciones con ruidos de pajarítos demás efectos campestres para un olvidable esfuerzo el disco sigue la máxima de como conseguir un dinerillo sin despeinarme
naive_bayes,tfidf,falso_positivo,240279,negativo,positivo,4.527193723232855,"No es el mismo concierto grabado en los cd's...: Felicito a Ednita por la gran calidad de sus dos CD's Acusticos. Tengo ambos y los considero de lo mejor de conciertos acusticos grabados hasta el momento. Lo que si no me parece que es promocionen este DVD como el mismo concierto si NO lo es.El concierto grabado en este DVD corresponde a un masivo que realizo Ednita como promocion de los CD's Acusticos, que segun sus propias palabras, no esperaba el exito obtenido. Esta situacion resulta en un engaño a sus seguidores, ya que compramos algo que no era, incluso la portada del DVD no corresponde al concierto que contiene, sino al grabado en los CD's. Me hubiera gustado que se vendiera en DVD la misma sesion de grabacion de los CD's, y no otra cosa, que si bien, es tambien de calidad, no se iguala con la altamente alcanzada en los CD's. Sugerencia para Ednita: tus fans de tantos años no nos merecemos este tipo de engaños publicitarios para comprar tu música, así que no permitas que este pase. Gracias",e el mismo concierto grabado en los cd felicito ednita por la gran calidad de sus dos cd acusticos tengo ambo los considero de lo mejor de conciertos acusticos grabados hasta el momento lo que si parece que es promocionen este dvd como el mismo concierto si lo esel concierto grabado en este dvd corresponde un masivo que realizo ednita como promocion de los cd acusticos que segun sus propias palabras esperaba el exito obtenido esta situacion resulta en un engaño sus seguidores ya que compramos algo que era incluso la portada del dvd corresponde al concierto que contiene sino al grabado en los cd hubiera gustado que se vendiera en dvd la misma sesion de grabacion de los cd otra cosa que si bien es tambien de calidad se iguala con la altamente alcanzada en los cd sugerencia para ednita tus fan de tantos años nos merecemos este tipo de engaños publicitarios para comprar tu música así que permitas que este pase gracias
naive_bayes,tfidf,falso_positivo,348571,negativo,positivo,4.46194689081112,"El Viaje a Ninguna Parte - La ruta hacia la decadencia: POR DIOS! Es imposible para los seguidores de Bunbury de antaño, ver como este hombre, que sin duda tiene gran talento, ha ido cavando su propia tumba. Desde la disolución de los Héroes del Silencio, Bunbury lentamente ha ido en descenso, y parece increible como la calidad de sus albumes ha decaido. Si se olvidasen los dos CD's anteriores (Flamingos y Pequeño) y se hiciera una comparación entre Radical Sonora y El Viaje a Ninguna Parte, se vería a este ultimo como algo catastrófico.El Viaje a Ninguna Parte no sorprende con su Música, y sus letras, en su gran mayoría, carecen de la emotividad y de la ironía que poseían sus canciones anteriores.Aun asi, para un fiel admirador de Bunbury, hara falta en su coleccion. Sin embargo, siendo el poseedor de una de las mejores voces y habiendo sido el mejor ""Frontman"" del Rock en Español, pudo haber hecho algo mucho mejor.",el viaje ninguna parte la ruta hacia la decadencia por dios es imposible para los seguidores de bunbury de antaño ver como este hombre que sin duda tiene gran talento ha ido cavando su propia tumba desde la disolución de los héroes del silencio bunbury lentamente ha ido en descenso parece increible como la calidad de sus albumes ha decaido si se olvidasen los dos cd anteriores flamingos pequeño se hiciera una comparación entre radical sonora el viaje ninguna parte se vería este ultimo como algo catastróficoel viaje ninguna parte sorprende con su música sus letras en su gran mayoría carecen de la emotividad de la ironía que poseían sus canciones anterioresaun asi para un fiel admirador de bunbury hara falta en su coleccion sin embargo siendo el poseedor de una de la mejores vox habiendo sido el mejor frontman del rock en español pudo haber hecho algo mucho mejor
naive_bayes,tfidf,falso_positivo,65298,negativo,positivo,4.4436551057286096,"Esto no es un grupo de Rock: So un fanatico del rock en español desde su epoca de oro en los 90's. Siempre me gusto la Ley desde sus principios mas goticos a la The Cure, hasta sus exploraciones mas electronicas. Este CD sin embargo me desilusionó por completo. Muy estilizado en el estudio deja de sonar a banda de rock para convertirse en el debut de solista de Beto Cuevas con una banda de estudio acompañante. Balada tras balada romantica se convierte monotono muy rapido. Inclusive su intento de tocar temas mas sociales como la guerra suenan forzados y poco profundos.",esto e un grupo de rock un fanatico del rock en español desde su epoca de oro en los siempre gusto la ley desde sus principios mas goticos la cure hasta sus exploraciones mas electronicas este cd sin embargo desilusionó por completo muy estilizado en el estudio deja de sonar banda de rock para convertirse en el debut de solista de beto cuevas con una banda de estudio acompañante balada tras balada romantica se convierte monotono muy rapido inclusive su intento de tocar temas ma sociales como la guerra suenan forzados poco profundos
naive_bayes,tfidf,falso_positivo,383329,negativo,positivo,4.386311389339156,"PESIMO!!: Pense que era una muy buena compra ya que la marca es bien reconocida. El primer defecto que le note fue que era muy ruidoso, pero trate de ignorarlo confiando que iba a resultarme bueno por su marca. A las dos semanas de usarlo a la copa para el seno se le abrieron grietas en el plastico, haciendo dificil poder succionar bien. Luego que logre conseguir el repuesto de la pieza, me sucedio que tres semanas despues no se por cual razon, dejo de succionar con fuerza y a dura pena lograba sacarme en 15 minutos 1 y 1/2 onzas cuando normalmente me sacaba 4 onzas en 10 minutos. Siento que para el valor del producto $79.99 fue una terrible compra ya que termine comprandome uno nuevo de distinta marca. Espero tener mejor suerte pues mi bebe apenas tiene 5 semanas y me falta mucho tiempo por delante de usar este aparato.",pesimo pense que era una muy buena compra ya que la marca e bien reconocida el primer defecto que le note fue que era muy ruidoso pero trate de ignorarlo confiando que iba resultarme bueno por su marca las do semanas de usarlo la copa para el seno se le abrieron grietas en el plastico haciendo dificil poder succionar bien luego que logre conseguir el repuesto de la pieza sucedio que tres semanas despues se por cual razon dejo de succionar con fuerza dura pena lograba sacarme en minutos onzas cuando normalmente sacaba onzas en minutos siento que para el valor del producto fue una terrible compra ya que termine comprandome uno nuevo de distinta marca espero tener mejor suerte pues mi bebe apenas tiene semanas falta mucho tiempo por delante de usar este aparato
naive_bayes,tfidf,falso_positivo,555,negativo,positivo,4.3505131793340865,"DECEPCIONADO: Me encanta leer libros de cocina y pense que este sería ""el libro"" para conocer arte y costumbres culinarias de otros paises. Como soy originario de México y ahora vivo en Brasil, lo primero que leí fue lo referente a estoa paises. QUE DECEPCIÓN!La idea del libro es excelente y seguramente la autora tuvo que viajar, leer y estudiar mucho, pero pienso que debió haber pedido ayuda a que revisaran sus capítulos personas conocedoras de cada país o región.Tiene muchos errores históricos, geográficos, culinarios y de ortografía del idioma original. Estoy preparando una lista de ellos que posteriormente enviaré.La felicito por su dedicación, perodes graciadamente el resultado no es del todo bueno.Hans Rio de Janeiro/Brasil",decepcionado encanta leer libros de cocina pense que este sería el libro para conocer arte costumbres culinarias de otros paises como soy originario de méxico ahora vivo en brasil lo primero que leí fue lo referente estoa paises que decepciónla idea del libro e excelente seguramente la autora tuvo que viajar leer estudiar mucho pero pienso que debió haber pedido ayuda que revisaran sus capítulos personas conocedoras de cada país regióntiene muchos errores históricos geográficos culinarios de ortografía del idioma original estoy preparando una lista de ellos que posteriormente enviaréla felicito por su dedicación perodes graciadamente el resultado e del todo buenohans rio de janeirobrasil
naive_bayes,tfidf,falso_positivo,302434,negativo,positivo,4.298799042528742,"Poca imaginación: Los amantes de las series de suspenso, sean de investigación privada o policial, esperan sorpresas, caminos nuevos y que la tensión en cada capítulo vaya subiendo se acuerdo a la conocida secuencia de ""hilo, nudo y desenlace"". En mi opinión, The Mentalist (1ra. Temporada) carece de ello. Incluso si uno la considerara dentro del género intermedio de la ""comedia policial"" (en el que se encuentra, por ejemplo, Bones), se la siente insípida y carente de imaginación.Cuando pienso en un mentalista lo asocio de inmediato a un ilusionista, al estilo del personaje de Harlequin, aquella maravillosa película inglesa con Robert Powell, Carmen Duncan, David Hemmings y Broderick Crawford, y siento que The Mentalist se encuentra a ""años luz"" de ella. Para mí, no vale la pena.",poca imaginación los amantes de la series de suspenso sean de investigación privada policial esperan sorpresas caminos nuevos que la tensión en cada capítulo vaya subiendo se acuerdo la conocida secuencia de hilo nudo desenlace en mi opinión mentalist ra temporada carece de ello incluso si uno la considerara dentro del género intermedio de la comedia policial en el que se encuentra por ejemplo bone se la siente insípida carente de imaginacióncuando pienso en un mentalista lo asocio de inmediato un ilusionista al estilo del personaje de harlequin aquella maravillosa película inglesa con robert powell carmen duncan david hemmings broderick crawford siento que mentalist se encuentra años luz de ella para mí vale la pena
naive_bayes,tfidf,falso_negativo,169018,positivo,negativo,-4.502814113676251,"Problems With Sony: Unit worked well. Remote was defective. Had to ship it at my expense with much paperwork and wait for return. This made receiver virtually useless. Received replacement and, you guessed it, same defect. More time with a useless home theater.Recent purchase from Samsung also had a bad remote. They sent a new remote with instructions to return the bad one in the same box using the supplied prepaid label only requiring a phone call for pickup. No paperwork-no hassle. Make your own comparison between companies.",problem sony unit work well remote defective ship expense much paperwork wait return make receiver virtually useless receive replacement guess defect time useless home theaterrecent purchase samsung also bad remote send new remote instruction return bad one box use supply prepaid label require phone call pickup paperworkno hassle make comparison company
naive_bayes,tfidf,falso_negativo,354233,positivo,negativo,-4.3915057575766525,"Now if they'd stop charging a premium for Mac users.: Regarding the C-Dilla issue... this is the statement from Intuit, makers of TurboTax. Keep in mind, it was never in the Mac software anyway.""In response to customer feedback, we have removed the technology from TurboTax 2003 products. In addition, Intuit is changing its policy and updating the TurboTax software license agreement, enabling customers to use TurboTax software to install, prepare, file and print multiple returns for themselves and their family from multiple computers.""I've always found TurboTax to be a very good product. If this C-Dilla issue proves to have been resolved, it may be again. However, their insistance that they need to charge a 25% premium for the Mac version is just foolish.",theyd stop charge premium mac user regard cdilla issue statement intuit maker turbotax keep mind never mac software anywayin response customer feedback remove technology turbotax product addition intuit change policy update turbotax software license agreement enable customer use turbotax software install prepare file print multiple return family multiple computersive always find turbotax good product cdilla issue prove resolve may however insistance need charge premium mac version foolish
naive_bayes,tfidf,falso_negativo,243762,positivo,negativo,-4.378904793864912,"Get what you pay for: These ink cartridges did not work out for me. When I purchased them I made sure they weren't remanufactured but somehow I missed in the ad that they were expired. When I got them they had an expiration date of 2006 but I thought I'd give them a try anyway. Everything came out pink. I contacted the seller, Better Than Retail, and they were wonderful to deal with, apologized for the inconvenience and refunded my money right away, no hassles. They said they had sold other expired ink cartridges with no complaints so I would say if you want to save a couple bucks you can try these expired cartridges, maybe they'll work okay and if not the seller is great to deal with.",get pay ink cartridge work purchase make sure werent remanufactured somehow miss ad expire get expiration date think id give try anyway everything come pink contact seller well retail wonderful deal apologize inconvenience refund money right away hassle say sell expired ink cartridge complaint would say want save couple buck try expired cartridge maybe theyll work okay seller great deal
naive_bayes,tfidf,falso_negativo,369309,positivo,negativo,-4.129408678822841,"Norton AntiVirus 2002 (DOWNLOAD): In an earlier review I trashed this product, because I could noteasily renew my virus protection subsctiption. Since then, I have discovered that by merely uninstalling Norton's completelyfrom my PC, then reinstalling it, I got another year's subscription free as a result. Symantec themselves gave me the idea of reinstalling in one of there Help pages, so I will take the free year as compensation for my earlier frustration. I don't care if this is legal or not. When someone offers me a gift through their own bumbling, how can I refuse?",norton antivirus download early review trash product could noteasily renew virus protection subsctiption since discover merely uninstalling nortons completelyfrom pc reinstall get another year subscription free result symantec give idea reinstall one help page take free year compensation early frustration dont care legal someone offer gift bumbling refuse
naive_bayes,tfidf,falso_negativo,388754,positivo,negativo,-3.9450468777504994,"Possibly a Great phone....BUT...: Great phone except I have 3 issues...1. phone locks up when accessing phone book... takes about 2 minutes to access the phone book... only about 20 entries in it...2. phone resets when attempting to access one particular picture in my out box... cannot access/send or even delete it... T-mobile says its a software issue... my vendor has about 4 weeks backorder for my replacement Amazon)... its only a few days old... :-/3. battery life is poor... after a full charge I got only 6 hours b4 shutdown , no calls were made only 4 pictures were taken and sent... (all lights are disabled) to attempt to improve battery. Also another day after a full charge and 1 hour on with t-mobile customer service phone shut off after about 14 hours...I am awaiting my replacement... outside of my return period... I hope my replacement phone is not corrupted and that the poor battery life is due to the bad software...",possibly great phonebut great phone except issue phone lock access phone book take minute access phone book entry phone reset attempt access one particular picture box accesssend even delete tmobile say software issue vendor week backorder replacement amazon day old battery life poor full charge get hour b shutdown call make picture take send light disable attempt improve battery also another day full charge hour tmobile customer service phone shut hoursi await replacement outside return period hope replacement phone corrupt poor battery life due bad software
naive_bayes,tfidf,falso_negativo,111849,positivo,negativo,-3.861325067436127,"Well worth the convenient ending...and all the typos: Hamilton's ending to TNG may be unworthy of his own writing, but it's high art compared to most other SF writers. This is an author who succeeds at things most writers don't even attempt--and that scores major points in my book. If his next book is this good and has 50 blank pages instead of an ending, I'll still pay its hardcover price.While I didn't consider this in my rating, I have to add that this book has more typos than anything I've ever read. If this book were any other product, you'd call it ""broken"" and return it. Missing words, double words, and misspellings abound (and no I'm not talking about British spellings). In places you don't so much read this novel as decypher it. I'd blame sloppy proofreading if I thought it was proofread at all (or even spell checked by a computer). It's embarrassing to have such a fine novel defaced like this. And it's a ripoff to the readers to deliver a book in this condition.",well worth convenient endingand typos hamilton end tng may unworthy writing high art compare sf writer author succeed thing writer dont even attemptand score major point book next book good blank page instead end ill still pay hardcover pricewhile didnt consider rating add book typo anything ive ever read book product youd call broken return miss word double word misspelling abound im talk british spelling place dont much read novel decypher id blame sloppy proofreading think proofread even spell check computer embarrassing fine novel deface like ripoff reader deliver book condition
naive_bayes,tfidf,falso_negativo,323752,positivo,negativo,-3.7877218297026047,"Item Not Received: After the time allotted for shipping had expired and attempts to contact the seller were unsuccessful I filed a claim with Amazon.com stating that I had not received the item. Amazon.com then was able to contact the seller and I received a full refund within one week. Apparently, the seller had already sold the item and failed to update their account.",item receive time allot shipping expire attempt contact seller unsuccessful file claim amazoncom state receive item amazoncom able contact seller receive full refund within one week apparently seller already sell item fail update account
naive_bayes,tfidf,falso_negativo,182024,positivo,negativo,-3.682391945025472,"Software not included: This product works well. The latency is horrible unless you use ASIO driver or download latest driver from the website.The so called included software bundle was non-existent. The CD was missing from the product packaging.,Amazon replaced it with another unit, and CD was still missing. I called up Behringer and after being given the run around with their all US support, I was told I had to download a huge list of software/samples from their website. I requested that they send a CD out to me. I was told to either return it to Amazon or download. I insisted on talking to a supervisor, and was told I will be called back. It has been 3 weeks since, and am yet to receive a call. So much for customer service.Amazon decided to pull the product from its website verify its content and now I see it back online, touting the CD. Don't understand how a batch of products can go without CD and how the manufacturer can simply get away without shipping one!",software include product work well latency horrible unless use asio driver download late driver websitethe call included software bundle nonexistent cd miss product packagingamazon replace another unit cd still miss call behringer give run around u support tell download huge list softwaresamples website request send cd tell either return amazon download insist talk supervisor tell call back week since yet receive call much customer serviceamazon decide pull product website verify content see back online tout cd dont understand batch product go without cd manufacturer simply get away without ship one
naive_bayes,tfidf,falso_negativo,372105,positivo,negativo,-3.67165995025578,"Great movies, horrible format: The good: the videos themselves are great, and recommended.The bad: despite what the description says, this is not a standard DVD. It won't play on computers, but will most likely play on your DVD player. It's basically an inherently defective disc that most DVD players will play anyway, but one of the shorts wouldn't play right on two different DVD players. Is it a problem with the burning process, or a problem with the poor attempt at DRM? Especially considering the price of the 2-disc set, I'd expect an actual working DVD. Since amazon doesn't give a warning about this not being an actual DVD, feel free to buy it, watch it, then return it. After all, you paid for a DVD and received less than a DVD. Also, who knows if whatever devices we're using 5 years from now to play DVDs will play this. I'm not even sure if your typical blue ray player will play this, so buyer beware.",great movie horrible format good videos great recommendedthe bad despite description say standard dvd wont play computer likely play dvd player basically inherently defective disc dvd player play anyway one short wouldnt play right two different dvd player problem burn process problem poor attempt drm especially consider price disc set id expect actual working dvd since amazon doesnt give warning actual dvd feel free buy watch return pay dvd receive less dvd also know whatever device use year play dvd play im even sure typical blue ray player play buyer beware
naive_bayes,tfidf,falso_negativo,316848,positivo,negativo,-3.629814957978269,"lasts a few months: My daughter received this toy at christmas and liked it. However, it started making humming noises and two of the wheels stopped spinning the week we got it. Now, in May, it is totally broken and doesn't go at all. She had only played with a few times prior to it breaking. It's a piece of garbage and poorly made. I wouldn't waste my money.",last month daughter receive toy christmas like however start make hum noise two wheel stop spin week get may totally broken doesnt go play time prior break piece garbage poorly make wouldnt waste money
svm,tfidf,falso_positivo,278540,negativo,positivo,3.2885953180067684,Great!: Got it for my brother. shipped in a well amount of time and was well made. awesome! he enjoyed it,great get brother ship well amount time well make awesome enjoy
svm,tfidf,falso_positivo,208462,negativo,positivo,3.0800405830461743,"Great family movie: I love to watch this movie with my grandchildren, they love it and I do too.Buy it you will enjoy it too.",great family movie love watch movie grandchild love toobuy enjoy
svm,tfidf,falso_positivo,76044,negativo,positivo,3.028422349417409,"solid: An avid ge fan will enjoy this cd. As other reviewers noted D-light is highly underrated as it rocks with typical goldenearring intensity. The lyrics are generally right on and both singers are pretty damm good . The variety of songs is quite interesting . Goldenearring was a progresive band so dont expect to hear the son of radar love on this cd , it takes a couple of listens to get the feel of the cd buts its worth it. The most underrated band in rock history who is still alive and well today , 2006.",solid avid ge fan enjoy cd reviewer note dlight highly underrated rock typical goldenearring intensity lyric generally right singer pretty damm good variety song quite interesting goldenearring progresive band dont expect hear son radar love cd take couple listens get feel cd buts worth underrated band rock history still alive well today
svm,tfidf,falso_positivo,359097,negativo,positivo,2.9235610033922845,"Excellent for the beginner.: David Holt starts with how to hold and tune the 5-string banjo and progresses from there. For the beginner, this is an excellent place to start. He describes and displays instructions that are clear and concise, then leaves plenty of time for you to practice and play along. His good humored approach is refreshing and easy to follow. It's like having a friend in the room, sharing his joy of playing, and helping you learn.",excellent beginner david holt start hold tune string banjo progress beginner excellent place start describes display instruction clear concise leave plenty time practice play along good humored approach refresh easy follow like friend room share joy playing help learn
svm,tfidf,falso_positivo,130725,negativo,positivo,2.901409607323947,"Interesting film.: Not really good, not bad. Interesting. Downey's performance was excellent and heartbreaking. He amazes me with his versatility. He can be totally silly, like in Friends and Lovers, or utterly brilliant, like in Restoration, which is a masterpiece, and everything in between. The man is a superb actor. He was definately the shining star in this one, although his part was small.",interest film really good bad interesting downeys performance excellent heartbreaking amaze versatility totally silly like friend lover utterly brilliant like restoration masterpiece everything man superb actor definately shin star one although part small
svm,tfidf,falso_positivo,51766,negativo,positivo,2.8595340409068855,"Great Bargain!: This is warm, beautiful, soft and a fabulous bargain! I highly recommend it... and buy the matching sheets! They're a wonderful combination!",great bargain warm beautiful soft fabulous bargain highly recommend buy matching sheet theyre wonderful combination
svm,tfidf,falso_positivo,80070,negativo,positivo,2.7372122781243786,"Excellent compilation Showcasing A Wonderful Singer: Lesley Gore - a name closely associated with all wonderful memories of growing up. Lesley has always been an underated artist both in England and Australia. When I am asked ""Lesley who?"" I simply play this complilation and, hey presto, another fan! An excellent compilation that shows all the love and care that has gone into its production. Lesley has recently toured here in Australia and is sounding better than ever. It is great to be able to play the golden oldies over and over knowing that, unlike the vinyl, the cd will not wear out. Thank you for giving me the chance to share Lesley's wonderful talents with an upcoming generation.",excellent compilation showcasing wonderful singer lesley gore name closely associate wonderful memory grow lesley always underated artist england australia ask lesley simply play complilation hey presto another fan excellent compilation show love care go production lesley recently tour australia sound well ever great able play golden oldie know unlike vinyl cd wear thank give chance share lesleys wonderful talent upcoming generation
svm,tfidf,falso_positivo,173394,negativo,positivo,2.7068942202235378,Loves Abiding Joy: The whole Love Comes Softly series is just great! Our family views them over and over because they have such excellent life messages.,love abide joy whole love come softly series great family view excellent life message
svm,tfidf,falso_positivo,76686,negativo,positivo,2.6753000773441227,Excellent: This is a great book. Martha Beck is a wonderful writer with clear insight. A must read for anyone seeking their true path in life.,excellent great book martha beck wonderful writer clear insight must read anyone seek true path life
svm,tfidf,falso_positivo,123730,negativo,positivo,2.6226374831469457,An awesome book......: It was great I loved the book it was sooo real I felt like I was there and that it actually happen it was a great book I recommend it. :),awesome book great love book sooo real felt like actually happen great book recommend
svm,tfidf,falso_negativo,316848,positivo,negativo,-4.227132891116364,"lasts a few months: My daughter received this toy at christmas and liked it. However, it started making humming noises and two of the wheels stopped spinning the week we got it. Now, in May, it is totally broken and doesn't go at all. She had only played with a few times prior to it breaking. It's a piece of garbage and poorly made. I wouldn't waste my money.",last month daughter receive toy christmas like however start make hum noise two wheel stop spin week get may totally broken doesnt go play time prior break piece garbage poorly make wouldnt waste money
svm,tfidf,falso_negativo,46050,positivo,negativo,-3.6699564332155132,"Don't waste your time or money...: DO NOT BUY THIS!!! After two uses, this guitar broke. The whammy bar stopped working, and the colors were not working properly. This stinks. Do not waste your time or money on this miniature collossal piece of crap.",dont waste time money buy two us guitar break whammy bar stop work color work properly stink waste time money miniature collossal piece crap
svm,tfidf,falso_negativo,321171,positivo,negativo,-3.647240386368896,"Awful!! Bad graphics, movements! Don't waste your money!: My husband and I convinced our 12 yr old to spend her hard earned money on this thinking that with Shrek, how could we go wrong? What a waste! The movements are rather difficult to master. The screen movements made me have motion sickness. My 12 yr old doesn't even bother trying to play it anymore. I could only play for about 10 minutes or so without getting nauseated. We will definitely have to make it up to her and get her a game that she likes. We will probably never buy another game without renting it first to try it out.",awful bad graphic movement dont waste money husband convince yr old spend hard earn money thinking shrek could go wrong waste movement rather difficult master screen movement make motion sickness yr old doesnt even bother try play anymore could play minute without get nauseate definitely make get game like probably never buy another game without rent first try
svm,tfidf,falso_negativo,353986,positivo,negativo,-3.449786786168058,"I thought it was going to be heavier.: I wished it put the weight/sized in the description. I was disappointing how light it was because my chops were already bad from the start, but they aren't horrible sticks, just lighter than expected.",think go heavy wish put weightsized description disappointing light chop already bad start arent horrible stick light expect
svm,tfidf,falso_negativo,200037,positivo,negativo,-3.316106403468722,"waste of money!!!!!!!: I just bought this game about 20 minutes ago. I played it for 5 minutes and wanted to throw it away. The graphics are weak, game play is choppy and it is an all around boring game. I really wished I rented it first. I am going to trade this one away a.s.a.p.",waste money buy game minute ago play minute want throw away graphic weak game play choppy around boring game really wish rent first go trade one away asap
svm,tfidf,falso_negativo,338116,positivo,negativo,-3.2062772162120248,BUY THIS: This product works great. Burns a long time and does not smell. Do not waste your money on any other products. I have tried them and they are horrible.,buy product work great burn long time smell waste money product try horrible
svm,tfidf,falso_negativo,141983,positivo,negativo,-3.1135792198425456,It stinks: This book is the worst strategy guide I have ever read. It either doesn't tell you a darn thing or tells you too much. Don't waste your money.,stink book bad strategy guide ever read either doesnt tell darn thing tell much dont waste money
svm,tfidf,falso_negativo,95858,positivo,negativo,-3.0483911219825623,"Waste! Worst game ever!: This game is so corny, and cheap! When you first turn it on there is this giant monkey that uses a vacuum cleaner to suck up all of the bannannas out of the chimney! How bad is that! Then when you start playing you think it is so easy, then when you beat a couple levels these mokey go inside these magical balls and do this weird dance chanting ""Blah Blah Blah, Eie Eie Poo! Ok, this is where the game is getting weird. Then when you get to the third stage all of the sudden, the levels are almost impossible! So you are stuck and you can't play the game anymore. But in the 2 player mode it is kind of fun. But, after 5 minutes it get REALLY REALLY boring! This game is torture. Do not waste any money on this game!!!! (Because its worth half of a cent!)",waste bad game ever game corny cheap first turn giant monkey use vacuum clean suck bannannas chimney bad start play think easy beat couple level mokey go inside magical ball weird dance chant blah blah blah eie eie poo ok game get weird get third stage sudden level almost impossible stick cant play game anymore player mode kind fun minute get really really bore game torture waste money game worth half cent
svm,tfidf,falso_negativo,372105,positivo,negativo,-2.87557148029097,"Great movies, horrible format: The good: the videos themselves are great, and recommended.The bad: despite what the description says, this is not a standard DVD. It won't play on computers, but will most likely play on your DVD player. It's basically an inherently defective disc that most DVD players will play anyway, but one of the shorts wouldn't play right on two different DVD players. Is it a problem with the burning process, or a problem with the poor attempt at DRM? Especially considering the price of the 2-disc set, I'd expect an actual working DVD. Since amazon doesn't give a warning about this not being an actual DVD, feel free to buy it, watch it, then return it. After all, you paid for a DVD and received less than a DVD. Also, who knows if whatever devices we're using 5 years from now to play DVDs will play this. I'm not even sure if your typical blue ray player will play this, so buyer beware.",great movie horrible format good videos great recommendedthe bad despite description say standard dvd wont play computer likely play dvd player basically inherently defective disc dvd player play anyway one short wouldnt play right two different dvd player problem burn process problem poor attempt drm especially consider price disc set id expect actual working dvd since amazon doesnt give warning actual dvd feel free buy watch return pay dvd receive less dvd also know whatever device use year play dvd play im even sure typical blue ray player play buyer beware
svm,tfidf,falso_negativo,58559,positivo,negativo,-2.8244842938574513,"Nice Product Idea...But....: This product is a great way of saving space. Unfortunately, I did not realize it would be as tiny as it was and when I attempted to return it, the seller was trying to charge me $10 for the return which would leave me with a difference of $8.99. Made no sense. I paid for the shipping originally and felt it should've been returned equally. Other than that, the product works well. Please beware of the size. It's extremely tiny.",nice product ideabut product great way save space unfortunately realize would tiny attempt return seller try charge return would leave difference make sense pay shipping originally felt shouldve return equally product work well please beware size extremely tiny
